Date,High,Low,Open,Close,Volume,Adj Close
2017-08-07,37.099998474121094,36.59000015258789,36.95000076293945,36.83000183105469,120600.0,36.02417755126953
2017-08-08,37.11000061035156,36.279998779296875,36.7599983215332,36.380001068115234,178100.0,35.58401870727539
2017-08-09,36.41999816894531,36.029998779296875,36.290000915527344,36.20000076293945,130400.0,35.407958984375
2017-08-10,36.43000030517578,35.279998779296875,36.0,35.290000915527344,148900.0,34.51787185668945
2017-08-11,35.779998779296875,34.79999923706055,35.0099983215332,35.369998931884766,152700.0,34.59611892700195
2017-08-14,36.369998931884766,35.599998474121094,35.599998474121094,36.369998931884766,84000.0,35.57423782348633
2017-08-15,36.41999816894531,35.779998779296875,36.41999816894531,35.849998474121094,88700.0,35.06561279296875
2017-08-16,36.13999938964844,35.72999954223633,36.08000183105469,35.90999984741211,83500.0,35.12430953979492
2017-08-17,35.91999816894531,35.16999816894531,35.77000045776367,35.18000030517578,82900.0,34.410282135009766
2017-08-18,35.4900016784668,34.33000183105469,34.95000076293945,35.22999954223633,84900.0,34.45918273925781
2017-08-21,35.529998779296875,35.06999969482422,35.16999816894531,35.43000030517578,97800.0,34.65480041503906
2017-08-22,35.88999938964844,35.599998474121094,35.630001068115234,35.709999084472656,61100.0,34.92867660522461
2017-08-23,35.709999084472656,35.119998931884766,35.5,35.130001068115234,69600.0,34.36137008666992
2017-08-24,35.4900016784668,35.08000183105469,35.220001220703125,35.310001373291016,42800.0,34.537437438964844
2017-08-25,35.779998779296875,35.29999923706055,35.5099983215332,35.540000915527344,75200.0,34.76240158081055
2017-08-28,35.75,35.2400016784668,35.68000030517578,35.36000061035156,98300.0,34.58633804321289
2017-08-29,35.709999084472656,35.02000045776367,35.130001068115234,35.540000915527344,202700.0,34.76240158081055
2017-08-30,36.16999816894531,35.5099983215332,35.56999969482422,36.04999923706055,147700.0,35.2612419128418
2017-08-31,36.25,35.7400016784668,36.25,36.060001373291016,129400.0,35.27102279663086
2017-09-01,36.290000915527344,35.97999954223633,36.13999938964844,36.25,180200.0,35.456871032714844
2017-09-05,36.34000015258789,35.72999954223633,36.13999938964844,35.86000061035156,121100.0,35.075401306152344
2017-09-06,35.97999954223633,34.79999923706055,35.97999954223633,35.06999969482422,193200.0,34.30268478393555
2017-09-07,35.15999984741211,34.27000045776367,35.15999984741211,34.56999969482422,224800.0,33.813621520996094
2017-09-08,34.970001220703125,34.25,34.4900016784668,34.540000915527344,114400.0,33.78428268432617
2017-09-11,35.540000915527344,34.880001068115234,34.880001068115234,35.2599983215332,166600.0,34.488525390625
2017-09-12,35.58000183105469,35.16999816894531,35.310001373291016,35.40999984741211,211200.0,34.635250091552734
2017-09-13,35.529998779296875,35.13999938964844,35.31999969482422,35.25,273800.0,34.47874450683594
2017-09-14,35.54999923706055,35.029998779296875,35.029998779296875,35.349998474121094,387200.0,34.576560974121094
2017-09-15,35.33000183105469,34.93000030517578,35.25,35.2599983215332,581200.0,34.488525390625
2017-09-18,36.7400016784668,35.369998931884766,35.369998931884766,36.54999923706055,293500.0,35.75029754638672
2017-09-19,37.720001220703125,36.45000076293945,36.65999984741211,37.709999084472656,413700.0,36.884918212890625
2017-09-20,39.310001373291016,37.099998474121094,37.779998779296875,38.880001068115234,486800.0,38.029319763183594
2017-09-21,38.75,37.54999923706055,38.7400016784668,37.560001373291016,307500.0,36.73820495605469
2017-09-22,37.66999816894531,36.869998931884766,37.56999969482422,36.939998626708984,333400.0,36.131771087646484
2017-09-25,37.209999084472656,36.84000015258789,36.9900016784668,37.02000045776367,389100.0,36.21002197265625
2017-09-26,37.220001220703125,36.7400016784668,37.220001220703125,36.97999954223633,160900.0,36.17089080810547
2017-09-27,38.16999816894531,37.13999938964844,37.279998779296875,38.06999969482422,225300.0,37.23704528808594
2017-09-28,38.09000015258789,37.40999984741211,37.849998474121094,37.779998779296875,212400.0,36.953399658203125
2017-09-29,38.25,37.72999954223633,37.83000183105469,37.779998779296875,172000.0,36.953399658203125
2017-10-02,38.61000061035156,37.7599983215332,37.900001525878906,38.54999923706055,323400.0,37.70654296875
2017-10-03,39.130001068115234,38.29999923706055,38.599998474121094,39.130001068115234,211500.0,38.273860931396484
2017-10-04,39.34000015258789,38.79999923706055,39.150001525878906,39.18000030517578,126200.0,38.3227653503418
2017-10-05,39.709999084472656,38.97999954223633,39.220001220703125,39.060001373291016,159300.0,38.20538330078125
2017-10-06,39.16999816894531,38.7400016784668,39.029998779296875,38.849998474121094,117000.0,37.999977111816406
2017-10-09,39.560001373291016,38.779998779296875,39.06999969482422,38.86000061035156,166100.0,38.009761810302734
2017-10-10,39.20000076293945,38.5099983215332,39.20000076293945,38.70000076293945,312200.0,37.85326385498047
2017-10-11,38.720001220703125,37.779998779296875,38.599998474121094,38.43000030517578,208900.0,37.58917236328125
2017-10-12,38.72999954223633,38.220001220703125,38.2599983215332,38.59000015258789,185000.0,37.74566650390625
2017-10-13,38.779998779296875,38.400001525878906,38.720001220703125,38.5,300500.0,37.65763854980469
2017-10-16,38.79999923706055,38.150001525878906,38.66999816894531,38.38999938964844,103500.0,37.55004119873047
2017-10-17,38.40999984741211,38.11000061035156,38.27000045776367,38.2400016784668,73000.0,37.4033317565918
2017-10-18,38.720001220703125,38.22999954223633,38.40999984741211,38.61000061035156,96000.0,37.765228271484375
2017-10-19,38.47999954223633,38.0099983215332,38.43000030517578,38.47999954223633,83300.0,37.63807678222656
2017-10-20,38.7599983215332,38.5099983215332,38.709999084472656,38.7599983215332,139600.0,37.985984802246094
2017-10-23,38.900001525878906,38.52000045776367,38.75,38.650001525878906,205400.0,37.87818145751953
2017-10-24,38.939998626708984,38.4900016784668,38.779998779296875,38.79999923706055,150200.0,38.02518844604492
2017-10-25,39.029998779296875,38.540000915527344,38.79999923706055,38.70000076293945,107200.0,37.927188873291016
2017-10-26,39.16999816894531,38.470001220703125,38.90999984741211,38.66999816894531,114500.0,37.89778518676758
2017-10-27,38.95000076293945,38.34000015258789,38.66999816894531,38.61000061035156,114800.0,37.83898162841797
2017-10-30,38.93000030517578,38.029998779296875,38.439998626708984,38.7599983215332,245600.0,37.985984802246094
2017-10-31,39.0,38.5099983215332,38.93000030517578,38.88999938964844,174600.0,38.1133918762207
2017-11-01,41.939998626708984,39.0,39.0,41.060001373291016,401200.0,40.24005889892578
2017-11-02,41.4900016784668,40.15999984741211,41.040000915527344,41.31999969482422,252400.0,40.4948616027832
2017-11-03,41.47999954223633,40.369998931884766,41.47999954223633,40.400001525878906,237900.0,39.59324264526367
2017-11-06,40.58000183105469,40.20000076293945,40.29999923706055,40.40999984741211,138100.0,39.6030387878418
2017-11-07,40.65999984741211,39.959999084472656,40.34000015258789,40.58000183105469,295200.0,39.7696418762207
2017-11-08,40.9900016784668,40.16999816894531,40.59000015258789,40.619998931884766,221700.0,39.80884552001953
2017-11-09,40.91999816894531,40.2400016784668,40.52000045776367,40.369998931884766,308400.0,39.56383514404297
2017-11-10,40.41999816894531,39.880001068115234,40.2599983215332,40.11000061035156,169700.0,39.30902862548828
2017-11-13,40.40999984741211,39.70000076293945,39.86000061035156,40.08000183105469,266500.0,39.27962875366211
2017-11-14,40.029998779296875,39.54999923706055,39.810001373291016,39.93000030517578,153900.0,39.132625579833984
2017-11-15,39.810001373291016,39.29999923706055,39.7400016784668,39.439998626708984,266600.0,38.652408599853516
2017-11-16,40.16999816894531,39.43000030517578,39.45000076293945,39.970001220703125,147600.0,39.17182159423828
2017-11-17,39.939998626708984,39.40999984741211,39.75,39.68000030517578,374000.0,38.88761520385742
2017-11-20,40.130001068115234,39.470001220703125,39.83000183105469,39.9900016784668,218200.0,39.19142532348633
2017-11-21,40.81999969482422,40.209999084472656,40.209999084472656,40.630001068115234,169300.0,39.818641662597656
2017-11-22,40.90999984741211,40.5,40.689998626708984,40.59000015258789,78100.0,39.779441833496094
2017-11-24,40.90999984741211,40.380001068115234,40.630001068115234,40.70000076293945,38500.0,39.88724899291992
2017-11-27,41.0099983215332,40.40999984741211,40.72999954223633,40.779998779296875,238700.0,39.96564483642578
2017-11-28,41.540000915527344,40.619998931884766,40.93000030517578,41.45000076293945,120600.0,40.62227249145508
2017-11-29,41.7599983215332,40.91999816894531,41.52000045776367,41.369998931884766,103400.0,40.543861389160156
2017-11-30,41.900001525878906,41.2400016784668,41.54999923706055,41.58000183105469,104200.0,40.74967956542969
2017-12-01,41.5,39.790000915527344,41.5,41.15999984741211,195800.0,40.33805847167969
2017-12-04,42.4900016784668,41.54999923706055,42.0,42.16999816894531,268600.0,41.327884674072266
2017-12-05,42.56999969482422,41.77000045776367,42.45000076293945,42.189998626708984,225700.0,41.34749221801758
2017-12-06,42.68000030517578,42.040000915527344,42.16999816894531,42.470001220703125,156200.0,41.62190628051758
2017-12-07,42.81999969482422,41.79999923706055,42.43000030517578,42.70000076293945,193600.0,41.84730529785156
2017-12-08,42.81999969482422,42.290000915527344,42.77000045776367,42.369998931884766,215500.0,41.52389144897461
2017-12-11,42.439998626708984,41.630001068115234,42.439998626708984,41.75,179400.0,40.916282653808594
2017-12-12,42.0099983215332,41.599998474121094,41.9900016784668,41.689998626708984,110700.0,40.85746765136719
2017-12-13,42.099998474121094,41.54999923706055,41.70000076293945,41.65999984741211,161400.0,40.82807540893555
2017-12-14,42.15999984741211,41.13999938964844,41.72999954223633,41.25,172700.0,40.426265716552734
2017-12-15,42.869998931884766,41.439998626708984,41.439998626708984,42.65999984741211,462100.0,41.808101654052734
2017-12-18,43.41999816894531,42.7400016784668,42.93000030517578,43.20000076293945,129200.0,42.33732223510742
2017-12-19,43.439998626708984,42.650001525878906,43.2400016784668,42.779998779296875,160400.0,41.92571258544922
2017-12-20,43.150001525878906,42.7400016784668,42.970001220703125,43.029998779296875,120000.0,42.170719146728516
2017-12-21,44.040000915527344,42.58000183105469,43.11000061035156,43.95000076293945,324000.0,43.07233810424805
2017-12-22,42.060001373291016,39.13999938964844,40.95000076293945,40.209999084472656,1250300.0,39.40703201293945
2017-12-26,40.709999084472656,39.95000076293945,39.97999954223633,40.150001525878906,409400.0,39.348228454589844
2017-12-27,40.470001220703125,39.40999984741211,40.33000183105469,39.650001525878906,288000.0,38.85821533203125
2017-12-28,39.88999938964844,39.189998626708984,39.810001373291016,39.59000015258789,323300.0,38.79941940307617
2017-12-29,39.72999954223633,39.060001373291016,39.72999954223633,39.290000915527344,254000.0,38.50540542602539
2018-01-02,39.720001220703125,39.08000183105469,39.5,39.45000076293945,471100.0,38.662208557128906
2018-01-03,39.52000045776367,39.029998779296875,39.380001068115234,39.13999938964844,364700.0,38.3583984375
2018-01-04,39.45000076293945,38.720001220703125,39.22999954223633,38.75,333500.0,37.9761848449707
2018-01-05,38.97999954223633,38.560001373291016,38.83000183105469,38.83000183105469,226800.0,38.054595947265625
2018-01-08,39.29999923706055,38.0099983215332,38.790000915527344,39.18000030517578,237200.0,38.397605895996094
2018-01-09,39.41999816894531,38.709999084472656,39.25,38.72999954223633,198200.0,37.95658493041992
2018-01-10,38.66999816894531,38.04999923706055,38.529998779296875,38.52000045776367,194700.0,37.75077819824219
2018-01-11,39.189998626708984,38.279998779296875,38.529998779296875,38.90999984741211,316300.0,38.13298416137695
2018-01-12,42.7599983215332,40.349998474121094,41.36000061035156,41.72999954223633,394100.0,40.89667892456055
2018-01-16,43.08000183105469,40.75,42.5099983215332,41.02000045776367,415400.0,40.20085906982422
2018-01-17,41.400001525878906,40.7599983215332,41.36000061035156,41.150001525878906,259900.0,40.3282585144043
2018-01-18,41.220001220703125,40.810001373291016,41.18000030517578,40.97999954223633,280700.0,40.16164779663086
2018-01-19,41.86000061035156,40.939998626708984,41.040000915527344,41.79999923706055,223800.0,41.04039001464844
2018-01-22,41.75,40.97999954223633,41.61000061035156,41.029998779296875,152800.0,40.284385681152344
2018-01-23,41.06999969482422,40.400001525878906,40.79999923706055,40.439998626708984,197700.0,39.70510482788086
2018-01-24,40.810001373291016,40.400001525878906,40.400001525878906,40.63999938964844,226300.0,39.90147399902344
2018-01-25,41.060001373291016,40.54999923706055,40.880001068115234,40.630001068115234,149100.0,39.89165496826172
2018-01-26,41.0,40.43000030517578,40.7400016784668,40.97999954223633,272200.0,40.235286712646484
2018-01-29,41.5,40.61000061035156,40.970001220703125,40.619998931884766,191400.0,39.881832122802734
2018-01-30,40.40999984741211,39.880001068115234,40.40999984741211,39.959999084472656,162000.0,39.233829498291016
2018-01-31,40.54999923706055,40.040000915527344,40.29999923706055,40.470001220703125,394700.0,39.73456573486328
2018-02-01,40.65999984741211,39.61000061035156,40.36000061035156,39.81999969482422,203500.0,39.09636306762695
2018-02-02,39.630001068115234,39.18000030517578,39.5,39.220001220703125,245900.0,38.50727844238281
2018-02-05,39.22999954223633,36.959999084472656,39.0,37.38999938964844,397700.0,36.71052932739258
2018-02-06,38.099998474121094,36.459999084472656,36.4900016784668,38.099998474121094,536800.0,37.407630920410156
2018-02-07,38.220001220703125,37.5,38.029998779296875,37.560001373291016,190700.0,36.87744140625
2018-02-08,42.36000061035156,38.529998779296875,41.9900016784668,38.540000915527344,764800.0,37.83963394165039
2018-02-09,39.349998474121094,38.0,38.88999938964844,39.060001373291016,484500.0,38.35018539428711
2018-02-12,39.93000030517578,38.61000061035156,39.209999084472656,39.7400016784668,262800.0,39.01782989501953
2018-02-13,39.86000061035156,39.130001068115234,39.47999954223633,39.79999923706055,265000.0,39.07673645019531
2018-02-14,40.95000076293945,39.52000045776367,39.52000045776367,40.849998474121094,252700.0,40.10765075683594
2018-02-15,42.15999984741211,40.970001220703125,41.15999984741211,42.029998779296875,201100.0,41.266212463378906
2018-02-16,42.91999816894531,41.619998931884766,41.95000076293945,42.5,588500.0,41.72766876220703
2018-02-20,42.93000030517578,42.18000030517578,42.27000045776367,42.65999984741211,301500.0,41.88475799560547
2018-02-21,44.13999938964844,42.22999954223633,42.650001525878906,43.400001525878906,243800.0,42.61131286621094
2018-02-22,43.95000076293945,43.150001525878906,43.65999984741211,43.209999084472656,152400.0,42.424766540527344
2018-02-23,43.84000015258789,43.0099983215332,43.5099983215332,43.619998931884766,128200.0,42.82731246948242
2018-02-26,43.9900016784668,43.38999938964844,43.709999084472656,43.7400016784668,135300.0,42.94514083862305
2018-02-27,44.25,42.9900016784668,43.81999969482422,43.0,209800.0,42.21858596801758
2018-02-28,43.560001373291016,42.58000183105469,43.2599983215332,42.58000183105469,160000.0,41.80622100830078
2018-03-01,42.86000061035156,41.099998474121094,42.58000183105469,41.40999984741211,199000.0,40.65747833251953
2018-03-02,42.599998474121094,40.869998931884766,41.150001525878906,42.4900016784668,261400.0,41.71784973144531
2018-03-05,42.75,41.7599983215332,42.310001373291016,42.529998779296875,112100.0,41.75712203979492
2018-03-06,43.150001525878906,42.02000045776367,42.709999084472656,43.09000015258789,157300.0,42.30695343017578
2018-03-07,43.5,42.220001220703125,42.75,43.400001525878906,122500.0,42.61131286621094
2018-03-08,44.04999923706055,43.09000015258789,43.61000061035156,43.790000915527344,144400.0,42.99422836303711
2018-03-09,44.97999954223633,43.77000045776367,44.029998779296875,44.900001525878906,270700.0,44.08405685424805
2018-03-12,45.4900016784668,44.630001068115234,45.0,44.880001068115234,210700.0,44.064422607421875
2018-03-13,45.599998474121094,44.33000183105469,45.119998931884766,44.38999938964844,163000.0,43.58332061767578
2018-03-14,45.099998474121094,43.439998626708984,44.66999816894531,43.72999954223633,210500.0,42.9353141784668
2018-03-15,44.15999984741211,43.470001220703125,43.939998626708984,43.58000183105469,196700.0,42.788047790527344
2018-03-16,43.599998474121094,42.810001373291016,43.560001373291016,43.33000183105469,668200.0,42.54258728027344
2018-03-19,43.25,42.04999923706055,43.22999954223633,42.81999969482422,250500.0,42.041847229003906
2018-03-20,43.11000061035156,42.470001220703125,42.84000015258789,42.95000076293945,270100.0,42.16948699951172
2018-03-21,44.369998931884766,40.130001068115234,40.130001068115234,43.72999954223633,409800.0,42.9353141784668
2018-03-22,44.18000030517578,42.810001373291016,43.54999923706055,42.900001525878906,394800.0,42.12040328979492
2018-03-23,43.47999954223633,41.869998931884766,42.88999938964844,41.91999816894531,314400.0,41.158206939697266
2018-03-26,43.75,42.2599983215332,42.619998931884766,43.70000076293945,298400.0,42.90586471557617
2018-03-27,44.79999923706055,43.45000076293945,43.880001068115234,44.029998779296875,377600.0,43.229862213134766
2018-03-28,44.18000030517578,43.15999984741211,44.029998779296875,43.52000045776367,343000.0,42.729129791259766
2018-03-29,44.68000030517578,43.75,43.75,44.11000061035156,261300.0,43.30841064453125
2018-04-02,44.11000061035156,42.09000015258789,43.939998626708984,42.470001220703125,218400.0,41.698219299316406
2018-04-03,42.900001525878906,42.290000915527344,42.560001373291016,42.59000015258789,334800.0,41.81603240966797
2018-04-04,43.54999923706055,42.0,42.06999969482422,43.41999816894531,348700.0,42.63094711303711
2018-04-05,44.189998626708984,43.529998779296875,43.720001220703125,44.06999969482422,297200.0,43.26913833618164
2018-04-06,44.22999954223633,42.9900016784668,43.75,43.22999954223633,334900.0,42.44440460205078
2018-04-09,43.68000030517578,42.619998931884766,43.63999938964844,42.689998626708984,156400.0,41.91421890258789
2018-04-10,43.900001525878906,42.81999969482422,43.2400016784668,43.630001068115234,190700.0,42.83714294433594
2018-04-11,44.47999954223633,43.439998626708984,43.439998626708984,43.79999923706055,157900.0,43.00404357910156
2018-04-12,44.709999084472656,43.90999984741211,43.90999984741211,44.31999969482422,173200.0,43.51459503173828
2018-04-13,44.650001525878906,44.18000030517578,44.400001525878906,44.529998779296875,177900.0,43.72077560424805
2018-04-16,44.7400016784668,43.20000076293945,44.599998474121094,43.86000061035156,441500.0,43.06296157836914
2018-04-17,45.4900016784668,44.04999923706055,44.16999816894531,44.720001220703125,266800.0,43.90732192993164
2018-04-18,45.43000030517578,44.5,45.02000045776367,45.349998474121094,319300.0,44.525882720947266
2018-04-19,45.90999984741211,45.02000045776367,45.25,45.45000076293945,162600.0,44.62405776977539
2018-04-20,45.72999954223633,44.810001373291016,45.349998474121094,45.0,226400.0,44.1822395324707
2018-04-23,45.279998779296875,44.720001220703125,44.90999984741211,44.869998931884766,299800.0,44.054595947265625
2018-04-24,45.33000183105469,43.90999984741211,45.04999923706055,44.52000045776367,150700.0,43.71095275878906
2018-04-25,45.11000061035156,43.75,44.560001373291016,44.349998474121094,140000.0,43.54405212402344
2018-04-26,44.650001525878906,43.9900016784668,44.54999923706055,44.2400016784668,92500.0,43.43605041503906
2018-04-27,44.29999923706055,43.599998474121094,44.29999923706055,43.97999954223633,103400.0,43.18077850341797
2018-04-30,44.27000045776367,43.290000915527344,44.029998779296875,43.29999923706055,98100.0,42.58575439453125
2018-05-01,43.560001373291016,42.54999923706055,43.20000076293945,43.470001220703125,223800.0,42.75294876098633
2018-05-02,44.040000915527344,43.34000015258789,43.47999954223633,43.40999984741211,99000.0,42.69393539428711
2018-05-03,43.709999084472656,42.84000015258789,43.20000076293945,43.52000045776367,118900.0,42.8021240234375
2018-05-04,44.650001525878906,43.29999923706055,43.40999984741211,44.38999938964844,96600.0,43.657772064208984
2018-05-07,45.4900016784668,44.4900016784668,44.4900016784668,45.31999969482422,223000.0,44.57243347167969
2018-05-08,46.52000045776367,44.970001220703125,44.970001220703125,46.45000076293945,187900.0,45.683799743652344
2018-05-09,47.36000061035156,46.54999923706055,46.63999938964844,47.11000061035156,163100.0,46.33290481567383
2018-05-10,47.56999969482422,46.40999984741211,47.27000045776367,47.119998931884766,148300.0,46.34274673461914
2018-05-11,47.220001220703125,46.54999923706055,47.220001220703125,46.810001373291016,134800.0,46.0378532409668
2018-05-14,46.970001220703125,46.16999816894531,46.88999938964844,46.369998931884766,129400.0,45.6051139831543
2018-05-15,46.84000015258789,46.15999984741211,46.22999954223633,46.43000030517578,89200.0,45.664119720458984
2018-05-16,46.93000030517578,46.34000015258789,46.63999938964844,46.599998474121094,224300.0,45.831321716308594
2018-05-17,47.0,46.59000015258789,46.689998626708984,46.709999084472656,167700.0,45.93950653076172
2018-05-18,47.15999984741211,46.66999816894531,46.900001525878906,46.90999984741211,142200.0,46.136207580566406
2018-05-21,47.970001220703125,47.11000061035156,47.189998626708984,47.70000076293945,142300.0,46.913177490234375
2018-05-22,46.09000015258789,42.93000030517578,46.0,43.90999984741211,717800.0,43.185691833496094
2018-05-23,44.54999923706055,43.54999923706055,43.54999923706055,44.36000061035156,191500.0,43.628265380859375
2018-05-24,44.68000030517578,44.15999984741211,44.209999084472656,44.310001373291016,108300.0,43.5790901184082
2018-05-25,44.439998626708984,44.150001525878906,44.18000030517578,44.310001373291016,75500.0,43.5790901184082
2018-05-29,44.4900016784668,43.77000045776367,43.9900016784668,43.93000030517578,172300.0,43.20536422729492
2018-05-30,45.43000030517578,44.119998931884766,44.209999084472656,45.220001220703125,142300.0,44.474082946777344
2018-05-31,45.189998626708984,44.52000045776367,45.15999984741211,44.689998626708984,91700.0,43.952823638916016
2018-06-01,45.619998931884766,45.02000045776367,45.029998779296875,45.31999969482422,122900.0,44.57243347167969
2018-06-04,46.29999923706055,45.470001220703125,45.470001220703125,46.2599983215332,133400.0,45.49692916870117
2018-06-05,47.56999969482422,45.83000183105469,46.22999954223633,47.27000045776367,384500.0,46.490272521972656
2018-06-06,47.61000061035156,46.709999084472656,47.189998626708984,47.459999084472656,309500.0,46.677127838134766
2018-06-07,47.66999816894531,47.099998474121094,47.54999923706055,47.5099983215332,398600.0,46.7263069152832
2018-06-08,47.689998626708984,47.15999984741211,47.40999984741211,47.630001068115234,256100.0,46.844337463378906
2018-06-11,47.810001373291016,46.86000061035156,47.61000061035156,47.77000045776367,178700.0,46.982025146484375
2018-06-12,48.5,47.79999923706055,47.900001525878906,48.43000030517578,247000.0,47.631134033203125
2018-06-13,48.779998779296875,48.29999923706055,48.41999816894531,48.650001525878906,258300.0,47.84750747680664
2018-06-14,49.04999923706055,47.52000045776367,48.810001373291016,47.95000076293945,262000.0,47.15904998779297
2018-06-15,47.630001068115234,46.810001373291016,47.630001068115234,47.29999923706055,453900.0,46.51976776123047
2018-06-18,48.029998779296875,46.88999938964844,47.119998931884766,47.900001525878906,158800.0,47.1098747253418
2018-06-19,47.849998474121094,46.72999954223633,47.59000015258789,47.31999969482422,184700.0,46.539451599121094
2018-06-20,47.959999084472656,47.0,47.61000061035156,47.72999954223633,92700.0,46.94268798828125
2018-06-21,47.779998779296875,47.06999969482422,47.68000030517578,47.34000015258789,109300.0,46.55911636352539
2018-06-22,47.81999969482422,47.20000076293945,47.540000915527344,47.290000915527344,164200.0,46.50993728637695
2018-06-25,47.47999954223633,46.04999923706055,47.310001373291016,46.400001525878906,156300.0,45.63461685180664
2018-06-26,47.75,46.33000183105469,46.33000183105469,47.599998474121094,177500.0,46.814823150634766
2018-06-27,48.279998779296875,46.540000915527344,47.54999923706055,46.54999923706055,196800.0,45.78214645385742
2018-06-28,46.900001525878906,45.970001220703125,46.529998779296875,46.63999938964844,131600.0,45.87066650390625
2018-06-29,47.18000030517578,46.4900016784668,46.849998474121094,46.4900016784668,235800.0,45.72313690185547
2018-07-02,46.689998626708984,45.900001525878906,46.29999923706055,46.650001525878906,145100.0,45.8804931640625
2018-07-03,47.470001220703125,46.4900016784668,46.849998474121094,46.540000915527344,74600.0,45.77231216430664
2018-07-05,47.25,46.279998779296875,46.900001525878906,47.2400016784668,154300.0,46.460758209228516
2018-07-06,47.849998474121094,47.0,47.209999084472656,47.20000076293945,134800.0,46.421417236328125
2018-07-09,48.33000183105469,47.33000183105469,47.47999954223633,48.09000015258789,292800.0,47.29674530029297
2018-07-10,48.9900016784668,47.869998931884766,48.15999984741211,48.54999923706055,646300.0,47.749149322509766
2018-07-11,45.400001525878906,42.40999984741211,45.27000045776367,43.02000045776367,1447400.0,42.31037139892578
2018-07-12,44.33000183105469,43.0099983215332,43.0099983215332,43.650001525878906,453400.0,42.92998504638672
2018-07-13,45.7400016784668,43.650001525878906,43.650001525878906,45.63999938964844,345200.0,44.88715744018555
2018-07-16,46.0,45.060001373291016,45.939998626708984,45.29999923706055,218800.0,44.55276107788086
2018-07-17,46.2599983215332,45.36000061035156,45.5099983215332,46.16999816894531,174000.0,45.40841293334961
2018-07-18,47.150001525878906,45.84000015258789,45.90999984741211,46.83000183105469,263300.0,46.05752944946289
2018-07-19,47.27000045776367,46.47999954223633,46.54999923706055,47.08000183105469,195200.0,46.3776741027832
2018-07-20,47.290000915527344,46.720001220703125,46.959999084472656,46.75,141100.0,46.0526008605957
2018-07-23,47.04999923706055,46.310001373291016,46.56999969482422,46.4900016784668,139900.0,45.79647445678711
2018-07-24,47.04999923706055,46.06999969482422,46.810001373291016,46.400001525878906,95700.0,45.707820892333984
2018-07-25,46.970001220703125,46.029998779296875,46.29999923706055,46.939998626708984,217200.0,46.239768981933594
2018-07-26,47.9900016784668,46.63999938964844,46.83000183105469,47.56999969482422,202900.0,46.86036682128906
2018-07-27,47.900001525878906,47.279998779296875,47.84000015258789,47.45000076293945,108700.0,46.742156982421875
2018-07-30,47.68000030517578,46.439998626708984,47.47999954223633,46.540000915527344,197000.0,45.84573745727539
2018-07-31,47.77000045776367,46.619998931884766,46.869998931884766,47.40999984741211,277200.0,46.702754974365234
2018-08-01,47.54999923706055,46.58000183105469,47.40999984741211,46.90999984741211,144500.0,46.2102165222168
2018-08-02,47.0,46.43000030517578,46.540000915527344,46.810001373291016,100900.0,46.1117057800293
2018-08-03,46.91999816894531,46.099998474121094,46.790000915527344,46.40999984741211,141700.0,45.71767044067383
2018-08-06,46.560001373291016,46.189998626708984,46.400001525878906,46.54999923706055,76900.0,45.8555793762207
2018-08-07,47.38999938964844,46.540000915527344,46.650001525878906,46.59000015258789,142100.0,45.894989013671875
2018-08-08,47.04999923706055,46.290000915527344,46.599998474121094,46.9900016784668,88300.0,46.289024353027344
2018-08-09,47.34000015258789,46.540000915527344,46.970001220703125,46.619998931884766,105400.0,45.924537658691406
2018-08-10,46.47999954223633,45.90999984741211,46.47999954223633,46.040000915527344,109400.0,45.35319519042969
2018-08-13,46.52000045776367,45.81999969482422,46.11000061035156,45.959999084472656,88200.0,45.274383544921875
2018-08-14,46.619998931884766,45.849998474121094,46.040000915527344,46.2599983215332,160400.0,45.569908142089844
2018-08-15,46.189998626708984,44.47999954223633,46.040000915527344,44.72999954223633,156500.0,44.0627326965332
2018-08-16,45.209999084472656,43.9900016784668,44.779998779296875,44.34000015258789,238500.0,43.678550720214844
2018-08-17,44.86000061035156,44.0,44.31999969482422,44.72999954223633,137300.0,44.0627326965332
2018-08-20,45.310001373291016,44.630001068115234,44.779998779296875,45.099998474121094,137900.0,44.42721176147461
2018-08-21,46.22999954223633,45.099998474121094,45.27000045776367,45.9900016784668,136600.0,45.30393981933594
2018-08-22,46.41999816894531,45.72999954223633,45.93000030517578,46.099998474121094,115700.0,45.412296295166016
2018-08-23,46.15999984741211,45.61000061035156,46.0,45.77000045776367,58000.0,45.087223052978516
2018-08-24,46.13999938964844,45.61000061035156,45.869998931884766,45.9900016784668,88500.0,45.30393981933594
2018-08-27,47.040000915527344,46.099998474121094,46.220001220703125,46.630001068115234,214000.0,45.93438720703125
2018-08-28,47.119998931884766,46.63999938964844,46.68000030517578,46.83000183105469,172400.0,46.131404876708984
2018-08-29,46.880001068115234,46.38999938964844,46.880001068115234,46.599998474121094,175100.0,45.90483856201172
2018-08-30,46.560001373291016,45.720001220703125,46.560001373291016,45.97999954223633,139200.0,45.29408645629883
2018-08-31,46.720001220703125,45.95000076293945,45.95000076293945,46.66999816894531,131200.0,45.97379684448242
2018-09-04,46.65999984741211,45.810001373291016,46.65999984741211,46.20000076293945,212000.0,45.510799407958984
2018-09-05,46.09000015258789,45.40999984741211,46.09000015258789,46.0,122000.0,45.313785552978516
2018-09-06,46.599998474121094,46.16999816894531,46.16999816894531,46.279998779296875,75300.0,45.58960723876953
2018-09-07,46.400001525878906,45.720001220703125,46.16999816894531,46.09000015258789,67500.0,45.40244674682617
2018-09-10,46.650001525878906,45.880001068115234,46.34000015258789,46.0,87000.0,45.313785552978516
2018-09-11,44.900001525878906,42.380001068115234,44.0,42.869998931884766,312100.0,42.23047637939453
2018-09-12,43.20000076293945,42.0,42.5099983215332,43.060001373291016,207000.0,42.41764831542969
2018-09-13,44.150001525878906,42.72999954223633,43.33000183105469,42.75,181100.0,42.11227035522461
2018-09-14,43.150001525878906,42.47999954223633,42.86000061035156,42.7599983215332,665400.0,42.12211608886719
2018-09-17,43.91999816894531,42.7599983215332,42.7599983215332,43.099998474121094,682600.0,42.45705032348633
2018-09-18,45.720001220703125,43.20000076293945,43.20000076293945,44.7400016784668,652300.0,44.07258605957031
2018-09-19,45.29999923706055,43.66999816894531,44.720001220703125,43.779998779296875,305600.0,43.12690353393555
2018-09-20,44.689998626708984,43.72999954223633,44.15999984741211,44.5,443200.0,43.8361701965332
2018-09-21,45.38999938964844,44.5099983215332,44.86000061035156,44.90999984741211,623000.0,44.240047454833984
2018-09-24,45.20000076293945,44.33000183105469,44.90999984741211,44.9900016784668,179300.0,44.3188591003418
2018-09-25,46.119998931884766,44.90999984741211,45.04999923706055,46.029998779296875,358400.0,45.34334182739258
2018-09-26,51.52000045776367,46.79999923706055,48.09000015258789,48.619998931884766,1214100.0,47.89470291137695
2018-09-27,48.90999984741211,45.599998474121094,48.90999984741211,46.189998626708984,377400.0,45.500953674316406
2018-09-28,48.5,46.33000183105469,46.66999816894531,47.88999938964844,616900.0,47.17559814453125
2018-10-01,48.040000915527344,45.9900016784668,47.93000030517578,46.220001220703125,303300.0,45.53050994873047
2018-10-02,46.09000015258789,45.13999938964844,46.0,45.34000015258789,292700.0,44.66363525390625
2018-10-03,47.22999954223633,45.380001068115234,45.66999816894531,47.060001373291016,248500.0,46.357975006103516
2018-10-04,47.43000030517578,46.349998474121094,47.16999816894531,46.66999816894531,175600.0,45.97379684448242
2018-10-05,46.93000030517578,45.63999938964844,46.93000030517578,46.2599983215332,188300.0,45.569908142089844
2018-10-08,46.41999816894531,45.689998626708984,46.220001220703125,45.91999816894531,130000.0,45.23497772216797
2018-10-09,46.0,44.810001373291016,45.84000015258789,45.619998931884766,261600.0,44.939456939697266
2018-10-10,45.779998779296875,43.849998474121094,45.779998779296875,43.9900016784668,254100.0,43.33377456665039
2018-10-11,44.470001220703125,43.529998779296875,43.900001525878906,43.630001068115234,266100.0,42.97914505004883
2018-10-12,44.61000061035156,42.88999938964844,44.61000061035156,43.540000915527344,186200.0,42.89048767089844
2018-10-15,44.650001525878906,43.439998626708984,43.5,44.18000030517578,206800.0,43.520938873291016
2018-10-16,45.4900016784668,43.86000061035156,44.7400016784668,45.439998626708984,180700.0,44.76213836669922
2018-10-17,45.5099983215332,44.650001525878906,45.36000061035156,45.279998779296875,110100.0,44.60453414916992
2018-10-18,45.15999984741211,44.11000061035156,45.15999984741211,44.59000015258789,159200.0,43.924827575683594
2018-10-19,44.689998626708984,43.529998779296875,44.4900016784668,43.97999954223633,171100.0,43.396915435791016
2018-10-22,44.72999954223633,43.63999938964844,44.06999969482422,44.70000076293945,132500.0,44.10737228393555
2018-10-23,45.41999816894531,44.13999938964844,44.15999984741211,45.279998779296875,366700.0,44.679683685302734
2018-10-24,45.91999816894531,44.20000076293945,45.470001220703125,44.22999954223633,446900.0,43.64360046386719
2018-10-25,45.959999084472656,44.18000030517578,44.75,45.439998626708984,236900.0,44.837554931640625
2018-10-26,46.290000915527344,44.72999954223633,44.90999984741211,46.0,518500.0,45.390132904052734
2018-10-29,46.93000030517578,45.880001068115234,46.650001525878906,46.25,839800.0,45.636817932128906
2018-10-30,47.13999938964844,45.5099983215332,46.189998626708984,46.91999816894531,367000.0,46.29793167114258
2018-10-31,48.22999954223633,46.95000076293945,47.5099983215332,47.58000183105469,349500.0,46.94918441772461
2018-11-01,48.65999984741211,47.709999084472656,47.810001373291016,48.61000061035156,187300.0,47.96553039550781
2018-11-02,49.63999938964844,48.630001068115234,48.81999969482422,48.880001068115234,158900.0,48.23195266723633
2018-11-05,49.2599983215332,47.54999923706055,49.0,48.31999969482422,167500.0,47.67937469482422
2018-11-06,49.189998626708984,48.290000915527344,48.290000915527344,49.02000045776367,134800.0,48.37009811401367
2018-11-07,49.779998779296875,48.720001220703125,49.310001373291016,49.66999816894531,162400.0,49.011474609375
2018-11-08,49.91999816894531,49.06999969482422,49.720001220703125,49.7400016784668,76700.0,49.0805549621582
2018-11-09,49.720001220703125,48.599998474121094,49.70000076293945,49.0,166800.0,48.35036087036133
2018-11-12,48.900001525878906,47.59000015258789,48.880001068115234,47.61000061035156,157400.0,46.978790283203125
2018-11-13,47.70000076293945,46.25,47.5,46.880001068115234,182400.0,46.25847244262695
2018-11-14,47.72999954223633,45.869998931884766,47.380001068115234,45.880001068115234,144200.0,45.271728515625
2018-11-15,46.59000015258789,45.18000030517578,45.619998931884766,46.29999923706055,158500.0,45.6861572265625
2018-11-16,46.27000045776367,45.20000076293945,45.88999938964844,45.61000061035156,222700.0,45.005306243896484
2018-11-19,45.720001220703125,43.560001373291016,45.63999938964844,43.709999084472656,198500.0,43.1304931640625
2018-11-20,43.16999816894531,42.09000015258789,43.08000183105469,42.4900016784668,151700.0,41.92667007446289
2018-11-21,43.59000015258789,42.560001373291016,42.90999984741211,43.040000915527344,135900.0,42.46937942504883
2018-11-23,43.349998474121094,42.22999954223633,42.79999923706055,42.77000045776367,59500.0,42.20296096801758
2018-11-26,43.529998779296875,42.54999923706055,43.08000183105469,43.27000045776367,217000.0,42.696327209472656
2018-11-27,43.13999938964844,42.130001068115234,43.13999938964844,42.41999816894531,132900.0,41.85759735107422
2018-11-28,43.650001525878906,42.290000915527344,42.58000183105469,43.29999923706055,196200.0,42.725929260253906
2018-11-29,43.31999969482422,42.91999816894531,43.22999954223633,43.060001373291016,214000.0,42.489112854003906
2018-11-30,43.77000045776367,43.0,43.08000183105469,43.689998626708984,294600.0,43.11076354980469
2018-12-03,44.86000061035156,43.939998626708984,44.38999938964844,44.619998931884766,185800.0,44.0284309387207
2018-12-04,44.61000061035156,41.75,44.38999938964844,41.83000183105469,161900.0,41.275421142578125
2018-12-06,41.41999816894531,39.40999984741211,40.939998626708984,41.41999816894531,254400.0,40.870853424072266
2018-12-07,42.43000030517578,40.75,41.4900016784668,40.91999816894531,170700.0,40.37748336791992
2018-12-10,41.75,40.34000015258789,41.04999923706055,40.849998474121094,304500.0,40.30841064453125
2018-12-11,41.79999923706055,40.29999923706055,41.34000015258789,40.7400016784668,184700.0,40.19987487792969
2018-12-12,42.79999923706055,41.310001373291016,41.310001373291016,41.97999954223633,239800.0,41.42343521118164
2018-12-13,42.16999816894531,41.06999969482422,42.0,41.220001220703125,156600.0,40.67351150512695
2018-12-14,41.34000015258789,40.2599983215332,40.79999923706055,40.689998626708984,194400.0,40.15053176879883
2018-12-17,41.18000030517578,39.540000915527344,40.650001525878906,39.7400016784668,624100.0,39.213130950927734
2018-12-18,42.56999969482422,40.099998474121094,40.099998474121094,42.36000061035156,423100.0,41.79839324951172
2018-12-19,42.97999954223633,38.16999816894531,41.5,39.099998474121094,1480200.0,38.58161163330078
2018-12-20,39.0099983215332,35.29999923706055,38.54999923706055,35.5099983215332,893700.0,35.039207458496094
2018-12-21,37.470001220703125,35.349998474121094,35.52000045776367,36.150001525878906,1151900.0,35.67072296142578
2018-12-24,36.040000915527344,34.63999938964844,35.970001220703125,34.7599983215332,201100.0,34.29915237426758
2018-12-26,35.68000030517578,33.939998626708984,35.0099983215332,35.619998931884766,242400.0,35.147743225097656
2018-12-27,36.97999954223633,35.06999969482422,35.06999969482422,36.93000030517578,300200.0,36.44038391113281
2018-12-28,37.47999954223633,36.11000061035156,37.119998931884766,36.88999938964844,161000.0,36.400917053222656
2018-12-31,37.56999969482422,36.470001220703125,37.08000183105469,37.34000015258789,414200.0,36.84494400024414
2019-01-02,37.45000076293945,36.4900016784668,36.70000076293945,37.45000076293945,425200.0,36.9534912109375
2019-01-03,37.630001068115234,36.310001373291016,37.369998931884766,36.63999938964844,302900.0,36.15422439575195
2019-01-04,38.290000915527344,37.099998474121094,37.20000076293945,37.56999969482422,325900.0,37.071895599365234
2019-01-07,38.22999954223633,37.18000030517578,37.77000045776367,38.04999923706055,189400.0,37.5455322265625
2019-01-08,39.060001373291016,38.36000061035156,38.66999816894531,39.029998779296875,238600.0,38.51253890991211
2019-01-09,39.349998474121094,38.54999923706055,39.34000015258789,38.959999084472656,242400.0,38.4434700012207
2019-01-10,39.099998474121094,38.38999938964844,38.83000183105469,38.90999984741211,374200.0,38.39413070678711
2019-01-11,39.58000183105469,38.560001373291016,38.599998474121094,39.54999923706055,385700.0,39.02564239501953
2019-01-14,39.25,37.720001220703125,39.25,37.77000045776367,262700.0,37.26924514770508
2019-01-15,38.119998931884766,36.77000045776367,37.88999938964844,37.150001525878906,325400.0,36.657470703125
2019-01-16,37.560001373291016,36.400001525878906,37.09000015258789,36.70000076293945,284000.0,36.21342849731445
2019-01-17,37.54999923706055,36.61000061035156,36.61000061035156,37.349998474121094,307700.0,36.85481262207031
2019-01-18,38.02000045776367,37.279998779296875,37.52000045776367,37.66999816894531,163400.0,37.17056655883789
2019-01-22,37.279998779296875,36.130001068115234,37.279998779296875,36.77000045776367,232300.0,36.28250503540039
2019-01-23,37.43000030517578,36.72999954223633,37.08000183105469,37.0099983215332,203100.0,36.519317626953125
2019-01-24,37.2400016784668,36.939998626708984,37.060001373291016,37.11000061035156,137400.0,36.61800003051758
2019-01-25,37.52000045776367,37.06999969482422,37.5099983215332,37.209999084472656,86200.0,36.79103088378906
2019-01-28,37.27000045776367,36.529998779296875,36.84000015258789,36.869998931884766,123500.0,36.454856872558594
2019-01-29,37.2599983215332,36.5,36.869998931884766,36.540000915527344,149200.0,36.12856674194336
2019-01-30,37.20000076293945,36.099998474121094,36.86000061035156,36.93000030517578,529500.0,36.51417922973633
2019-01-31,37.91999816894531,36.7599983215332,36.7599983215332,37.68000030517578,389200.0,37.255733489990234
2019-02-01,37.790000915527344,36.189998626708984,37.779998779296875,36.5099983215332,227200.0,36.098907470703125
2019-02-04,37.349998474121094,36.33000183105469,36.5099983215332,37.34000015258789,237500.0,36.919559478759766
2019-02-05,37.79999923706055,36.900001525878906,37.459999084472656,37.790000915527344,237800.0,37.364498138427734
2019-02-06,37.65999984741211,37.2400016784668,37.65999984741211,37.369998931884766,105700.0,36.949222564697266
2019-02-07,37.310001373291016,36.66999816894531,37.0,37.040000915527344,190500.0,36.62294006347656
2019-02-08,36.84000015258789,35.59000015258789,36.7400016784668,36.81999969482422,493400.0,36.405418395996094
2019-02-11,37.04999923706055,36.25,37.040000915527344,36.939998626708984,314700.0,36.52406311035156
2019-02-12,37.36000061035156,36.869998931884766,37.18000030517578,37.33000183105469,332000.0,36.9096794128418
2019-02-13,37.43000030517578,36.779998779296875,37.43000030517578,37.099998474121094,146000.0,36.68226623535156
2019-02-14,37.54999923706055,36.849998474121094,36.849998474121094,37.2400016784668,190700.0,36.8206901550293
2019-02-15,37.900001525878906,37.38999938964844,37.38999938964844,37.880001068115234,130300.0,37.45348358154297
2019-02-19,38.349998474121094,37.540000915527344,37.68000030517578,37.91999816894531,309000.0,37.4930305480957
2019-02-20,38.060001373291016,37.540000915527344,37.88999938964844,37.65999984741211,242600.0,37.235958099365234
2019-02-21,37.650001525878906,36.9900016784668,37.619998931884766,37.45000076293945,221800.0,37.028324127197266
2019-02-22,38.099998474121094,37.27000045776367,37.56999969482422,38.060001373291016,193100.0,37.6314582824707
2019-02-25,38.439998626708984,37.31999969482422,38.220001220703125,37.45000076293945,245600.0,37.028324127197266
2019-02-26,37.790000915527344,37.099998474121094,37.4900016784668,37.29999923706055,311700.0,36.880008697509766
2019-02-27,37.369998931884766,36.5,37.15999984741211,36.650001525878906,155300.0,36.23733139038086
2019-02-28,36.939998626708984,36.43000030517578,36.66999816894531,36.529998779296875,133000.0,36.118682861328125
2019-03-01,36.91999816894531,36.310001373291016,36.91999816894531,36.56999969482422,144800.0,36.15822982788086
2019-03-04,36.77000045776367,35.130001068115234,36.58000183105469,35.20000076293945,318200.0,34.80366516113281
2019-03-05,35.349998474121094,34.849998474121094,35.25,35.220001220703125,334000.0,34.82343292236328
2019-03-06,35.52000045776367,34.310001373291016,35.25,34.31999969482422,180800.0,33.93356704711914
2019-03-07,34.369998931884766,33.599998474121094,34.369998931884766,33.70000076293945,177100.0,33.32054901123047
2019-03-08,34.099998474121094,33.310001373291016,33.63999938964844,33.689998626708984,506100.0,33.31066131591797
2019-03-11,33.849998474121094,32.869998931884766,33.540000915527344,33.7400016784668,890700.0,33.360107421875
2019-03-12,34.47999954223633,33.77000045776367,33.77000045776367,34.08000183105469,452600.0,33.69626998901367
2019-03-13,34.34000015258789,33.70000076293945,34.27000045776367,34.02000045776367,291300.0,33.63694381713867
2019-03-14,34.65999984741211,33.84000015258789,34.02000045776367,34.220001220703125,496700.0,33.834693908691406
2019-03-15,34.54999923706055,33.90999984741211,34.45000076293945,34.189998626708984,1540000.0,33.805030822753906
2019-03-18,35.459999084472656,33.970001220703125,34.09000015258789,35.13999938964844,595200.0,34.74433517456055
2019-03-19,36.189998626708984,34.79999923706055,35.2599983215332,35.099998474121094,699500.0,34.70478439331055
2019-03-20,34.099998474121094,31.510000228881836,32.75,33.16999816894531,1190300.0,32.796512603759766
2019-03-21,34.66999816894531,33.25,33.25,33.709999084472656,647200.0,33.33043670654297
2019-03-22,33.52000045776367,32.40999984741211,33.5,32.59000015258789,442500.0,32.223045349121094
2019-03-25,32.65999984741211,32.13999938964844,32.619998931884766,32.36000061035156,424500.0,31.995634078979492
2019-03-26,32.84000015258789,32.06999969482422,32.45000076293945,32.22999954223633,668300.0,31.86709976196289
2019-03-27,32.91999816894531,32.09000015258789,32.290000915527344,32.36000061035156,369400.0,31.995634078979492
2019-03-28,32.650001525878906,32.06999969482422,32.54999923706055,32.349998474121094,407400.0,31.985750198364258
2019-03-29,32.810001373291016,32.2400016784668,32.59000015258789,32.5099983215332,393000.0,32.14394760131836
2019-04-01,33.560001373291016,32.75,32.79999923706055,33.47999954223633,316900.0,33.10302734375
2019-04-02,33.59000015258789,33.0099983215332,33.52000045776367,33.02000045776367,254100.0,32.6482048034668
2019-04-03,33.41999816894531,32.81999969482422,33.2599983215332,32.90999984741211,240900.0,32.5394401550293
2019-04-04,33.869998931884766,32.91999816894531,32.95000076293945,33.560001373291016,178300.0,33.18212127685547
2019-04-05,34.04999923706055,33.41999816894531,33.61000061035156,33.880001068115234,180900.0,33.4985237121582
2019-04-08,33.939998626708984,33.38999938964844,33.52000045776367,33.93000030517578,182300.0,33.54795455932617
2019-04-09,33.65999984741211,32.97999954223633,33.61000061035156,33.13999938964844,186800.0,32.76685333251953
2019-04-10,33.68000030517578,32.91999816894531,33.09000015258789,33.650001525878906,179100.0,33.27111053466797
2019-04-11,33.900001525878906,33.349998474121094,33.7599983215332,33.66999816894531,118000.0,33.2908821105957
2019-04-12,34.4900016784668,33.619998931884766,33.91999816894531,33.959999084472656,382600.0,33.57762145996094
2019-04-15,34.470001220703125,33.400001525878906,33.97999954223633,33.630001068115234,354300.0,33.251338958740234
2019-04-16,33.869998931884766,33.15999984741211,33.709999084472656,33.630001068115234,188300.0,33.251338958740234
2019-04-17,33.75,32.310001373291016,33.75,32.65999984741211,258200.0,32.29226303100586
2019-04-18,33.2400016784668,32.70000076293945,32.720001220703125,32.93000030517578,184900.0,32.55921936035156
2019-04-22,32.88999938964844,32.33000183105469,32.7599983215332,32.400001525878906,207500.0,32.035186767578125
2019-04-23,33.56999969482422,32.54999923706055,32.54999923706055,33.22999954223633,162500.0,32.855838775634766
2019-04-24,34.13999938964844,33.22999954223633,33.279998779296875,33.97999954223633,222100.0,33.59739685058594
2019-04-25,33.959999084472656,33.54999923706055,33.959999084472656,33.59000015258789,225100.0,33.211788177490234
2019-04-26,33.880001068115234,33.45000076293945,33.599998474121094,33.709999084472656,126200.0,33.33043670654297
2019-04-29,34.0,33.630001068115234,33.689998626708984,33.810001373291016,81900.0,33.42931365966797
2019-04-30,33.880001068115234,33.599998474121094,33.77000045776367,33.77000045776367,136000.0,33.4639892578125
2019-05-01,34.290000915527344,33.52000045776367,33.93000030517578,33.619998931884766,292100.0,33.31535339355469
2019-05-02,33.56999969482422,32.790000915527344,33.47999954223633,32.79999923706055,130200.0,32.502784729003906
2019-05-03,33.790000915527344,32.77000045776367,33.0,33.779998779296875,153900.0,33.47390365600586
2019-05-06,33.970001220703125,33.130001068115234,33.13999938964844,33.939998626708984,144600.0,33.632450103759766
2019-05-07,33.869998931884766,33.34000015258789,33.45000076293945,33.56999969482422,279200.0,33.265804290771484
2019-05-08,34.209999084472656,33.41999816894531,33.59000015258789,33.65999984741211,130100.0,33.3549919128418
2019-05-09,33.7599983215332,33.0099983215332,33.43000030517578,33.66999816894531,94500.0,33.36489486694336
2019-05-10,33.849998474121094,32.86000061035156,33.459999084472656,33.779998779296875,115000.0,33.47390365600586
2019-05-13,33.2400016784668,31.709999084472656,33.060001373291016,31.979999542236328,251100.0,31.690214157104492
2019-05-14,32.75,32.0099983215332,32.16999816894531,32.459999084472656,145400.0,32.165863037109375
2019-05-15,32.849998474121094,31.959999084472656,32.11000061035156,32.709999084472656,96200.0,32.413597106933594
2019-05-16,33.029998779296875,32.16999816894531,32.7599983215332,32.27000045776367,349900.0,31.977582931518555
2019-05-17,32.099998474121094,30.920000076293945,31.899999618530273,30.959999084472656,169400.0,30.679454803466797
2019-05-20,31.459999084472656,30.559999465942383,30.719999313354492,31.100000381469727,164700.0,30.818187713623047
2019-05-21,31.579999923706055,30.700000762939453,31.299999237060547,31.559999465942383,421100.0,31.274017333984375
2019-05-22,31.459999084472656,30.959999084472656,31.3799991607666,31.0,109400.0,30.71909523010254
2019-05-23,30.729999542236328,29.93000030517578,30.579999923706055,30.139999389648438,237100.0,29.866884231567383
2019-05-24,30.950000762939453,30.389999389648438,30.389999389648438,30.84000015258789,147800.0,30.560544967651367
2019-05-28,30.950000762939453,30.059999465942383,30.780000686645508,30.06999969482422,302200.0,29.79751968383789
2019-05-29,31.040000915527344,29.84000015258789,29.84000015258789,30.969999313354492,302400.0,30.68936538696289
2019-05-30,31.3799991607666,30.5,31.020000457763672,30.579999923706055,277100.0,30.302898406982422
2019-05-31,30.729999542236328,29.850000381469727,30.15999984741211,30.09000015258789,188100.0,29.817338943481445
2019-06-03,30.829999923706055,29.969999313354492,29.969999313354492,30.600000381469727,186600.0,30.32271957397461
2019-06-04,32.650001525878906,30.940000534057617,30.940000534057617,32.630001068115234,295300.0,32.33432388305664
2019-06-05,33.779998779296875,32.52000045776367,32.70000076293945,33.36000061035156,354500.0,33.057708740234375
2019-06-06,33.720001220703125,32.08000183105469,33.279998779296875,32.38999938964844,165100.0,32.09649658203125
2019-06-07,33.08000183105469,32.34000015258789,32.439998626708984,33.060001373291016,240300.0,32.76042938232422
2019-06-10,34.310001373291016,33.34000015258789,33.34000015258789,33.77000045776367,248600.0,33.4639892578125
2019-06-11,34.130001068115234,32.81999969482422,34.060001373291016,32.95000076293945,193400.0,32.651424407958984
2019-06-12,33.529998779296875,32.81999969482422,32.959999084472656,33.40999984741211,124500.0,33.10725784301758
2019-06-13,33.959999084472656,33.16999816894531,33.5099983215332,33.93000030517578,167100.0,33.6225471496582
2019-06-14,33.91999816894531,33.29999923706055,33.779998779296875,33.369998931884766,139800.0,33.0676155090332
2019-06-17,33.41999816894531,32.33000183105469,33.41999816894531,32.40999984741211,292000.0,32.11631393432617
2019-06-18,33.720001220703125,32.68000030517578,32.68000030517578,33.2400016784668,233100.0,32.93880081176758
2019-06-19,33.939998626708984,33.02000045776367,33.31999969482422,33.650001525878906,246600.0,33.3450813293457
2019-06-20,34.290000915527344,33.54999923706055,34.08000183105469,33.97999954223633,238300.0,33.672088623046875
2019-06-21,35.09000015258789,33.439998626708984,33.790000915527344,34.959999084472656,1120600.0,34.643211364746094
2019-06-24,35.619998931884766,34.650001525878906,35.13999938964844,34.70000076293945,326200.0,34.38556671142578
2019-06-25,35.349998474121094,34.47999954223633,34.75,35.16999816894531,260700.0,34.85130310058594
2019-06-26,35.58000183105469,35.06999969482422,35.369998931884766,35.209999084472656,205400.0,34.89094543457031
2019-06-27,36.22999954223633,35.099998474121094,35.11000061035156,36.22999954223633,282500.0,35.901702880859375
2019-06-28,37.04999923706055,36.279998779296875,36.34000015258789,36.790000915527344,613600.0,36.45663070678711
2019-07-01,37.58000183105469,36.41999816894531,37.310001373291016,36.560001373291016,381700.0,36.22871780395508
2019-07-02,37.15999984741211,36.16999816894531,36.5099983215332,36.95000076293945,306900.0,36.615177154541016
2019-07-03,37.459999084472656,36.81999969482422,37.130001068115234,37.41999816894531,127800.0,37.0809211730957
2019-07-05,37.91999816894531,36.9900016784668,37.209999084472656,37.90999984741211,169900.0,37.56647872924805
2019-07-08,37.95000076293945,37.11000061035156,37.880001068115234,37.65999984741211,446100.0,37.318748474121094
2019-07-09,38.90999984741211,37.84000015258789,37.939998626708984,38.900001525878906,365300.0,38.547508239746094
2019-07-10,39.709999084472656,39.06999969482422,39.43000030517578,39.209999084472656,794700.0,38.854698181152344
2019-07-11,44.0099983215332,40.72999954223633,41.349998474121094,42.619998931884766,1853400.0,42.233795166015625
2019-07-12,42.560001373291016,40.970001220703125,42.560001373291016,41.310001373291016,699800.0,40.9356689453125
2019-07-15,41.599998474121094,40.34000015258789,41.18000030517578,41.18000030517578,276200.0,40.80685043334961
2019-07-16,42.06999969482422,40.84000015258789,40.959999084472656,41.959999084472656,357500.0,41.57978057861328
2019-07-17,42.470001220703125,41.15999984741211,41.72999954223633,41.7599983215332,349000.0,41.381587982177734
2019-07-18,42.20000076293945,41.43000030517578,41.869998931884766,41.869998931884766,195700.0,41.565242767333984
2019-07-19,42.66999816894531,41.939998626708984,42.0099983215332,42.15999984741211,340900.0,41.85313034057617
2019-07-22,42.41999816894531,41.150001525878906,42.15999984741211,41.36000061035156,179300.0,41.058956146240234
2019-07-23,41.95000076293945,41.369998931884766,41.529998779296875,41.63999938964844,228700.0,41.336917877197266
2019-07-24,42.63999938964844,41.599998474121094,41.599998474121094,42.560001373291016,232900.0,42.250221252441406
2019-07-25,42.599998474121094,41.93000030517578,42.380001068115234,42.20000076293945,182800.0,41.892845153808594
2019-07-26,42.630001068115234,42.040000915527344,42.2599983215332,42.27000045776367,219600.0,41.96233367919922
2019-07-29,42.43000030517578,41.84000015258789,42.18000030517578,42.099998474121094,201100.0,41.7935676574707
2019-07-30,42.40999984741211,41.400001525878906,41.70000076293945,42.380001068115234,195200.0,42.071533203125
2019-07-31,43.040000915527344,41.810001373291016,42.369998931884766,41.86000061035156,274400.0,41.55531692504883
2019-08-01,42.2599983215332,40.70000076293945,41.900001525878906,40.95000076293945,213300.0,40.651939392089844
2019-08-02,40.7599983215332,40.08000183105469,40.540000915527344,40.540000915527344,158500.0,40.24492645263672
2019-08-05,39.849998474121094,38.90999984741211,39.689998626708984,39.459999084472656,222200.0,39.172786712646484
2019-08-06,40.310001373291016,39.459999084472656,39.709999084472656,40.130001068115234,194000.0,39.837913513183594
2019-08-07,40.18000030517578,39.33000183105469,39.52000045776367,39.869998931884766,194700.0,39.579803466796875
2019-08-08,42.08000183105469,39.880001068115234,39.880001068115234,42.0099983215332,346600.0,41.7042236328125
2019-08-09,41.97999954223633,40.63999938964844,41.97999954223633,40.959999084472656,182300.0,40.661865234375
2019-08-12,41.22999954223633,40.130001068115234,40.77000045776367,40.75,108500.0,40.45339584350586
2019-08-13,41.790000915527344,40.45000076293945,40.599998474121094,40.93000030517578,91400.0,40.632083892822266
2019-08-14,40.47999954223633,39.380001068115234,40.209999084472656,39.869998931884766,158500.0,39.579803466796875
2019-08-15,40.970001220703125,39.58000183105469,40.0,40.79999923706055,196100.0,40.50303649902344
2019-08-16,42.45000076293945,41.0099983215332,41.04999923706055,42.220001220703125,233500.0,41.912696838378906
2019-08-19,42.84000015258789,41.959999084472656,42.81999969482422,42.400001525878906,174800.0,42.09138870239258
2019-08-20,42.4900016784668,42.040000915527344,42.27000045776367,42.34000015258789,136900.0,42.03182601928711
2019-08-21,42.77000045776367,42.04999923706055,42.599998474121094,42.119998931884766,166400.0,41.81342315673828
2019-08-22,42.439998626708984,41.599998474121094,42.25,42.150001525878906,124000.0,41.843204498291016
2019-08-23,42.54999923706055,40.689998626708984,41.95000076293945,41.0,163900.0,40.701576232910156
2019-08-26,41.47999954223633,40.689998626708984,41.349998474121094,41.130001068115234,111300.0,40.83062744140625
2019-08-27,41.90999984741211,40.81999969482422,41.31999969482422,41.689998626708984,261400.0,41.38655471801758
2019-08-28,42.4900016784668,41.45000076293945,41.52000045776367,42.09000015258789,131900.0,41.78364181518555
2019-08-29,43.0099983215332,42.36000061035156,42.54999923706055,42.959999084472656,163900.0,42.64731216430664
2019-08-30,43.38999938964844,42.560001373291016,43.16999816894531,42.959999084472656,175400.0,42.64731216430664
2019-09-03,43.2400016784668,42.119998931884766,42.5099983215332,43.130001068115234,169100.0,42.81607437133789
2019-09-04,43.900001525878906,43.2599983215332,43.52000045776367,43.5099983215332,153000.0,43.19330596923828
2019-09-05,44.779998779296875,43.75,44.130001068115234,44.540000915527344,240700.0,44.2158088684082
2019-09-06,44.689998626708984,43.810001373291016,44.689998626708984,43.810001373291016,149900.0,43.49112319946289
2019-09-09,45.0,43.560001373291016,44.0,44.63999938964844,227500.0,44.31508255004883
2019-09-10,45.13999938964844,43.970001220703125,44.7400016784668,44.790000915527344,141400.0,44.4639892578125
2019-09-11,45.72999954223633,44.45000076293945,44.900001525878906,45.630001068115234,218700.0,45.29787826538086
2019-09-12,45.790000915527344,44.900001525878906,45.560001373291016,45.58000183105469,131700.0,45.24824523925781
2019-09-13,46.25,45.380001068115234,46.0,45.41999816894531,189000.0,45.08940505981445
2019-09-16,46.0,45.060001373291016,45.27000045776367,45.25,188900.0,44.9206428527832
2019-09-17,45.849998474121094,45.08000183105469,45.459999084472656,45.5,112600.0,45.1688232421875
2019-09-18,45.47999954223633,44.209999084472656,45.369998931884766,44.9900016784668,154900.0,44.66253662109375
2019-09-19,45.93000030517578,44.900001525878906,45.119998931884766,45.4900016784668,224600.0,45.15890121459961
2019-09-20,45.61000061035156,44.29999923706055,45.52000045776367,45.31999969482422,462100.0,44.990135192871094
2019-09-23,45.29999923706055,43.63999938964844,45.06999969482422,43.7400016784668,191700.0,43.421634674072266
2019-09-24,44.220001220703125,43.45000076293945,43.959999084472656,43.91999816894531,199800.0,43.60032272338867
2019-09-25,45.63999938964844,43.61000061035156,43.88999938964844,45.31999969482422,334900.0,44.990135192871094
2019-09-26,47.619998931884766,40.77000045776367,47.0,41.34000015258789,1290000.0,41.039100646972656
2019-09-27,41.88999938964844,41.02000045776367,41.2400016784668,41.849998474121094,332700.0,41.54539108276367
2019-09-30,42.130001068115234,41.18000030517578,41.779998779296875,41.209999084472656,374900.0,40.91004943847656
2019-10-01,41.900001525878906,39.47999954223633,41.22999954223633,40.20000076293945,219400.0,39.90739822387695
2019-10-02,40.45000076293945,39.43000030517578,39.83000183105469,39.7400016784668,176300.0,39.450748443603516
2019-10-03,40.40999984741211,39.279998779296875,39.599998474121094,40.04999923706055,183500.0,39.75849151611328
2019-10-04,41.33000183105469,39.77000045776367,39.91999816894531,41.29999923706055,195700.0,41.07631301879883
2019-10-07,41.650001525878906,40.88999938964844,41.150001525878906,41.130001068115234,132200.0,40.90723419189453
2019-10-08,40.93000030517578,40.130001068115234,40.599998474121094,40.400001525878906,167000.0,40.181190490722656
2019-10-09,41.13999938964844,40.439998626708984,40.77000045776367,41.060001373291016,138900.0,40.837615966796875
2019-10-10,41.540000915527344,40.66999816894531,41.130001068115234,40.86000061035156,154100.0,40.63869857788086
2019-10-11,41.81999969482422,40.88999938964844,41.54999923706055,40.93000030517578,220500.0,40.708316802978516
2019-10-14,41.63999938964844,40.439998626708984,40.7599983215332,41.310001373291016,188800.0,41.08626174926758
2019-10-15,41.630001068115234,40.84000015258789,41.25,41.11000061035156,277600.0,40.88734436035156
2019-10-16,41.43000030517578,40.79999923706055,40.959999084472656,40.97999954223633,257100.0,40.7580451965332
2019-10-17,41.7599983215332,40.880001068115234,40.880001068115234,41.290000915527344,237000.0,41.06637191772461
2019-10-18,41.22999954223633,39.58000183105469,41.220001220703125,39.810001373291016,331000.0,39.59438705444336
2019-10-21,40.63999938964844,39.880001068115234,40.27000045776367,40.2599983215332,384300.0,40.04194641113281
2019-10-22,40.959999084472656,40.11000061035156,40.33000183105469,40.31999969482422,115500.0,40.10162353515625
2019-10-23,41.040000915527344,40.16999816894531,40.22999954223633,40.90999984741211,98400.0,40.68842697143555
2019-10-24,41.04999923706055,40.54999923706055,41.04999923706055,40.779998779296875,130600.0,40.55912780761719
2019-10-25,41.16999816894531,40.529998779296875,40.7400016784668,40.650001525878906,93300.0,40.42983627319336
2019-10-28,41.900001525878906,40.95000076293945,40.95000076293945,41.540000915527344,170400.0,41.31501388549805
2019-10-29,42.04999923706055,41.2599983215332,41.439998626708984,41.97999954223633,151100.0,41.75263214111328
2019-10-30,41.88999938964844,40.970001220703125,41.810001373291016,41.29999923706055,184500.0,41.07631301879883
2019-10-31,41.790000915527344,41.11000061035156,41.27000045776367,41.75,169100.0,41.52387619018555
2019-11-01,42.79999923706055,41.70000076293945,42.04999923706055,42.790000915527344,123600.0,42.55824279785156
2019-11-04,43.29999923706055,42.7400016784668,43.18000030517578,42.9900016784668,122900.0,42.757164001464844
2019-11-05,43.720001220703125,42.880001068115234,42.880001068115234,43.529998779296875,125200.0,43.29423522949219
2019-11-06,43.65999984741211,42.439998626708984,43.380001068115234,43.5,157500.0,43.264400482177734
2019-11-07,44.599998474121094,43.650001525878906,43.91999816894531,44.189998626708984,135900.0,43.950660705566406
2019-11-08,44.290000915527344,43.13999938964844,44.08000183105469,43.349998474121094,106400.0,43.115211486816406
2019-11-11,43.619998931884766,42.91999816894531,42.97999954223633,43.470001220703125,63700.0,43.234561920166016
2019-11-12,44.29999923706055,43.310001373291016,43.400001525878906,44.290000915527344,99000.0,44.05012130737305
2019-11-13,44.47999954223633,43.689998626708984,43.81999969482422,44.25,132500.0,44.010337829589844
2019-11-14,45.040000915527344,44.22999954223633,44.22999954223633,44.630001068115234,111500.0,44.38827896118164
2019-11-15,45.15999984741211,44.56999969482422,44.91999816894531,44.7400016784668,97000.0,44.497684478759766
2019-11-18,44.540000915527344,43.400001525878906,44.540000915527344,43.7599983215332,146600.0,43.52299118041992
2019-11-19,44.77000045776367,43.970001220703125,44.0,44.130001068115234,205000.0,43.890987396240234
2019-11-20,44.81999969482422,43.97999954223633,43.97999954223633,44.63999938964844,154900.0,44.398223876953125
2019-11-21,44.72999954223633,44.02000045776367,44.59000015258789,44.560001373291016,168200.0,44.318660736083984
2019-11-22,44.84000015258789,43.70000076293945,44.81999969482422,44.150001525878906,68300.0,43.91088104248047
2019-11-25,45.08000183105469,43.91999816894531,44.209999084472656,44.77000045776367,112300.0,44.52751922607422
2019-11-26,45.25,44.4900016784668,44.61000061035156,44.9900016784668,107900.0,44.74633026123047
2019-11-27,45.13999938964844,44.66999816894531,45.13999938964844,44.939998626708984,79600.0,44.69660186767578
2019-11-29,45.029998779296875,44.25,44.7400016784668,44.689998626708984,28900.0,44.44795227050781
2019-12-02,44.7599983215332,43.650001525878906,44.7599983215332,43.72999954223633,98600.0,43.4931526184082
2019-12-03,43.9900016784668,43.130001068115234,43.33000183105469,43.65999984741211,91000.0,43.42353439331055
2019-12-04,44.77000045776367,43.9900016784668,43.9900016784668,44.33000183105469,214800.0,44.089908599853516
2019-12-05,44.79999923706055,44.119998931884766,44.470001220703125,44.63999938964844,143600.0,44.398223876953125
2019-12-06,45.209999084472656,44.709999084472656,44.939998626708984,44.959999084472656,194300.0,44.71649169921875
2019-12-09,45.06999969482422,44.56999969482422,44.7400016784668,44.900001525878906,159600.0,44.65681838989258
2019-12-10,45.02000045776367,44.459999084472656,44.790000915527344,44.93000030517578,95400.0,44.68665313720703
2019-12-11,45.06999969482422,44.33000183105469,45.06999969482422,44.939998626708984,117300.0,44.69660186767578
2019-12-12,45.150001525878906,44.7400016784668,44.900001525878906,45.029998779296875,168500.0,44.78611373901367
2019-12-13,44.95000076293945,44.34000015258789,44.95000076293945,44.619998931884766,165900.0,44.378334045410156
2019-12-16,45.470001220703125,44.38999938964844,44.619998931884766,44.970001220703125,150700.0,44.7264404296875
2019-12-17,45.45000076293945,44.650001525878906,44.970001220703125,45.43000030517578,119900.0,45.1839485168457
2019-12-18,45.56999969482422,45.02000045776367,45.400001525878906,45.16999816894531,108300.0,44.92535400390625
2019-12-19,45.68000030517578,44.869998931884766,45.279998779296875,45.66999816894531,257400.0,45.422645568847656
2019-12-20,52.779998779296875,48.400001525878906,48.97999954223633,51.880001068115234,1369500.0,51.59901428222656
2019-12-23,52.0099983215332,47.43000030517578,52.0099983215332,47.97999954223633,467700.0,47.72013473510742
2019-12-24,48.43000030517578,47.599998474121094,47.90999984741211,47.959999084472656,93400.0,47.70024108886719
2019-12-26,48.04999923706055,45.97999954223633,47.939998626708984,46.41999816894531,243600.0,46.168582916259766
2019-12-27,46.650001525878906,45.27000045776367,46.29999923706055,45.290000915527344,279000.0,45.044708251953125
2019-12-30,45.79999923706055,45.0099983215332,45.5,45.25,154400.0,45.004920959472656
2019-12-31,45.5099983215332,44.75,45.380001068115234,45.099998474121094,189300.0,44.85573196411133
2020-01-02,45.77000045776367,44.88999938964844,45.31999969482422,45.75,167700.0,45.578006744384766
2020-01-03,45.81999969482422,44.56999969482422,45.04999923706055,45.709999084472656,197300.0,45.53815841674805
2020-01-06,45.970001220703125,45.290000915527344,45.470001220703125,45.599998474121094,176800.0,45.42856979370117
2020-01-07,45.630001068115234,45.08000183105469,45.34000015258789,45.540000915527344,147800.0,45.368797302246094
2020-01-08,47.9900016784668,46.40999984741211,47.279998779296875,46.77000045776367,389200.0,46.594173431396484
2020-01-09,47.349998474121094,46.31999969482422,46.869998931884766,46.779998779296875,161900.0,46.60413360595703
2020-01-10,46.95000076293945,45.290000915527344,46.95000076293945,45.880001068115234,185800.0,45.70751953125
2020-01-13,46.290000915527344,45.63999938964844,45.970001220703125,45.849998474121094,166500.0,45.67763137817383
2020-01-14,46.099998474121094,45.220001220703125,45.61000061035156,45.630001068115234,170000.0,45.45846176147461
2020-01-15,45.83000183105469,45.13999938964844,45.29999923706055,45.540000915527344,119700.0,45.368797302246094
2020-01-16,46.56999969482422,45.88999938964844,46.56999969482422,46.0,132900.0,45.82706832885742
2020-01-17,46.470001220703125,45.790000915527344,46.380001068115234,45.81999969482422,113600.0,45.647743225097656
2020-01-21,45.849998474121094,44.93000030517578,45.709999084472656,45.119998931884766,219900.0,44.950374603271484
2020-01-22,45.41999816894531,44.5099983215332,45.119998931884766,45.25,161100.0,45.07988739013672
2020-01-23,45.59000015258789,44.86000061035156,45.11000061035156,45.0099983215332,201600.0,44.840789794921875
2020-01-24,45.470001220703125,43.939998626708984,45.279998779296875,44.22999954223633,121700.0,44.063720703125
2020-01-27,45.029998779296875,43.31999969482422,43.5099983215332,44.41999816894531,261100.0,44.25300598144531
2020-01-28,44.779998779296875,44.29999923706055,44.720001220703125,44.54999923706055,115900.0,44.38251876831055
2020-01-29,44.54999923706055,43.400001525878906,44.5,43.59000015258789,182100.0,43.42612838745117
2020-01-30,43.88999938964844,43.04999923706055,43.119998931884766,43.810001373291016,103000.0,43.645301818847656
2020-01-31,43.58000183105469,42.349998474121094,43.58000183105469,42.58000183105469,141500.0,42.419925689697266
2020-02-03,43.31999969482422,42.29999923706055,42.79999923706055,42.5099983215332,202800.0,42.35018539428711
2020-02-04,43.31999969482422,42.72999954223633,43.040000915527344,42.88999938964844,172900.0,42.728759765625
2020-02-05,44.540000915527344,43.060001373291016,43.349998474121094,44.5,162800.0,44.332706451416016
2020-02-06,44.970001220703125,43.70000076293945,44.77000045776367,44.31999969482422,99100.0,44.153385162353516
2020-02-07,44.58000183105469,43.93000030517578,44.11000061035156,44.380001068115234,107400.0,44.21316146850586
2020-02-10,44.5099983215332,43.7400016784668,44.2599983215332,44.0,160000.0,43.83458709716797
2020-02-11,45.0,44.029998779296875,44.189998626708984,44.369998931884766,175300.0,44.20319366455078
2020-02-12,44.93000030517578,44.16999816894531,44.59000015258789,44.83000183105469,170100.0,44.661468505859375
2020-02-13,45.33000183105469,44.540000915527344,44.56999969482422,44.810001373291016,182100.0,44.641544342041016
2020-02-14,45.22999954223633,44.540000915527344,44.869998931884766,45.02000045776367,163900.0,44.85075378417969
2020-02-18,45.36000061035156,44.63999938964844,44.869998931884766,44.83000183105469,168300.0,44.661468505859375
2020-02-19,45.4900016784668,44.61000061035156,44.869998931884766,45.2599983215332,140100.0,45.089847564697266
2020-02-20,45.66999816894531,44.060001373291016,44.9900016784668,44.7599983215332,117700.0,44.59172821044922
2020-02-21,45.84000015258789,44.33000183105469,44.7400016784668,45.72999954223633,196900.0,45.558082580566406
2020-02-24,44.529998779296875,43.5099983215332,44.20000076293945,44.119998931884766,130300.0,43.95413589477539
2020-02-25,44.13999938964844,40.290000915527344,44.13999938964844,40.349998474121094,216200.0,40.198307037353516
2020-02-26,40.7400016784668,38.619998931884766,40.599998474121094,38.83000183105469,146900.0,38.684024810791016
2020-02-27,37.939998626708984,35.7400016784668,37.939998626708984,35.75,224600.0,35.6156005859375
2020-02-28,35.560001373291016,33.7400016784668,34.400001525878906,34.54999923706055,408600.0,34.42011260986328
2020-03-02,36.540000915527344,33.119998931884766,34.7400016784668,36.40999984741211,268800.0,36.27312088012695
2020-03-03,37.970001220703125,36.15999984741211,36.4900016784668,36.5,244400.0,36.3627815246582
2020-03-04,38.220001220703125,36.5099983215332,37.220001220703125,38.02000045776367,181900.0,37.87706756591797
2020-03-05,37.810001373291016,36.65999984741211,36.86000061035156,37.65999984741211,357900.0,37.5184211730957
2020-03-06,37.86000061035156,35.290000915527344,36.040000915527344,36.369998931884766,395800.0,36.23326873779297
2020-03-09,33.599998474121094,29.959999084472656,33.33000183105469,30.25,331700.0,30.13627815246582
2020-03-10,31.719999313354492,28.739999771118164,31.469999313354492,30.690000534057617,376300.0,30.57462501525879
2020-03-11,30.0,27.690000534057617,29.600000381469727,28.0,365100.0,27.894737243652344
2020-03-12,25.020000457763672,21.049999237060547,25.010000228881836,22.09000015258789,549600.0,22.006956100463867
2020-03-13,23.829999923706055,18.770000457763672,23.59000015258789,19.0,589700.0,18.928571701049805
2020-03-16,17.5,15.220000267028809,17.309999465942383,15.300000190734863,753500.0,15.242481231689453
2020-03-17,17.06999969482422,13.479999542236328,15.6899995803833,14.25,905300.0,14.196428298950195
2020-03-18,13.520000457763672,9.0,13.109999656677246,9.4399995803833,1096100.0,9.404511451721191
2020-03-19,13.420000076293945,8.5600004196167,9.479999542236328,12.880000114440918,899800.0,12.831579208374023
2020-03-20,15.069999694824219,12.130000114440918,13.350000381469727,13.369999885559082,1317400.0,13.31973648071289
2020-03-23,13.880000114440918,11.680000305175781,13.449999809265137,13.210000038146973,619600.0,13.160338401794434
2020-03-24,15.760000228881836,14.119999885559082,14.449999809265137,15.260000228881836,784500.0,15.202631950378418
2020-03-25,18.399999618530273,15.079999923706055,16.790000915527344,16.440000534057617,1620400.0,16.378196716308594
2020-03-26,20.170000076293945,16.610000610351562,17.260000228881836,19.950000762939453,827300.0,19.875001907348633
2020-03-27,19.84000015258789,17.68000030517578,19.670000076293945,17.989999771118164,693100.0,17.989999771118164
2020-03-30,18.260000228881836,16.5,17.950000762939453,18.09000015258789,489800.0,18.09000015258789
2020-03-31,18.489999771118164,17.510000228881836,18.1200008392334,17.760000228881836,406600.0,17.760000228881836
2020-04-01,17.31999969482422,16.239999771118164,16.889999389648438,16.489999771118164,951900.0,16.489999771118164
2020-04-02,17.290000915527344,16.260000228881836,16.549999237060547,17.190000534057617,561600.0,17.190000534057617
2020-04-03,17.729999542236328,14.65999984741211,17.1200008392334,14.920000076293945,473900.0,14.920000076293945
2020-04-06,17.579999923706055,15.859999656677246,15.869999885559082,17.229999542236328,364600.0,17.229999542236328
2020-04-07,19.18000030517578,17.530000686645508,18.25,17.8799991607666,501900.0,17.8799991607666
2020-04-08,19.25,18.049999237060547,18.600000381469727,18.489999771118164,497800.0,18.489999771118164
2020-04-09,20.700000762939453,19.309999465942383,19.520000457763672,19.8799991607666,410600.0,19.8799991607666
2020-04-13,20.18000030517578,17.81999969482422,20.059999465942383,18.139999389648438,340900.0,18.139999389648438
2020-04-14,19.489999771118164,17.899999618530273,18.540000915527344,18.329999923706055,347200.0,18.329999923706055
2020-04-15,17.489999771118164,16.350000381469727,17.239999771118164,17.1200008392334,334900.0,17.1200008392334
2020-04-16,17.469999313354492,16.170000076293945,17.469999313354492,16.65999984741211,321900.0,16.65999984741211
2020-04-17,18.899999618530273,17.510000228881836,17.559999465942383,18.110000610351562,335300.0,18.110000610351562
2020-04-20,17.770000457763672,16.790000915527344,17.290000915527344,17.190000534057617,262900.0,17.190000534057617
2020-04-21,17.100000381469727,15.710000038146973,16.530000686645508,16.010000228881836,681800.0,16.010000228881836
2020-04-22,16.709999084472656,16.030000686645508,16.540000915527344,16.1200008392334,273300.0,16.1200008392334
2020-04-23,17.459999084472656,16.1299991607666,16.1299991607666,16.559999465942383,267300.0,16.559999465942383
2020-04-24,17.010000228881836,15.8100004196167,16.8700008392334,16.350000381469727,228700.0,16.350000381469727
2020-04-27,17.139999389648438,16.170000076293945,16.450000762939453,16.829999923706055,252400.0,16.829999923706055
2020-04-28,19.15999984741211,17.459999084472656,17.600000381469727,18.780000686645508,402000.0,18.780000686645508
2020-04-29,20.829999923706055,19.600000381469727,19.600000381469727,20.299999237060547,499500.0,20.299999237060547
2020-04-30,20.239999771118164,19.040000915527344,19.81999969482422,19.579999923706055,430500.0,19.579999923706055
2020-05-01,19.219999313354492,17.6299991607666,19.020000457763672,18.329999923706055,364500.0,18.329999923706055
2020-05-04,18.290000915527344,17.270000457763672,17.510000228881836,17.969999313354492,447100.0,17.969999313354492
2020-05-05,18.979999542236328,17.399999618530273,18.489999771118164,17.59000015258789,304200.0,17.59000015258789
2020-05-06,17.790000915527344,16.299999237060547,17.6200008392334,16.34000015258789,244200.0,16.34000015258789
2020-05-07,17.489999771118164,16.549999237060547,16.6200008392334,16.690000534057617,378700.0,16.690000534057617
2020-05-08,18.34000015258789,16.93000030517578,17.389999389648438,18.200000762939453,475300.0,18.200000762939453
2020-05-11,17.729999542236328,16.950000762939453,17.729999542236328,17.34000015258789,299700.0,17.34000015258789
2020-05-12,17.860000610351562,16.190000534057617,17.440000534057617,16.260000228881836,432500.0,16.260000228881836
2020-05-13,16.200000762939453,14.859999656677246,16.1299991607666,15.210000038146973,466900.0,15.210000038146973
2020-05-14,15.380000114440918,13.800000190734863,14.84000015258789,15.079999923706055,490300.0,15.079999923706055
2020-05-15,15.600000381469727,14.75,14.979999542236328,15.239999771118164,405400.0,15.239999771118164
2020-05-18,17.829999923706055,16.209999084472656,16.479999542236328,17.649999618530273,489100.0,17.649999618530273
2020-05-19,17.969999313354492,16.84000015258789,17.469999313354492,17.1299991607666,290100.0,17.1299991607666
2020-05-20,18.079999923706055,17.579999923706055,17.649999618530273,17.760000228881836,250600.0,17.760000228881836
2020-05-21,18.34000015258789,17.520000457763672,17.75,17.940000534057617,270700.0,17.940000534057617
2020-05-22,18.200000762939453,17.670000076293945,18.200000762939453,17.920000076293945,207400.0,17.920000076293945
2020-05-26,19.729999542236328,18.649999618530273,18.649999618530273,19.260000228881836,408400.0,19.260000228881836
2020-05-27,21.309999465942383,19.90999984741211,20.31999969482422,21.270000457763672,546700.0,21.270000457763672
2020-05-28,22.280000686645508,20.510000228881836,21.950000762939453,20.739999771118164,642500.0,20.739999771118164
2020-05-29,20.579999923706055,19.329999923706055,20.040000915527344,20.170000076293945,483700.0,20.170000076293945
2020-06-01,21.170000076293945,19.920000076293945,20.420000076293945,20.079999923706055,609400.0,20.079999923706055
2020-06-02,21.190000534057617,20.299999237060547,20.3700008392334,20.56999969482422,441700.0,20.56999969482422
2020-06-03,25.290000915527344,21.43000030517578,21.530000686645508,24.940000534057617,1066300.0,24.940000534057617
2020-06-04,27.450000762939453,25.010000228881836,27.450000762939453,25.600000381469727,1001000.0,25.600000381469727
2020-06-05,28.65999984741211,26.799999237060547,27.5,27.190000534057617,781700.0,27.190000534057617
2020-06-08,30.479999542236328,28.110000610351562,28.700000762939453,28.979999542236328,877900.0,28.979999542236328
2020-06-09,28.399999618530273,26.90999984741211,28.030000686645508,27.1200008392334,459600.0,27.1200008392334
2020-06-10,26.600000381469727,23.889999389648438,26.420000076293945,24.510000228881836,600900.0,24.510000228881836
2020-06-11,23.1200008392334,20.690000534057617,22.059999465942383,20.799999237060547,530300.0,20.799999237060547
2020-06-12,24.15999984741211,22.450000762939453,24.15999984741211,23.280000686645508,650300.0,23.280000686645508
2020-06-15,23.06999969482422,21.40999984741211,21.540000915527344,22.959999084472656,486400.0,22.959999084472656
2020-06-16,25.0,23.350000381469727,24.8799991607666,24.1299991607666,433500.0,24.1299991607666
2020-06-17,24.40999984741211,22.3799991607666,24.059999465942383,22.540000915527344,412100.0,22.540000915527344
2020-06-18,23.110000610351562,21.690000534057617,21.90999984741211,22.549999237060547,343400.0,22.549999237060547
2020-06-19,23.280000686645508,21.239999771118164,23.09000015258789,21.34000015258789,1263700.0,21.34000015258789
2020-06-22,21.06999969482422,20.209999084472656,20.979999542236328,20.959999084472656,368900.0,20.959999084472656
2020-06-23,21.399999618530273,20.030000686645508,21.350000381469727,20.90999984741211,468000.0,20.90999984741211
2020-06-24,20.600000381469727,19.030000686645508,20.40999984741211,19.06999969482422,742800.0,19.06999969482422
2020-06-25,19.399999618530273,18.309999465942383,18.510000228881836,19.200000762939453,715800.0,19.200000762939453
2020-06-26,19.190000534057617,18.670000076293945,19.0,19.059999465942383,548500.0,19.059999465942383
2020-06-29,21.030000686645508,19.510000228881836,19.790000915527344,21.0,395700.0,21.0
2020-06-30,21.329999923706055,20.059999465942383,21.0,20.670000076293945,450200.0,20.670000076293945
2020-07-01,21.959999084472656,20.649999618530273,20.670000076293945,21.010000228881836,497700.0,21.010000228881836
2020-07-02,22.0,20.719999313354492,21.709999084472656,20.799999237060547,336100.0,20.799999237060547
2020-07-06,21.649999618530273,20.43000030517578,21.469999313354492,21.09000015258789,319700.0,21.09000015258789
2020-07-07,20.8799991607666,19.31999969482422,20.559999465942383,19.399999618530273,439300.0,19.399999618530273
2020-07-08,19.75,18.780000686645508,19.420000076293945,19.399999618530273,339900.0,19.399999618530273
2020-07-09,19.280000686645508,17.770000457763672,19.149999618530273,17.829999923706055,447000.0,17.829999923706055
2020-07-10,19.020000457763672,17.520000457763672,17.690000534057617,19.010000228881836,350100.0,19.010000228881836
2020-07-13,19.780000686645508,18.389999389648438,19.149999618530273,18.940000534057617,313700.0,18.940000534057617
2020-07-14,19.31999969482422,18.549999237060547,18.739999771118164,19.100000381469727,258900.0,19.100000381469727
2020-07-15,19.8799991607666,18.780000686645508,19.329999923706055,19.459999084472656,404400.0,19.459999084472656
2020-07-16,19.59000015258789,18.8799991607666,19.149999618530273,19.18000030517578,257800.0,19.18000030517578
2020-07-17,19.579999923706055,18.809999465942383,19.239999771118164,19.079999923706055,239000.0,19.079999923706055
2020-07-20,18.979999542236328,17.989999771118164,18.979999542236328,18.190000534057617,277200.0,18.190000534057617
2020-07-21,19.760000228881836,18.670000076293945,18.950000762939453,19.170000076293945,380900.0,19.170000076293945
2020-07-22,19.6299991607666,18.139999389648438,19.3700008392334,19.010000228881836,794300.0,19.010000228881836
2020-07-23,19.690000534057617,18.549999237060547,18.8799991607666,19.229999542236328,596200.0,19.229999542236328
2020-07-24,19.329999923706055,17.959999084472656,19.09000015258789,17.989999771118164,536900.0,17.989999771118164
2020-07-27,18.479999542236328,17.56999969482422,18.149999618530273,17.719999313354492,330700.0,17.719999313354492
2020-07-28,17.93000030517578,17.1299991607666,17.610000610351562,17.139999389648438,302100.0,17.139999389648438
2020-07-29,17.510000228881836,16.93000030517578,17.200000762939453,17.469999313354492,253000.0,17.469999313354492
2020-07-30,17.209999084472656,16.56999969482422,16.969999313354492,16.780000686645508,250700.0,16.780000686645508
2020-07-31,17.290000915527344,16.530000686645508,16.729999542236328,17.219999313354492,335200.0,17.219999313354492
2020-08-03,17.309999465942383,16.559999465942383,17.290000915527344,17.15999984741211,459500.0,17.15999984741211
2020-08-04,17.6299991607666,17.139999389648438,17.170000076293945,17.3799991607666,301600.0,17.3799991607666
2020-08-05,18.209999084472656,17.600000381469727,17.690000534057617,18.18000030517578,355100.0,18.18000030517578
2020-08-06,18.489999771118164,17.940000534057617,18.18000030517578,18.139999389648438,260200.0,18.139999389648438
2020-08-07,18.799999237060547,17.8700008392334,18.049999237060547,18.770000457763672,267300.0,18.770000457763672
2020-08-10,19.940000534057617,18.889999389648438,18.940000534057617,19.670000076293945,272100.0,19.670000076293945
2020-08-11,20.829999923706055,20.139999389648438,20.239999771118164,20.280000686645508,387500.0,20.280000686645508
2020-08-12,20.75,19.350000381469727,20.670000076293945,19.90999984741211,293100.0,19.90999984741211
2020-08-13,20.139999389648438,19.450000762939453,19.6299991607666,19.540000915527344,185000.0,19.540000915527344
2020-08-14,20.389999389648438,19.149999618530273,19.280000686645508,20.1299991607666,271100.0,20.1299991607666
2020-08-17,20.18000030517578,19.219999313354492,20.1299991607666,19.3700008392334,191700.0,19.3700008392334
2020-08-18,19.40999984741211,18.799999237060547,19.3700008392334,18.899999618530273,177500.0,18.899999618530273
2020-08-19,19.799999237060547,18.780000686645508,18.969999313354492,19.510000228881836,256300.0,19.510000228881836
2020-08-20,19.280000686645508,18.670000076293945,19.239999771118164,19.25,218200.0,19.25
2020-08-21,19.149999618530273,18.56999969482422,18.979999542236328,18.799999237060547,321200.0,18.799999237060547
2020-08-24,20.049999237060547,18.84000015258789,18.969999313354492,19.850000381469727,305000.0,19.850000381469727
2020-08-25,20.290000915527344,19.56999969482422,20.030000686645508,19.899999618530273,168300.0,19.899999618530273
2020-08-26,19.719999313354492,18.760000228881836,19.719999313354492,19.0,300700.0,19.0
2020-08-27,20.25,19.09000015258789,19.09000015258789,19.889999389648438,299900.0,19.889999389648438
2020-08-28,20.5,19.8799991607666,20.0,20.489999771118164,209200.0,20.489999771118164
2020-08-31,20.510000228881836,20.079999923706055,20.510000228881836,20.18000030517578,409100.0,20.18000030517578
2020-09-01,20.3799991607666,19.510000228881836,19.989999771118164,20.309999465942383,263200.0,20.309999465942383
2020-09-02,20.670000076293945,20.190000534057617,20.3700008392334,20.520000457763672,166800.0,20.520000457763672
2020-09-03,21.450000762939453,19.940000534057617,20.649999618530273,20.110000610351562,295500.0,20.110000610351562
2020-09-04,20.790000915527344,19.700000762939453,20.56999969482422,20.229999542236328,184400.0,20.229999542236328
2020-09-08,20.149999618530273,19.489999771118164,19.920000076293945,19.59000015258789,239000.0,19.59000015258789
2020-09-09,19.760000228881836,18.520000457763672,19.75,18.6299991607666,291800.0,18.6299991607666
2020-09-10,19.020000457763672,17.920000076293945,18.709999084472656,18.020000457763672,433100.0,18.020000457763672
2020-09-11,18.530000686645508,17.979999542236328,18.239999771118164,18.260000228881836,305200.0,18.260000228881836
2020-09-14,19.049999237060547,18.350000381469727,18.56999969482422,19.010000228881836,270800.0,19.010000228881836
2020-09-15,19.25,18.559999465942383,19.030000686645508,18.600000381469727,225200.0,18.600000381469727
2020-09-16,19.93000030517578,18.3700008392334,18.649999618530273,19.440000534057617,482200.0,19.440000534057617
2020-09-17,20.1299991607666,18.979999542236328,19.010000228881836,19.940000534057617,271700.0,19.940000534057617
2020-09-18,20.350000381469727,19.549999237060547,20.049999237060547,19.829999923706055,712600.0,19.829999923706055
2020-09-21,19.25,17.93000030517578,19.110000610351562,18.270000457763672,500700.0,18.270000457763672
2020-09-22,18.8700008392334,17.760000228881836,18.360000610351562,18.020000457763672,327000.0,18.020000457763672
2020-09-23,18.559999465942383,17.3799991607666,18.059999465942383,17.479999542236328,372200.0,17.479999542236328
2020-09-24,17.969999313354492,16.899999618530273,17.43000030517578,17.829999923706055,431300.0,17.829999923706055
2020-09-25,20.229999542236328,18.299999237060547,18.360000610351562,19.549999237060547,916500.0,19.549999237060547
2020-09-28,20.899999618530273,19.850000381469727,20.040000915527344,19.860000610351562,498200.0,19.860000610351562
2020-09-29,19.719999313354492,18.81999969482422,19.700000762939453,19.110000610351562,270500.0,19.110000610351562
2020-09-30,19.719999313354492,18.65999984741211,19.239999771118164,18.799999237060547,457500.0,18.799999237060547
2020-10-01,19.5,18.850000381469727,18.950000762939453,19.09000015258789,296400.0,19.09000015258789
2020-10-02,19.59000015258789,18.3700008392334,18.479999542236328,19.479999542236328,230500.0,19.479999542236328
2020-10-05,19.860000610351562,19.3799991607666,19.6200008392334,19.399999618530273,232100.0,19.399999618530273
2020-10-06,19.940000534057617,19.010000228881836,19.68000030517578,19.030000686645508,229400.0,19.030000686645508
2020-10-07,19.829999923706055,19.06999969482422,19.420000076293945,19.329999923706055,295000.0,19.329999923706055
2020-10-08,20.549999237060547,19.389999389648438,19.709999084472656,20.40999984741211,256600.0,20.40999984741211
2020-10-09,20.75,20.139999389648438,20.65999984741211,20.479999542236328,277100.0,20.479999542236328
2020-10-12,20.860000610351562,20.200000762939453,20.489999771118164,20.670000076293945,221700.0,20.670000076293945
2020-10-13,20.649999618530273,19.780000686645508,20.31999969482422,19.93000030517578,337500.0,19.93000030517578
2020-10-14,20.299999237060547,19.690000534057617,19.950000762939453,19.729999542236328,162500.0,19.729999542236328
2020-10-15,20.0,19.110000610351562,19.34000015258789,19.979999542236328,166700.0,19.979999542236328
2020-10-16,20.299999237060547,19.780000686645508,20.09000015258789,19.8700008392334,143400.0,19.8700008392334
2020-10-19,20.450000762939453,19.780000686645508,19.90999984741211,19.899999618530273,150300.0,19.899999618530273
2020-10-20,20.399999618530273,19.90999984741211,20.030000686645508,20.09000015258789,254900.0,20.09000015258789
2020-10-21,20.1299991607666,19.739999771118164,20.1299991607666,19.860000610351562,183200.0,19.860000610351562
2020-10-22,21.100000381469727,19.84000015258789,19.84000015258789,20.65999984741211,287100.0,20.65999984741211
2020-10-23,21.100000381469727,20.309999465942383,20.81999969482422,20.56999969482422,237000.0,20.56999969482422
2020-10-26,20.18000030517578,19.770000457763672,20.09000015258789,20.0,220400.0,20.0
2020-10-27,19.889999389648438,19.280000686645508,19.889999389648438,19.309999465942383,246100.0,19.309999465942383
2020-10-28,19.34000015258789,18.610000610351562,18.65999984741211,18.670000076293945,286800.0,18.670000076293945
2020-10-29,19.549999237060547,18.219999313354492,18.520000457763672,19.440000534057617,206300.0,19.440000534057617
2020-10-30,19.639999389648438,18.989999771118164,19.559999465942383,19.459999084472656,178200.0,19.459999084472656
2020-11-02,20.530000686645508,19.56999969482422,20.0,20.350000381469727,245500.0,20.350000381469727
2020-11-03,20.989999771118164,20.459999084472656,20.860000610351562,20.75,169000.0,20.75
2020-11-04,20.760000228881836,19.600000381469727,19.979999542236328,20.040000915527344,203600.0,20.040000915527344
2020-11-05,20.780000686645508,20.030000686645508,20.030000686645508,20.520000457763672,148800.0,20.520000457763672
2020-11-06,20.540000915527344,19.969999313354492,20.540000915527344,20.059999465942383,127500.0,20.059999465942383
2020-11-09,24.0,22.350000381469727,22.350000381469727,23.6299991607666,529900.0,23.6299991607666
2020-11-10,24.760000228881836,23.510000228881836,23.65999984741211,24.670000076293945,671000.0,24.670000076293945
2020-11-11,24.920000076293945,23.670000076293945,24.920000076293945,24.040000915527344,343700.0,24.040000915527344
2020-11-12,23.68000030517578,22.90999984741211,23.5,23.25,274900.0,23.25
2020-11-13,24.90999984741211,23.510000228881836,23.510000228881836,24.780000686645508,177400.0,24.780000686645508
2020-11-16,26.979999542236328,25.700000762939453,25.700000762939453,26.65999984741211,240200.0,26.65999984741211
2020-11-17,27.329999923706055,25.389999389648438,26.030000686645508,27.110000610351562,241100.0,27.110000610351562
2020-11-18,27.829999923706055,26.200000762939453,27.65999984741211,26.209999084472656,286300.0,26.209999084472656
2020-11-19,27.0,25.639999389648438,26.079999923706055,26.5,188300.0,26.5
2020-11-20,26.809999465942383,25.920000076293945,26.329999923706055,26.530000686645508,230400.0,26.530000686645508
2020-11-23,29.510000228881836,26.93000030517578,27.09000015258789,29.25,301800.0,29.25
2020-11-24,30.65999984741211,29.360000610351562,29.5,29.829999923706055,535000.0,29.829999923706055
2020-11-25,29.31999969482422,28.020000457763672,29.270000457763672,29.190000534057617,441800.0,29.190000534057617
2020-11-27,29.6299991607666,28.899999618530273,29.139999389648438,29.56999969482422,230500.0,29.56999969482422
2020-11-30,29.350000381469727,28.059999465942383,29.31999969482422,28.3700008392334,379800.0,28.3700008392334
2020-12-01,30.75,29.40999984741211,29.969999313354492,30.65999984741211,327800.0,30.65999984741211
2020-12-02,32.40999984741211,29.959999084472656,30.510000228881836,32.25,411400.0,32.25
2020-12-03,33.97999954223633,32.11000061035156,32.5,33.189998626708984,460700.0,33.189998626708984
2020-12-04,34.939998626708984,33.47999954223633,34.099998474121094,34.75,351700.0,34.75
2020-12-07,34.65999984741211,33.25,34.380001068115234,34.029998779296875,259100.0,34.029998779296875
2020-12-08,34.61000061035156,33.22999954223633,33.5099983215332,34.27000045776367,350000.0,34.27000045776367
2020-12-09,35.130001068115234,33.650001525878906,34.779998779296875,34.869998931884766,528100.0,34.869998931884766
2020-12-10,35.099998474121094,33.88999938964844,34.630001068115234,34.060001373291016,303700.0,34.060001373291016
2020-12-11,34.18000030517578,33.08000183105469,33.630001068115234,34.02000045776367,222200.0,34.02000045776367
2020-12-14,34.41999816894531,33.15999984741211,34.290000915527344,33.7599983215332,280100.0,33.7599983215332
2020-12-15,35.529998779296875,32.939998626708984,33.86000061035156,35.34000015258789,319100.0,35.34000015258789
2020-12-16,35.84000015258789,34.16999816894531,35.84000015258789,34.290000915527344,326600.0,34.290000915527344
2020-12-17,34.880001068115234,33.599998474121094,34.439998626708984,34.630001068115234,346600.0,34.630001068115234
2020-12-18,36.77000045776367,32.060001373291016,33.52000045776367,35.18000030517578,1531600.0,35.18000030517578
2020-12-21,35.959999084472656,34.310001373291016,34.65999984741211,35.529998779296875,664200.0,35.529998779296875
2020-12-22,36.599998474121094,35.29999923706055,35.93000030517578,35.869998931884766,376400.0,35.869998931884766
2020-12-23,37.529998779296875,35.45000076293945,36.29999923706055,35.959999084472656,309700.0,35.959999084472656
2020-12-24,36.939998626708984,34.9900016784668,36.189998626708984,35.4900016784668,134400.0,35.4900016784668
2020-12-28,36.27000045776367,35.130001068115234,35.7599983215332,35.779998779296875,275800.0,35.779998779296875
2020-12-29,36.029998779296875,34.86000061035156,35.939998626708984,35.41999816894531,259100.0,35.41999816894531
2020-12-30,36.650001525878906,35.66999816894531,35.66999816894531,36.18000030517578,173500.0,36.18000030517578
2020-12-31,36.77000045776367,36.130001068115234,36.349998474121094,36.220001220703125,294500.0,36.220001220703125
2021-01-04,36.599998474121094,34.099998474121094,36.20000076293945,34.36000061035156,331500.0,34.36000061035156
2021-01-05,36.459999084472656,34.619998931884766,34.619998931884766,36.0099983215332,304400.0,36.0099983215332
2021-01-06,38.560001373291016,36.7599983215332,36.7599983215332,38.45000076293945,507500.0,38.45000076293945
2021-01-07,39.029998779296875,38.040000915527344,38.81999969482422,38.619998931884766,319900.0,38.619998931884766
2021-01-08,38.869998931884766,37.209999084472656,38.869998931884766,37.95000076293945,276600.0,37.95000076293945
2021-01-11,38.220001220703125,37.130001068115234,37.130001068115234,37.79999923706055,203800.0,37.79999923706055
2021-01-12,39.25,37.86000061035156,38.36000061035156,38.77000045776367,352100.0,38.77000045776367
2021-01-13,39.029998779296875,37.5,38.439998626708984,38.84000015258789,393500.0,38.84000015258789
2021-01-14,40.7400016784668,39.08000183105469,39.16999816894531,39.709999084472656,331600.0,39.709999084472656
2021-01-15,39.380001068115234,38.13999938964844,38.95000076293945,38.20000076293945,375400.0,38.20000076293945
2021-01-19,39.400001525878906,37.709999084472656,38.61000061035156,37.779998779296875,244200.0,37.779998779296875
2021-01-20,38.59000015258789,37.22999954223633,37.9900016784668,37.43000030517578,156200.0,37.43000030517578
2021-01-21,37.650001525878906,36.119998931884766,37.43000030517578,37.02000045776367,325700.0,37.02000045776367
2021-01-22,37.220001220703125,36.209999084472656,36.369998931884766,37.15999984741211,257600.0,37.15999984741211
2021-01-25,37.279998779296875,36.099998474121094,36.83000183105469,36.86000061035156,208300.0,36.86000061035156
2021-01-26,37.4900016784668,34.95000076293945,37.439998626708984,35.0099983215332,187900.0,35.0099983215332
2021-01-27,35.20000076293945,33.209999084472656,33.7599983215332,33.81999969482422,313600.0,33.81999969482422
2021-01-28,35.560001373291016,34.2400016784668,34.25,35.119998931884766,238100.0,35.119998931884766
2021-01-29,35.13999938964844,33.4900016784668,35.0,33.54999923706055,231000.0,33.54999923706055
2021-02-01,34.79999923706055,33.09000015258789,33.90999984741211,34.529998779296875,150800.0,34.529998779296875
2021-02-02,35.880001068115234,34.59000015258789,35.02000045776367,35.790000915527344,180300.0,35.790000915527344
2021-02-03,36.380001068115234,35.439998626708984,35.619998931884766,36.279998779296875,159800.0,36.279998779296875
2021-02-04,37.41999816894531,36.36000061035156,36.36000061035156,37.36000061035156,121800.0,37.36000061035156
2021-02-05,37.91999816894531,36.650001525878906,37.79999923706055,37.0099983215332,140600.0,37.0099983215332
2021-02-08,38.72999954223633,37.04999923706055,37.47999954223633,38.630001068115234,156600.0,38.630001068115234
2021-02-09,38.900001525878906,37.75,38.459999084472656,38.099998474121094,154200.0,38.099998474121094
2021-02-10,38.439998626708984,37.5099983215332,38.439998626708984,37.689998626708984,150200.0,37.689998626708984
2021-02-11,38.5,36.72999954223633,37.720001220703125,38.0,178300.0,38.0
2021-02-12,38.9900016784668,37.4900016784668,37.689998626708984,38.38999938964844,139300.0,38.38999938964844
2021-02-16,39.790000915527344,38.630001068115234,38.790000915527344,38.97999954223633,186700.0,38.97999954223633
2021-02-17,39.36000061035156,38.47999954223633,38.779998779296875,39.209999084472656,116500.0,39.209999084472656
2021-02-18,39.0,38.2400016784668,38.7599983215332,38.65999984741211,157000.0,38.65999984741211
2021-02-19,40.70000076293945,38.939998626708984,38.939998626708984,40.630001068115234,167700.0,40.630001068115234
2021-02-22,41.880001068115234,40.09000015258789,40.09000015258789,41.06999969482422,264600.0,41.06999969482422
2021-02-23,42.11000061035156,40.33000183105469,41.0,42.0,184400.0,42.0
2021-02-24,43.040000915527344,41.529998779296875,41.9900016784668,42.77000045776367,253900.0,42.77000045776367
2021-02-25,42.81999969482422,39.56999969482422,42.81999969482422,39.95000076293945,169400.0,39.95000076293945
2021-02-26,40.68000030517578,38.849998474121094,39.81999969482422,39.779998779296875,202700.0,39.779998779296875
2021-03-01,42.2599983215332,40.84000015258789,41.029998779296875,42.060001373291016,279200.0,42.060001373291016
2021-03-02,42.34000015258789,40.63999938964844,41.86000061035156,40.810001373291016,195100.0,40.810001373291016
2021-03-03,42.0,40.75,40.90999984741211,40.95000076293945,168700.0,40.95000076293945
2021-03-04,41.880001068115234,39.61000061035156,41.029998779296875,40.77000045776367,287500.0,40.77000045776367
2021-03-05,41.84000015258789,39.040000915527344,41.7400016784668,41.77000045776367,259400.0,41.77000045776367
2021-03-08,43.459999084472656,41.7599983215332,42.400001525878906,42.11000061035156,189500.0,42.11000061035156
2021-03-09,42.880001068115234,41.709999084472656,42.68000030517578,41.900001525878906,197700.0,41.900001525878906
2021-03-10,43.66999816894531,41.29999923706055,42.2400016784668,43.20000076293945,319100.0,43.20000076293945
2021-03-11,45.119998931884766,43.25,43.709999084472656,44.790000915527344,341500.0,44.790000915527344
2021-03-12,45.4900016784668,43.900001525878906,44.81999969482422,43.970001220703125,330600.0,43.970001220703125
2021-03-15,44.849998474121094,43.349998474121094,43.90999984741211,44.119998931884766,228300.0,44.119998931884766
2021-03-16,44.02000045776367,42.52000045776367,44.02000045776367,43.25,180100.0,43.25
2021-03-17,44.65999984741211,42.52000045776367,43.040000915527344,44.619998931884766,261600.0,44.619998931884766
2021-03-18,44.58000183105469,42.25,44.20000076293945,42.290000915527344,264400.0,42.290000915527344
2021-03-19,42.970001220703125,40.400001525878906,42.380001068115234,42.279998779296875,737000.0,42.279998779296875
2021-03-22,42.95000076293945,41.029998779296875,42.720001220703125,41.58000183105469,241400.0,41.58000183105469
2021-03-23,41.619998931884766,39.56999969482422,41.029998779296875,39.97999954223633,335700.0,39.97999954223633
2021-03-24,45.0,40.65999984741211,41.27000045776367,40.720001220703125,501600.0,40.720001220703125
2021-03-25,43.15999984741211,40.29999923706055,40.540000915527344,42.86000061035156,472400.0,42.86000061035156
2021-03-26,44.20000076293945,42.29999923706055,43.68000030517578,42.880001068115234,363000.0,42.880001068115234
2021-03-29,44.369998931884766,41.52000045776367,42.9900016784668,41.560001373291016,310000.0,41.560001373291016
2021-03-30,42.349998474121094,41.54999923706055,41.560001373291016,42.029998779296875,334400.0,42.029998779296875
2021-03-31,42.630001068115234,41.369998931884766,42.06999969482422,41.650001525878906,279400.0,41.650001525878906
2021-04-01,42.63999938964844,41.66999816894531,41.849998474121094,42.11000061035156,238100.0,42.11000061035156
2021-04-05,43.290000915527344,41.779998779296875,42.54999923706055,41.9900016784668,333300.0,41.9900016784668
2021-04-06,42.66999816894531,41.189998626708984,41.900001525878906,41.61000061035156,263700.0,41.61000061035156
2021-04-07,42.0099983215332,40.45000076293945,41.54999923706055,40.65999984741211,204000.0,40.65999984741211
2021-04-08,41.099998474121094,39.849998474121094,40.70000076293945,41.0099983215332,384300.0,41.0099983215332
2021-04-09,41.130001068115234,40.220001220703125,40.900001525878906,40.88999938964844,183900.0,40.88999938964844
2021-04-12,41.220001220703125,40.33000183105469,41.11000061035156,40.91999816894531,144300.0,40.91999816894531
2021-04-13,40.75,39.849998474121094,40.65999984741211,40.22999954223633,257300.0,40.22999954223633
2021-04-14,41.68000030517578,40.459999084472656,40.5099983215332,41.08000183105469,158800.0,41.08000183105469
2021-04-15,41.310001373291016,40.279998779296875,41.310001373291016,40.7599983215332,151700.0,40.7599983215332
2021-04-16,41.5099983215332,40.2599983215332,41.18000030517578,40.650001525878906,137400.0,40.650001525878906
2021-04-19,40.209999084472656,39.290000915527344,40.209999084472656,39.779998779296875,293300.0,39.779998779296875
2021-04-20,39.72999954223633,37.959999084472656,39.5,38.5099983215332,261400.0,38.5099983215332
2021-04-21,40.060001373291016,38.2599983215332,38.36000061035156,39.869998931884766,425700.0,39.869998931884766
2021-04-22,41.41999816894531,39.560001373291016,40.209999084472656,39.81999969482422,416800.0,39.81999969482422
2021-04-23,40.66999816894531,39.61000061035156,39.959999084472656,40.380001068115234,440000.0,40.380001068115234
2021-04-26,41.20000076293945,40.119998931884766,40.689998626708984,40.27000045776367,363800.0,40.27000045776367
2021-04-27,40.7599983215332,39.68000030517578,40.470001220703125,40.29999923706055,627400.0,40.29999923706055
2021-04-28,40.61000061035156,39.68000030517578,40.13999938964844,39.90999984741211,340700.0,39.90999984741211
2021-04-29,40.81999969482422,39.68000030517578,40.43000030517578,40.599998474121094,419900.0,40.599998474121094
2021-04-30,40.83000183105469,39.790000915527344,39.939998626708984,40.2400016784668,250300.0,40.2400016784668
2021-05-03,40.93000030517578,39.7400016784668,40.66999816894531,40.040000915527344,328300.0,40.040000915527344
2021-05-04,40.38999938964844,39.06999969482422,40.0099983215332,39.79999923706055,385700.0,39.79999923706055
2021-05-05,39.970001220703125,39.08000183105469,39.77000045776367,39.439998626708984,180300.0,39.439998626708984
2021-05-06,39.880001068115234,38.459999084472656,39.63999938964844,39.83000183105469,183300.0,39.83000183105469
2021-05-07,40.470001220703125,39.459999084472656,39.689998626708984,40.349998474121094,271200.0,40.349998474121094
2021-05-10,40.83000183105469,39.400001525878906,40.56999969482422,39.41999816894531,267100.0,39.41999816894531
2021-05-11,39.52000045776367,37.900001525878906,38.349998474121094,38.97999954223633,258600.0,38.97999954223633
2021-05-12,39.25,37.150001525878906,38.599998474121094,37.2400016784668,245700.0,37.2400016784668
2021-05-13,39.4900016784668,37.380001068115234,37.380001068115234,39.189998626708984,311800.0,39.189998626708984
2021-05-14,40.029998779296875,38.65999984741211,39.560001373291016,39.880001068115234,202600.0,39.880001068115234
2021-05-17,40.380001068115234,38.93000030517578,39.459999084472656,40.2599983215332,192300.0,40.2599983215332
2021-05-18,40.47999954223633,39.81999969482422,40.209999084472656,39.970001220703125,367900.0,39.970001220703125
2021-05-19,39.65999984741211,38.939998626708984,39.150001525878906,39.5099983215332,333200.0,39.5099983215332
2021-05-20,39.810001373291016,39.0,39.5,39.65999984741211,215600.0,39.65999984741211
2021-05-21,40.7400016784668,38.88999938964844,40.2400016784668,39.040000915527344,585400.0,39.040000915527344
2021-05-24,39.709999084472656,38.72999954223633,39.290000915527344,39.5,154600.0,39.5
2021-05-25,40.31999969482422,39.25,39.66999816894531,39.41999816894531,204200.0,39.41999816894531
2021-05-26,40.2400016784668,39.029998779296875,39.45000076293945,40.209999084472656,170000.0,40.209999084472656
2021-05-27,41.56999969482422,40.630001068115234,40.900001525878906,41.369998931884766,359600.0,41.369998931884766
2021-05-28,41.81999969482422,40.720001220703125,41.5,41.75,228100.0,41.75
2021-06-01,42.970001220703125,41.75,42.060001373291016,42.560001373291016,367800.0,42.560001373291016
2021-06-02,42.75,41.279998779296875,42.75,41.529998779296875,292000.0,41.529998779296875
2021-06-03,41.58000183105469,40.470001220703125,41.22999954223633,41.290000915527344,170900.0,41.290000915527344
2021-06-04,41.7599983215332,40.91999816894531,41.5,41.43000030517578,262600.0,41.43000030517578
2021-06-07,41.540000915527344,40.59000015258789,41.380001068115234,40.939998626708984,308100.0,40.939998626708984
2021-06-08,42.0,40.81999969482422,41.25,41.47999954223633,236300.0,41.47999954223633
2021-06-09,41.560001373291016,40.2400016784668,41.560001373291016,40.2599983215332,332100.0,40.2599983215332
2021-06-10,40.90999984741211,39.52000045776367,40.599998474121094,39.720001220703125,348100.0,39.720001220703125
2021-06-11,41.11000061035156,39.86000061035156,40.029998779296875,41.06999969482422,459400.0,41.06999969482422
2021-06-14,41.5,40.290000915527344,41.16999816894531,40.779998779296875,266700.0,40.779998779296875
2021-06-15,42.099998474121094,40.4900016784668,40.81999969482422,41.720001220703125,517800.0,41.720001220703125
2021-06-16,42.0,40.95000076293945,41.47999954223633,41.13999938964844,290800.0,41.13999938964844
2021-06-17,41.470001220703125,39.95000076293945,41.279998779296875,40.5099983215332,349500.0,40.5099983215332
2021-06-18,40.650001525878906,39.45000076293945,39.72999954223633,39.630001068115234,1035600.0,39.630001068115234
2021-06-21,40.66999816894531,39.72999954223633,39.79999923706055,40.40999984741211,504500.0,40.40999984741211
2021-06-22,40.47999954223633,39.20000076293945,40.04999923706055,40.25,274800.0,40.25
2021-06-23,40.22999954223633,38.869998931884766,40.22999954223633,39.0,349400.0,39.0
2021-06-24,39.86000061035156,38.13999938964844,39.16999816894531,39.810001373291016,355900.0,39.810001373291016
2021-06-25,40.459999084472656,39.58000183105469,39.880001068115234,39.709999084472656,610500.0,39.709999084472656
2021-06-28,39.59000015258789,38.16999816894531,39.38999938964844,38.540000915527344,333500.0,38.540000915527344
2021-06-29,39.779998779296875,38.22999954223633,39.2599983215332,38.2400016784668,362600.0,38.2400016784668
2021-06-30,38.93000030517578,37.650001525878906,37.959999084472656,38.75,389800.0,38.75
2021-07-01,39.209999084472656,38.599998474121094,39.189998626708984,38.97999954223633,193000.0,38.97999954223633
2021-07-02,38.88999938964844,38.0,38.63999938964844,38.119998931884766,213500.0,38.119998931884766
2021-07-06,38.0099983215332,36.5099983215332,38.0,37.34000015258789,291900.0,37.34000015258789
2021-07-07,37.400001525878906,36.13999938964844,36.959999084472656,36.849998474121094,351900.0,36.849998474121094
2021-07-08,37.41999816894531,35.38999938964844,35.900001525878906,36.75,331100.0,36.75
2021-07-09,37.84000015258789,37.119998931884766,37.540000915527344,37.56999969482422,156500.0,37.56999969482422
2021-07-12,37.779998779296875,36.720001220703125,37.18000030517578,37.7400016784668,210600.0,37.7400016784668
2021-07-13,37.47999954223633,36.38999938964844,37.189998626708984,36.84000015258789,361200.0,36.84000015258789
2021-07-14,37.790000915527344,36.68000030517578,37.20000076293945,36.72999954223633,227800.0,36.72999954223633
2021-07-15,36.93000030517578,36.130001068115234,36.5099983215332,36.43000030517578,276700.0,36.43000030517578
2021-07-16,37.7599983215332,36.220001220703125,37.7599983215332,36.369998931884766,239600.0,36.369998931884766
2021-07-19,35.529998779296875,34.13999938964844,35.529998779296875,34.279998779296875,491800.0,34.279998779296875
2021-07-20,36.650001525878906,34.33000183105469,34.40999984741211,36.29999923706055,366500.0,36.29999923706055
2021-07-21,38.529998779296875,35.43000030517578,35.70000076293945,37.38999938964844,381500.0,37.38999938964844
2021-07-22,37.29999923706055,36.31999969482422,37.15999984741211,36.380001068115234,392200.0,36.380001068115234
2021-07-23,37.119998931884766,36.25,36.689998626708984,36.439998626708984,266800.0,36.439998626708984
2021-07-26,36.84000015258789,35.9900016784668,36.439998626708984,36.380001068115234,225900.0,36.380001068115234
2021-07-27,36.54999923706055,35.63999938964844,35.84000015258789,35.970001220703125,166200.0,35.970001220703125
2021-07-28,36.849998474121094,35.34000015258789,36.40999984741211,35.9900016784668,221800.0,35.9900016784668
2021-07-29,37.08000183105469,35.91999816894531,36.290000915527344,36.81999969482422,273200.0,36.81999969482422
2021-07-30,37.0,35.5099983215332,36.810001373291016,35.7599983215332,313200.0,35.7599983215332
2021-08-02,37.0099983215332,35.0,35.95000076293945,35.029998779296875,194200.0,35.029998779296875
2021-08-03,35.08000183105469,33.61000061035156,35.0,35.040000915527344,401100.0,35.040000915527344
2021-08-04,34.599998474121094,32.97999954223633,34.41999816894531,33.0,317300.0,33.0
2021-08-05,34.5099983215332,33.279998779296875,33.279998779296875,34.0,170300.0,34.0
2021-08-06,34.810001373291016,34.06999969482422,34.540000915527344,34.45000076293945,124100.0,34.45000076293945
2021-08-09,34.33000183105469,33.380001068115234,34.09000015258789,33.65999984741211,157200.0,33.65999984741211
2021-08-10,34.56999969482422,33.45000076293945,33.58000183105469,34.4900016784668,148000.0,34.4900016784668
2021-08-11,35.02000045776367,34.0099983215332,34.38999938964844,35.0099983215332,186300.0,35.0099983215332
2021-08-12,35.130001068115234,34.2400016784668,35.130001068115234,34.66999816894531,158300.0,34.66999816894531
2021-08-13,34.810001373291016,33.95000076293945,34.75,34.06999969482422,139800.0,34.06999969482422
2021-08-16,34.02000045776367,32.88999938964844,33.75,33.689998626708984,183600.0,33.689998626708984
2021-08-17,33.4900016784668,32.560001373291016,33.13999938964844,33.2599983215332,186200.0,33.2599983215332
2021-08-18,33.599998474121094,32.59000015258789,33.029998779296875,32.689998626708984,129500.0,32.689998626708984
2021-08-19,32.88999938964844,31.610000610351562,32.20000076293945,32.150001525878906,229400.0,32.150001525878906
2021-08-20,32.86000061035156,32.02000045776367,32.06999969482422,32.36000061035156,188700.0,32.36000061035156
2021-08-23,33.099998474121094,32.22999954223633,32.880001068115234,32.650001525878906,226500.0,32.650001525878906
2021-08-24,33.43000030517578,32.84000015258789,32.95000076293945,33.18000030517578,253900.0,33.18000030517578
2021-08-25,33.779998779296875,32.97999954223633,33.18000030517578,33.650001525878906,216600.0,33.650001525878906
2021-08-26,33.720001220703125,33.060001373291016,33.720001220703125,33.099998474121094,280700.0,33.099998474121094
2021-08-27,34.630001068115234,33.220001220703125,33.220001220703125,34.400001525878906,220600.0,34.400001525878906
2021-08-30,34.63999938964844,33.619998931884766,34.43000030517578,33.79999923706055,188100.0,33.79999923706055
2021-08-31,34.209999084472656,33.5,33.599998474121094,33.849998474121094,238900.0,33.849998474121094
2021-09-01,34.31999969482422,33.529998779296875,33.9900016784668,34.029998779296875,165000.0,34.029998779296875
2021-09-02,34.5,33.900001525878906,34.25,33.970001220703125,115200.0,33.970001220703125
2021-09-03,34.04999923706055,33.43000030517578,33.77000045776367,33.72999954223633,215700.0,33.72999954223633
2021-09-07,33.93000030517578,33.41999816894531,33.58000183105469,33.61000061035156,183400.0,33.61000061035156
2021-09-08,33.880001068115234,32.88999938964844,33.540000915527344,32.970001220703125,291500.0,32.970001220703125
2021-09-09,33.40999984741211,32.58000183105469,32.90999984741211,32.869998931884766,188000.0,32.869998931884766
2021-09-10,33.13999938964844,32.060001373291016,33.119998931884766,32.099998474121094,205900.0,32.099998474121094
2021-09-13,33.18000030517578,32.25,32.5099983215332,33.150001525878906,317000.0,33.150001525878906
2021-09-14,33.40999984741211,32.22999954223633,33.40999984741211,32.59000015258789,180700.0,32.59000015258789
2021-09-15,33.060001373291016,32.470001220703125,32.709999084472656,32.91999816894531,158800.0,32.91999816894531
2021-09-16,33.189998626708984,32.0099983215332,33.150001525878906,32.04999923706055,151500.0,32.04999923706055
2021-09-17,32.439998626708984,31.670000076293945,32.189998626708984,31.90999984741211,666000.0,31.90999984741211
2021-09-20,31.969999313354492,30.899999618530273,31.329999923706055,31.850000381469727,292500.0,31.850000381469727
2021-09-21,32.04999923706055,31.229999542236328,32.0,31.639999389648438,200000.0,31.639999389648438
2021-09-22,32.779998779296875,32.0,32.0,32.349998474121094,282300.0,32.349998474121094
2021-09-23,33.61000061035156,32.779998779296875,32.83000183105469,33.2400016784668,397100.0,33.2400016784668
2021-09-24,34.54999923706055,31.729999542236328,32.56999969482422,32.900001525878906,581300.0,32.900001525878906
2021-09-27,33.66999816894531,32.5,33.2599983215332,32.5099983215332,380200.0,32.5099983215332
2021-09-28,32.720001220703125,31.850000381469727,32.59000015258789,32.25,375700.0,32.25
2021-09-29,33.0,32.119998931884766,32.619998931884766,32.56999969482422,248000.0,32.56999969482422
2021-09-30,33.22999954223633,32.400001525878906,32.790000915527344,32.43000030517578,420100.0,32.43000030517578
2021-10-01,33.86000061035156,32.7599983215332,32.9900016784668,33.650001525878906,306600.0,33.650001525878906
2021-10-04,33.959999084472656,33.13999938964844,33.529998779296875,33.84000015258789,283500.0,33.84000015258789
2021-10-05,34.119998931884766,33.33000183105469,33.939998626708984,33.95000076293945,193500.0,33.95000076293945
2021-10-06,33.779998779296875,32.349998474121094,33.36000061035156,33.33000183105469,212400.0,33.33000183105469
2021-10-07,34.31999969482422,33.63999938964844,33.689998626708984,34.08000183105469,336600.0,34.08000183105469
2021-10-08,34.4900016784668,33.70000076293945,33.939998626708984,33.72999954223633,224700.0,33.72999954223633
2021-10-11,33.95000076293945,32.97999954223633,33.709999084472656,33.0099983215332,117500.0,33.0099983215332
2021-10-12,33.63999938964844,32.77000045776367,32.93000030517578,33.540000915527344,153900.0,33.540000915527344
2021-10-13,33.5099983215332,32.90999984741211,33.5099983215332,33.349998474121094,232000.0,33.349998474121094
2021-10-14,33.68000030517578,32.91999816894531,33.68000030517578,32.939998626708984,205200.0,32.939998626708984
2021-10-15,34.220001220703125,33.2599983215332,33.68000030517578,33.84000015258789,363800.0,33.84000015258789
2021-10-18,33.619998931884766,33.06999969482422,33.560001373291016,33.08000183105469,222700.0,33.08000183105469
2021-10-19,33.41999816894531,32.47999954223633,33.31999969482422,33.400001525878906,203300.0,33.400001525878906
2021-10-20,33.77000045776367,33.08000183105469,33.189998626708984,33.77000045776367,228700.0,33.77000045776367
2021-10-21,34.06999969482422,33.38999938964844,33.65999984741211,33.849998474121094,227800.0,33.849998474121094
2021-10-22,35.20000076293945,34.099998474121094,34.290000915527344,34.959999084472656,505300.0,34.959999084472656
2021-10-25,35.150001525878906,34.45000076293945,35.0,34.5099983215332,233500.0,34.5099983215332
2021-10-26,35.040000915527344,33.84000015258789,34.27000045776367,34.81999969482422,302700.0,34.81999969482422
2021-10-27,35.43000030517578,34.380001068115234,34.79999923706055,34.75,258100.0,34.75
2021-10-28,35.90999984741211,34.79999923706055,34.90999984741211,35.59000015258789,156000.0,35.59000015258789
2021-10-29,35.900001525878906,35.29999923706055,35.540000915527344,35.369998931884766,266700.0,35.369998931884766
2021-11-01,36.459999084472656,35.33000183105469,35.45000076293945,36.25,183500.0,36.25
2021-11-02,36.54999923706055,35.380001068115234,36.349998474121094,36.15999984741211,280400.0,36.15999984741211
2021-11-03,37.209999084472656,35.84000015258789,36.0,36.93000030517578,196700.0,36.93000030517578
2021-11-04,37.58000183105469,36.72999954223633,37.18000030517578,36.93000030517578,209200.0,36.93000030517578
2021-11-05,39.43000030517578,37.439998626708984,37.65999984741211,39.38999938964844,245600.0,39.38999938964844
2021-11-08,39.63999938964844,38.65999984741211,39.5,38.91999816894531,182400.0,38.91999816894531
2021-11-09,39.0,38.380001068115234,38.68000030517578,38.93000030517578,182900.0,38.93000030517578
2021-11-10,39.2400016784668,38.5099983215332,38.88999938964844,38.900001525878906,157500.0,38.900001525878906
2021-11-11,39.060001373291016,38.18000030517578,39.0099983215332,38.43000030517578,126000.0,38.43000030517578
2021-11-12,38.66999816894531,37.970001220703125,38.40999984741211,38.20000076293945,181900.0,38.20000076293945
2021-11-15,38.81999969482422,37.84000015258789,38.81999969482422,38.02000045776367,162600.0,38.02000045776367
2021-11-16,38.04999923706055,36.97999954223633,37.88999938964844,37.060001373291016,163200.0,37.060001373291016
2021-11-17,37.61000061035156,36.68000030517578,37.13999938964844,37.58000183105469,160500.0,37.58000183105469
2021-11-18,37.650001525878906,36.66999816894531,37.630001068115234,36.9900016784668,175900.0,36.9900016784668
2021-11-19,36.43000030517578,35.529998779296875,36.25,36.36000061035156,336800.0,36.36000061035156
2021-11-22,37.56999969482422,36.310001373291016,36.63999938964844,36.939998626708984,221300.0,36.939998626708984
2021-11-23,37.77000045776367,36.75,37.150001525878906,36.90999984741211,162900.0,36.90999984741211
2021-11-24,37.470001220703125,36.31999969482422,36.5099983215332,37.310001373291016,214300.0,37.310001373291016
2021-11-26,35.97999954223633,33.5,35.650001525878906,34.349998474121094,208400.0,34.349998474121094
2021-11-29,35.029998779296875,34.099998474121094,34.95000076293945,34.16999816894531,321600.0,34.16999816894531
2021-11-30,33.66999816894531,32.5099983215332,33.54999923706055,32.65999984741211,280900.0,32.65999984741211
2021-12-01,33.81999969482422,31.889999389648438,33.630001068115234,31.920000076293945,341400.0,31.920000076293945
2021-12-02,33.88999938964844,32.150001525878906,32.369998931884766,33.54999923706055,359000.0,33.54999923706055
2021-12-03,34.18000030517578,32.9900016784668,33.7400016784668,33.33000183105469,247800.0,33.33000183105469
2021-12-06,34.88999938964844,33.75,33.959999084472656,34.36000061035156,407200.0,34.36000061035156
2021-12-07,35.5099983215332,34.7400016784668,35.099998474121094,35.0099983215332,311600.0,35.0099983215332
2021-12-08,35.83000183105469,34.849998474121094,35.279998779296875,35.20000076293945,264100.0,35.20000076293945
2021-12-09,35.27000045776367,34.72999954223633,34.79999923706055,35.119998931884766,223400.0,35.119998931884766
2021-12-10,35.709999084472656,34.900001525878906,35.38999938964844,35.41999816894531,238100.0,35.41999816894531
2021-12-13,35.56999969482422,34.779998779296875,35.0,35.0,465500.0,35.0
2021-12-14,35.599998474121094,34.810001373291016,34.810001373291016,34.93000030517578,419400.0,34.93000030517578
2021-12-15,35.90999984741211,34.310001373291016,34.77000045776367,35.83000183105469,542600.0,35.83000183105469
2021-12-16,36.36000061035156,34.90999984741211,36.29999923706055,35.040000915527344,325400.0,35.040000915527344
2021-12-17,36.31999969482422,34.59000015258789,35.119998931884766,35.75,948600.0,35.75
2021-12-20,35.7599983215332,34.33000183105469,35.060001373291016,35.40999984741211,373800.0,35.40999984741211
2021-12-21,37.459999084472656,35.869998931884766,35.869998931884766,37.150001525878906,532400.0,37.150001525878906
2021-12-22,39.099998474121094,36.0099983215332,36.0099983215332,38.04999923706055,805000.0,38.04999923706055
2021-12-23,38.75,37.689998626708984,38.209999084472656,38.5,259400.0,38.5
2021-12-27,38.84000015258789,38.02000045776367,38.29999923706055,38.70000076293945,215900.0,38.70000076293945
2021-12-28,39.099998474121094,38.29999923706055,38.369998931884766,38.9900016784668,181100.0,38.9900016784668
2021-12-29,39.130001068115234,38.58000183105469,38.95000076293945,39.08000183105469,155500.0,39.08000183105469
2021-12-30,39.459999084472656,38.45000076293945,39.15999984741211,38.54999923706055,195600.0,38.54999923706055
2021-12-31,39.099998474121094,38.34000015258789,38.349998474121094,39.029998779296875,217900.0,39.029998779296875
2022-01-03,40.599998474121094,38.7400016784668,39.0,39.869998931884766,333800.0,39.869998931884766
2022-01-04,41.59000015258789,39.540000915527344,40.11000061035156,41.47999954223633,405200.0,41.47999954223633
2022-01-05,42.31999969482422,41.060001373291016,41.54999923706055,41.15999984741211,431800.0,41.15999984741211
2022-01-06,41.93000030517578,40.86000061035156,41.150001525878906,41.79999923706055,302700.0,41.79999923706055
2022-01-07,42.83000183105469,41.599998474121094,42.220001220703125,41.66999816894531,475600.0,41.66999816894531
2022-01-10,41.790000915527344,40.75,41.52000045776367,41.40999984741211,273700.0,41.40999984741211
2022-01-11,42.029998779296875,40.95000076293945,41.34000015258789,42.0099983215332,334300.0,42.0099983215332
2022-01-12,42.209999084472656,41.400001525878906,42.0099983215332,41.7599983215332,294200.0,41.7599983215332
2022-01-13,42.93000030517578,41.779998779296875,42.16999816894531,42.65999984741211,419400.0,42.65999984741211
2022-01-14,42.86000061035156,41.59000015258789,42.029998779296875,42.810001373291016,305400.0,42.810001373291016
2022-01-18,42.56999969482422,41.959999084472656,42.29999923706055,42.27000045776367,389200.0,42.27000045776367
2022-01-19,42.79999923706055,41.380001068115234,42.2599983215332,41.38999938964844,352000.0,41.38999938964844
2022-01-20,42.040000915527344,40.79999923706055,41.369998931884766,40.849998474121094,421200.0,40.849998474121094
2022-01-21,41.130001068115234,39.83000183105469,40.630001068115234,39.83000183105469,493100.0,39.83000183105469
2022-01-24,40.25,38.63999938964844,39.15999984741211,40.06999969482422,327500.0,40.06999969482422
2022-01-25,40.560001373291016,38.279998779296875,39.33000183105469,40.2599983215332,478200.0,40.2599983215332
2022-01-26,41.25,39.66999816894531,40.7400016784668,39.959999084472656,387200.0,39.959999084472656
2022-01-27,41.060001373291016,39.599998474121094,40.7400016784668,39.70000076293945,357800.0,39.70000076293945
2022-01-28,39.5099983215332,38.2400016784668,39.34000015258789,39.40999984741211,311100.0,39.40999984741211
2022-01-31,40.380001068115234,38.91999816894531,38.97999954223633,40.27000045776367,370000.0,40.27000045776367
2022-02-01,40.83000183105469,39.779998779296875,40.20000076293945,40.77000045776367,379100.0,40.77000045776367
2022-02-02,41.040000915527344,40.33000183105469,40.5099983215332,40.66999816894531,338000.0,40.66999816894531
2022-02-03,40.83000183105469,40.150001525878906,40.150001525878906,40.2599983215332,310400.0,40.2599983215332
2022-02-04,40.06999969482422,39.150001525878906,39.86000061035156,39.650001525878906,198000.0,39.650001525878906
2022-02-07,40.099998474121094,39.36000061035156,39.61000061035156,39.47999954223633,252500.0,39.47999954223633
2022-02-08,41.060001373291016,39.36000061035156,39.59000015258789,41.04999923706055,407300.0,41.04999923706055
2022-02-09,42.0,41.22999954223633,41.439998626708984,41.970001220703125,189300.0,41.970001220703125
2022-02-10,42.5,41.15999984741211,41.15999984741211,41.810001373291016,283700.0,41.810001373291016
2022-02-11,42.650001525878906,41.15999984741211,42.029998779296875,41.619998931884766,355400.0,41.619998931884766
2022-02-14,42.380001068115234,41.540000915527344,42.040000915527344,41.88999938964844,300700.0,41.88999938964844
2022-02-15,43.06999969482422,41.54999923706055,42.34000015258789,43.04999923706055,444600.0,43.04999923706055
2022-02-16,44.599998474121094,42.959999084472656,43.029998779296875,44.40999984741211,459800.0,44.40999984741211
2022-02-17,44.349998474121094,43.43000030517578,43.88999938964844,43.93000030517578,241500.0,43.93000030517578
2022-02-18,44.400001525878906,43.04999923706055,43.790000915527344,43.11000061035156,188100.0,43.11000061035156
2022-02-22,43.11000061035156,42.09000015258789,42.970001220703125,42.279998779296875,227800.0,42.279998779296875
2022-02-23,43.529998779296875,41.47999954223633,42.63999938964844,41.75,267200.0,41.75
2022-02-24,42.2599983215332,39.40999984741211,40.400001525878906,42.16999816894531,306500.0,42.16999816894531
2022-02-25,43.70000076293945,42.040000915527344,42.38999938964844,43.58000183105469,203200.0,43.58000183105469
2022-02-28,45.40999984741211,44.060001373291016,44.68000030517578,44.939998626708984,565000.0,44.939998626708984
2022-03-01,44.900001525878906,43.06999969482422,44.900001525878906,43.68000030517578,378900.0,43.68000030517578
2022-03-02,45.9900016784668,43.959999084472656,44.06999969482422,45.400001525878906,306400.0,45.400001525878906
2022-03-03,46.09000015258789,43.9900016784668,45.4900016784668,44.400001525878906,319500.0,44.400001525878906
2022-03-04,44.189998626708984,43.2599983215332,43.81999969482422,43.810001373291016,256900.0,43.810001373291016
2022-03-07,44.709999084472656,43.41999816894531,43.90999984741211,43.61000061035156,402100.0,43.61000061035156
2022-03-08,44.90999984741211,42.7400016784668,43.810001373291016,44.02000045776367,416300.0,44.02000045776367
2022-03-09,45.66999816894531,44.279998779296875,44.709999084472656,45.400001525878906,376200.0,45.400001525878906
2022-03-10,45.83000183105469,44.54999923706055,44.66999816894531,45.33000183105469,338200.0,45.33000183105469
2022-03-11,45.91999816894531,45.099998474121094,45.5099983215332,45.33000183105469,218600.0,45.33000183105469
2022-03-14,45.83000183105469,44.06999969482422,45.83000183105469,44.34000015258789,283600.0,44.34000015258789
2022-03-15,44.70000076293945,43.529998779296875,44.380001068115234,43.91999816894531,322200.0,43.91999816894531
2022-03-16,44.93000030517578,43.959999084472656,44.150001525878906,44.7400016784668,299400.0,44.7400016784668
2022-03-17,44.9900016784668,44.099998474121094,44.400001525878906,44.810001373291016,488500.0,44.810001373291016
2022-03-18,45.65999984741211,44.220001220703125,45.150001525878906,45.41999816894531,812400.0,45.41999816894531
2022-03-21,46.43000030517578,44.959999084472656,45.11000061035156,46.18000030517578,387900.0,46.18000030517578
2022-03-22,47.15999984741211,46.13999938964844,46.25,46.88999938964844,408200.0,46.88999938964844
2022-03-23,50.459999084472656,47.0,47.0,50.400001525878906,962100.0,50.400001525878906
2022-03-24,51.209999084472656,49.189998626708984,50.439998626708984,50.93000030517578,761900.0,50.93000030517578
2022-03-25,51.2599983215332,50.060001373291016,50.779998779296875,50.93000030517578,512200.0,50.93000030517578
2022-03-28,50.54999923706055,48.099998474121094,50.54999923706055,48.36000061035156,403400.0,48.36000061035156
2022-03-29,48.880001068115234,47.790000915527344,48.310001373291016,48.209999084472656,438100.0,48.209999084472656
2022-03-30,49.439998626708984,48.20000076293945,48.20000076293945,48.290000915527344,270000.0,48.290000915527344
2022-03-31,49.279998779296875,47.810001373291016,48.15999984741211,48.43000030517578,467700.0,48.43000030517578
2022-04-01,48.880001068115234,47.709999084472656,48.59000015258789,48.619998931884766,417000.0,48.619998931884766
2022-04-04,48.709999084472656,47.5099983215332,48.63999938964844,48.13999938964844,378100.0,48.13999938964844
2022-04-05,48.810001373291016,47.08000183105469,48.2599983215332,47.08000183105469,415000.0,47.08000183105469
2022-04-06,47.9900016784668,46.34000015258789,46.650001525878906,47.849998474121094,569900.0,47.849998474121094
2022-04-07,49.33000183105469,48.040000915527344,48.119998931884766,49.290000915527344,801900.0,49.290000915527344
2022-04-08,49.95000076293945,48.150001525878906,49.15999984741211,48.86000061035156,710900.0,48.86000061035156
2022-04-11,50.18000030517578,48.90999984741211,49.06999969482422,48.95000076293945,760300.0,48.95000076293945
2022-04-12,50.470001220703125,49.33000183105469,49.33000183105469,50.22999954223633,555600.0,50.22999954223633
2022-04-13,51.27000045776367,49.779998779296875,50.29999923706055,50.7400016784668,621800.0,50.7400016784668
2022-04-14,51.400001525878906,50.36000061035156,50.939998626708984,50.52000045776367,309900.0,50.52000045776367
2022-04-18,51.18000030517578,50.209999084472656,50.540000915527344,50.529998779296875,313700.0,50.529998779296875
2022-04-19,51.689998626708984,50.2400016784668,50.400001525878906,51.060001373291016,335300.0,51.060001373291016
2022-04-20,52.0,51.02000045776367,51.5,51.13999938964844,367200.0,51.13999938964844
2022-04-21,51.790000915527344,49.36000061035156,51.7400016784668,49.4900016784668,363700.0,49.4900016784668
2022-04-22,49.790000915527344,48.790000915527344,49.400001525878906,48.849998474121094,352600.0,48.849998474121094
2022-04-25,48.709999084472656,47.119998931884766,48.459999084472656,48.68000030517578,496200.0,48.68000030517578
2022-04-26,48.97999954223633,47.56999969482422,48.43000030517578,47.709999084472656,414800.0,47.709999084472656
2022-04-27,48.369998931884766,46.869998931884766,47.54999923706055,47.790000915527344,329700.0,47.790000915527344
2022-04-28,48.599998474121094,47.02000045776367,48.220001220703125,48.400001525878906,215300.0,48.400001525878906
2022-04-29,48.88999938964844,46.880001068115234,48.31999969482422,46.97999954223633,273700.0,46.97999954223633
2022-05-02,47.630001068115234,45.68000030517578,46.869998931884766,46.709999084472656,269600.0,46.709999084472656
2022-05-03,47.27000045776367,46.20000076293945,46.650001525878906,46.709999084472656,281900.0,46.709999084472656
2022-05-04,48.599998474121094,46.779998779296875,46.939998626708984,48.43000030517578,228400.0,48.43000030517578
2022-05-05,48.540000915527344,46.470001220703125,47.86000061035156,46.95000076293945,217500.0,46.95000076293945
2022-05-06,47.15999984741211,46.25,47.0,46.93000030517578,272900.0,46.93000030517578
2022-05-09,46.650001525878906,44.40999984741211,46.349998474121094,45.209999084472656,470900.0,45.209999084472656
2022-05-10,46.5099983215332,44.650001525878906,45.70000076293945,45.61000061035156,292200.0,45.61000061035156
2022-05-11,47.060001373291016,45.380001068115234,45.77000045776367,45.4900016784668,257200.0,45.4900016784668
2022-05-12,45.959999084472656,44.619998931884766,45.630001068115234,45.5099983215332,275200.0,45.5099983215332
2022-05-13,46.290000915527344,45.33000183105469,45.880001068115234,45.599998474121094,230400.0,45.599998474121094
2022-05-16,46.33000183105469,45.27000045776367,45.31999969482422,45.349998474121094,140700.0,45.349998474121094
2022-05-17,47.52000045776367,46.06999969482422,46.06999969482422,47.13999938964844,152700.0,47.13999938964844
2022-05-18,47.77000045776367,45.959999084472656,46.880001068115234,46.15999984741211,262300.0,46.15999984741211
2022-05-19,46.369998931884766,44.81999969482422,45.709999084472656,45.45000076293945,183900.0,45.45000076293945
2022-05-20,46.31999969482422,44.04999923706055,45.779998779296875,44.849998474121094,198200.0,44.849998474121094
2022-05-23,46.900001525878906,44.65999984741211,45.43000030517578,46.599998474121094,199300.0,46.599998474121094
2022-05-24,46.66999816894531,45.40999984741211,46.20000076293945,46.459999084472656,217700.0,46.459999084472656
2022-05-25,47.77000045776367,46.189998626708984,46.189998626708984,47.189998626708984,159000.0,47.189998626708984
2022-05-26,48.77000045776367,47.58000183105469,47.720001220703125,48.36000061035156,147200.0,48.36000061035156
2022-05-27,49.65999984741211,48.630001068115234,48.689998626708984,49.65999984741211,149600.0,49.65999984741211
2022-05-31,49.09000015258789,47.66999816894531,48.91999816894531,48.220001220703125,412900.0,48.220001220703125
2022-06-01,48.91999816894531,47.400001525878906,48.34000015258789,48.560001373291016,190000.0,48.560001373291016
2022-06-02,50.83000183105469,48.9900016784668,49.0099983215332,50.130001068115234,662000.0,50.130001068115234
2022-06-03,49.97999954223633,48.459999084472656,49.790000915527344,48.7400016784668,388900.0,48.7400016784668
2022-06-06,50.779998779296875,48.75,49.29999923706055,49.84000015258789,295900.0,49.84000015258789
2022-06-07,52.83000183105469,49.349998474121094,49.66999816894531,52.349998474121094,771100.0,52.349998474121094
2022-06-08,52.470001220703125,50.099998474121094,52.310001373291016,50.869998931884766,290600.0,50.869998931884766
2022-06-09,50.56999969482422,47.869998931884766,50.56999969482422,47.97999954223633,458600.0,47.97999954223633
2022-06-10,47.029998779296875,45.5099983215332,47.029998779296875,45.810001373291016,410800.0,45.810001373291016
2022-06-13,44.7400016784668,43.13999938964844,44.369998931884766,43.959999084472656,321400.0,43.959999084472656
2022-06-14,44.16999816894531,42.4900016784668,44.16999816894531,43.09000015258789,284300.0,43.09000015258789
2022-06-15,44.13999938964844,42.84000015258789,43.63999938964844,43.380001068115234,293800.0,43.380001068115234
2022-06-16,42.619998931884766,39.959999084472656,42.56999969482422,40.18000030517578,343200.0,40.18000030517578
2022-06-17,40.83000183105469,39.36000061035156,40.439998626708984,40.189998626708984,792800.0,40.189998626708984
2022-06-21,41.459999084472656,39.95000076293945,41.04999923706055,40.52000045776367,316100.0,40.52000045776367
2022-06-22,41.470001220703125,39.400001525878906,39.75,41.11000061035156,469700.0,41.11000061035156
2022-06-23,40.91999816894531,39.16999816894531,40.84000015258789,39.93000030517578,309800.0,39.93000030517578
2022-06-24,41.66999816894531,40.029998779296875,40.45000076293945,41.38999938964844,510700.0,41.38999938964844
2022-06-27,42.13999938964844,41.279998779296875,41.619998931884766,41.400001525878906,190300.0,41.400001525878906
2022-06-28,42.900001525878906,41.72999954223633,41.88999938964844,41.86000061035156,238800.0,41.86000061035156
2022-06-29,41.66999816894531,40.90999984741211,41.66999816894531,41.52000045776367,255500.0,41.52000045776367
2022-06-30,42.36000061035156,40.720001220703125,41.119998931884766,41.84000015258789,245700.0,41.84000015258789
2022-07-01,42.290000915527344,40.75,41.65999984741211,42.0,205600.0,42.0
2022-07-05,40.900001525878906,39.4900016784668,40.84000015258789,40.66999816894531,256300.0,40.66999816894531
2022-07-06,41.470001220703125,39.9900016784668,40.599998474121094,41.08000183105469,208000.0,41.08000183105469
2022-07-07,42.52000045776367,41.56999969482422,41.56999969482422,42.06999969482422,242800.0,42.06999969482422
2022-07-08,43.119998931884766,41.83000183105469,42.630001068115234,42.25,166200.0,42.25
2022-07-11,42.2599983215332,41.119998931884766,41.91999816894531,41.31999969482422,267600.0,41.31999969482422
2022-07-12,42.119998931884766,41.0099983215332,41.0099983215332,41.45000076293945,240600.0,41.45000076293945
2022-07-13,41.56999969482422,39.95000076293945,40.52000045776367,41.16999816894531,421500.0,41.16999816894531
2022-07-14,41.540000915527344,40.13999938964844,40.310001373291016,41.459999084472656,119900.0,41.459999084472656
2022-07-15,42.36000061035156,41.099998474121094,42.36000061035156,41.66999816894531,206500.0,41.66999816894531
2022-07-18,42.97999954223633,41.68000030517578,42.560001373291016,41.880001068115234,335700.0,41.880001068115234
2022-07-19,44.599998474121094,41.86000061035156,41.86000061035156,44.2400016784668,358500.0,44.2400016784668
2022-07-20,45.13999938964844,43.540000915527344,44.0,45.02000045776367,258500.0,45.02000045776367
2022-07-21,43.869998931884766,40.560001373291016,41.56999969482422,43.529998779296875,668900.0,43.529998779296875
2022-07-22,43.52000045776367,41.130001068115234,43.52000045776367,41.34000015258789,361300.0,41.34000015258789
2022-07-25,42.970001220703125,41.04999923706055,41.5,42.31999969482422,374100.0,42.31999969482422
2022-07-26,43.959999084472656,42.27000045776367,42.61000061035156,42.279998779296875,328500.0,42.279998779296875
2022-07-27,43.939998626708984,42.459999084472656,43.08000183105469,43.630001068115234,274400.0,43.630001068115234
2022-07-28,44.220001220703125,43.16999816894531,43.63999938964844,44.18000030517578,244200.0,44.18000030517578
2022-07-29,44.93000030517578,43.95000076293945,43.95000076293945,44.529998779296875,336700.0,44.529998779296875
2022-08-01,45.38999938964844,44.06999969482422,44.529998779296875,44.84000015258789,336400.0,44.84000015258789
2022-08-02,45.40999984741211,44.29999923706055,44.54999923706055,44.779998779296875,210500.0,44.779998779296875
2022-08-03,45.40999984741211,43.720001220703125,44.959999084472656,44.75,214400.0,44.75
2022-08-04,45.56999969482422,44.619998931884766,45.060001373291016,45.04999923706055,191700.0,45.04999923706055
