Date,High,Low,Open,Close,Volume,Adj Close
2017-08-07,15.0,14.359999656677246,14.359999656677246,15.0,5300.0,15.0
2017-08-08,15.300000190734863,14.539999961853027,14.979999542236328,15.300000190734863,2900.0,15.300000190734863
2017-08-09,15.5,15.079999923706055,15.34000015258789,15.199999809265137,1550.0,15.199999809265137
2017-08-10,15.15999984741211,14.300000190734863,14.319999694824219,14.619999885559082,1750.0,14.619999885559082
2017-08-11,15.960000038146973,14.380000114440918,14.899999618530273,15.960000038146973,5300.0,15.960000038146973
2017-08-14,15.4399995803833,14.600000381469727,15.4399995803833,15.079999923706055,3500.0,15.079999923706055
2017-08-15,15.260000228881836,14.399999618530273,14.819999694824219,15.260000228881836,4250.0,15.260000228881836
2017-08-16,15.960000038146973,14.039999961853027,15.119999885559082,15.180000305175781,4300.0,15.180000305175781
2017-08-17,15.84000015258789,14.239999771118164,14.239999771118164,15.84000015258789,1600.0,15.84000015258789
2017-08-18,15.84000015258789,15.800000190734863,15.800000190734863,15.84000015258789,200.0,15.84000015258789
2017-08-21,15.800000190734863,15.779999732971191,15.779999732971191,15.800000190734863,150.0,15.800000190734863
2017-08-22,15.600000381469727,15.479999542236328,15.5,15.520000457763672,350.0,15.520000457763672
2017-08-23,15.0,14.920000076293945,14.920000076293945,14.979999542236328,2000.0,14.979999542236328
2017-08-24,14.979999542236328,14.960000038146973,14.960000038146973,14.979999542236328,200.0,14.979999542236328
2017-08-25,14.899999618530273,14.34000015258789,14.399999618530273,14.720000267028809,2550.0,14.720000267028809
2017-08-28,14.960000038146973,14.239999771118164,14.960000038146973,14.579999923706055,6050.0,14.579999923706055
2017-08-29,14.979999542236328,14.300000190734863,14.680000305175781,14.760000228881836,9550.0,14.760000228881836
2017-08-30,14.819999694824219,14.359999656677246,14.4399995803833,14.800000190734863,5250.0,14.800000190734863
2017-08-31,14.859999656677246,14.600000381469727,14.859999656677246,14.600000381469727,2950.0,14.600000381469727
2017-09-01,14.859999656677246,14.380000114440918,14.520000457763672,14.739999771118164,2200.0,14.739999771118164
2017-09-05,15.359999656677246,14.180000305175781,15.359999656677246,14.520000457763672,2800.0,14.520000457763672
2017-09-06,15.199999809265137,14.15999984741211,14.319999694824219,15.199999809265137,5000.0,15.199999809265137
2017-09-07,14.880000114440918,13.600000381469727,14.84000015258789,13.9399995803833,5600.0,13.9399995803833
2017-09-08,13.800000190734863,13.119999885559082,13.520000457763672,13.520000457763672,4200.0,13.520000457763672
2017-09-11,14.5,13.4399995803833,13.699999809265137,14.5,5400.0,14.5
2017-09-12,14.359999656677246,13.699999809265137,14.359999656677246,13.899999618530273,3250.0,13.899999618530273
2017-09-13,14.0,13.619999885559082,13.819999694824219,14.0,500.0,14.0
2017-09-14,14.0,13.619999885559082,13.619999885559082,14.0,400.0,14.0
2017-09-15,13.979999542236328,12.880000114440918,13.800000190734863,12.880000114440918,1150.0,12.880000114440918
2017-09-18,14.5,13.279999732971191,13.600000381469727,14.5,2750.0,14.5
2017-09-19,13.859999656677246,12.979999542236328,13.859999656677246,13.039999961853027,1350.0,13.039999961853027
2017-09-20,13.039999961853027,13.039999961853027,13.039999961853027,13.039999961853027,0.0,13.039999961853027
2017-09-21,13.420000076293945,13.119999885559082,13.420000076293945,13.119999885559082,1050.0,13.119999885559082
2017-09-22,13.140000343322754,13.140000343322754,13.140000343322754,13.140000343322754,50.0,13.140000343322754
2017-09-25,13.140000343322754,13.140000343322754,13.140000343322754,13.140000343322754,0.0,13.140000343322754
2017-09-26,13.699999809265137,12.779999732971191,13.15999984741211,13.039999961853027,3050.0,13.039999961853027
2017-09-27,13.100000381469727,12.5600004196167,13.0,12.5600004196167,4750.0,12.5600004196167
2017-09-28,12.800000190734863,11.5,12.399999618530273,12.020000457763672,3350.0,12.020000457763672
2017-09-29,13.760000228881836,12.239999771118164,12.960000038146973,12.239999771118164,700.0,12.239999771118164
2017-10-02,12.319999694824219,12.239999771118164,12.260000228881836,12.239999771118164,500.0,12.239999771118164
2017-10-03,13.4399995803833,12.020000457763672,12.880000114440918,12.0600004196167,1600.0,12.0600004196167
2017-10-04,12.65999984741211,12.15999984741211,12.239999771118164,12.65999984741211,3300.0,12.65999984741211
2017-10-05,12.420000076293945,12.420000076293945,12.420000076293945,12.420000076293945,100.0,12.420000076293945
2017-10-06,12.399999618530273,12.399999618530273,12.399999618530273,12.399999618530273,100.0,12.399999618530273
2017-10-09,12.399999618530273,12.199999809265137,12.199999809265137,12.399999618530273,800.0,12.399999618530273
2017-10-10,12.960000038146973,12.319999694824219,12.84000015258789,12.319999694824219,4450.0,12.319999694824219
2017-10-11,12.319999694824219,12.319999694824219,12.319999694824219,12.319999694824219,0.0,12.319999694824219
2017-10-12,13.180000305175781,12.399999618530273,12.399999618530273,12.600000381469727,650.0,12.600000381469727
2017-10-13,13.079999923706055,12.319999694824219,12.319999694824219,12.859999656677246,2150.0,12.859999656677246
2017-10-16,12.779999732971191,12.199999809265137,12.779999732971191,12.520000457763672,2450.0,12.520000457763672
2017-10-17,12.760000228881836,12.199999809265137,12.5,12.300000190734863,7300.0,12.300000190734863
2017-10-18,12.579999923706055,12.199999809265137,12.199999809265137,12.579999923706055,250.0,12.579999923706055
2017-10-19,12.399999618530273,12.0,12.220000267028809,12.260000228881836,7950.0,12.260000228881836
2017-10-20,12.34000015258789,11.619999885559082,12.34000015258789,11.859999656677246,2350.0,11.859999656677246
2017-10-23,12.319999694824219,12.039999961853027,12.0600004196167,12.300000190734863,4400.0,12.300000190734863
2017-10-24,12.300000190734863,12.15999984741211,12.239999771118164,12.15999984741211,2250.0,12.15999984741211
2017-10-25,12.239999771118164,11.779999732971191,12.239999771118164,11.779999732971191,350.0,11.779999732971191
2017-10-26,11.779999732971191,11.779999732971191,11.779999732971191,11.779999732971191,0.0,11.779999732971191
2017-10-27,11.680000305175781,11.119999885559082,11.600000381469727,11.199999809265137,16550.0,11.199999809265137
2017-10-30,11.600000381469727,11.260000228881836,11.260000228881836,11.34000015258789,1300.0,11.34000015258789
2017-10-31,12.039999961853027,11.399999618530273,11.399999618530273,12.020000457763672,300.0,12.020000457763672
2017-11-01,11.819999694824219,10.899999618530273,11.220000267028809,11.819999694824219,800.0,11.819999694824219
2017-11-02,11.84000015258789,11.5,11.5,11.720000267028809,3700.0,11.720000267028809
2017-11-03,11.800000190734863,11.680000305175781,11.800000190734863,11.699999809265137,1750.0,11.699999809265137
2017-11-06,11.680000305175781,11.180000305175781,11.65999984741211,11.180000305175781,700.0,11.180000305175781
2017-11-07,11.0600004196167,11.0600004196167,11.0600004196167,11.0600004196167,100.0,11.0600004196167
2017-11-08,11.0600004196167,11.0600004196167,11.0600004196167,11.0600004196167,0.0,11.0600004196167
2017-11-09,12.0,12.0,12.0,12.0,50.0,12.0
2017-11-10,11.100000381469727,10.899999618530273,11.100000381469727,10.899999618530273,300.0,10.899999618530273
2017-11-13,11.5,11.119999885559082,11.5,11.119999885559082,5100.0,11.119999885559082
2017-11-14,11.520000457763672,10.899999618530273,10.899999618530273,11.5,3550.0,11.5
2017-11-15,11.5,11.5,11.5,11.5,950.0,11.5
2017-11-16,11.800000190734863,11.199999809265137,11.34000015258789,11.34000015258789,3600.0,11.34000015258789
2017-11-17,12.0600004196167,11.039999961853027,11.5,11.039999961853027,3100.0,11.039999961853027
2017-11-20,11.079999923706055,11.039999961853027,11.0600004196167,11.039999961853027,1100.0,11.039999961853027
2017-11-21,11.5600004196167,11.039999961853027,11.5600004196167,11.039999961853027,2650.0,11.039999961853027
2017-11-22,11.039999961853027,11.0,11.020000457763672,11.0,1750.0,11.0
2017-11-24,11.0,11.0,11.0,11.0,0.0,11.0
2017-11-27,11.119999885559082,10.460000038146973,11.0,11.119999885559082,3850.0,11.119999885559082
2017-11-28,10.960000038146973,10.0,10.300000190734863,10.34000015258789,6550.0,10.34000015258789
2017-11-29,10.9399995803833,10.0,10.9399995803833,10.199999809265137,5750.0,10.199999809265137
2017-11-30,10.359999656677246,8.920000076293945,10.100000381469727,9.600000381469727,3750.0,9.600000381469727
2017-12-01,10.380000114440918,9.84000015258789,9.859999656677246,9.84000015258789,800.0,9.84000015258789
2017-12-04,10.260000228881836,9.680000305175781,10.0,10.0,2800.0,10.0
2017-12-05,9.720000267028809,9.399999618530273,9.720000267028809,9.399999618530273,2500.0,9.399999618530273
2017-12-06,9.5,8.0600004196167,9.239999771118164,8.279999732971191,8500.0,8.279999732971191
2017-12-07,8.399999618530273,6.019999980926514,7.71999979019165,7.820000171661377,31100.0,7.820000171661377
2017-12-08,7.880000114440918,7.659999847412109,7.659999847412109,7.880000114440918,450.0,7.880000114440918
2017-12-11,7.800000190734863,7.400000095367432,7.800000190734863,7.519999980926514,3900.0,7.519999980926514
2017-12-12,8.039999961853027,7.179999828338623,7.420000076293945,8.039999961853027,1300.0,8.039999961853027
2017-12-13,8.0,7.679999828338623,7.679999828338623,7.960000038146973,1250.0,7.960000038146973
2017-12-14,8.100000381469727,7.639999866485596,8.079999923706055,7.71999979019165,9050.0,7.71999979019165
2017-12-15,8.0600004196167,7.800000190734863,8.0600004196167,7.980000019073486,550.0,7.980000019073486
2017-12-18,8.220000267028809,7.659999847412109,8.0,8.020000457763672,14650.0,8.020000457763672
2017-12-19,8.779999732971191,8.020000457763672,8.039999961853027,8.779999732971191,1850.0,8.779999732971191
2017-12-20,8.859999656677246,8.140000343322754,8.859999656677246,8.140000343322754,1250.0,8.140000343322754
2017-12-21,8.260000228881836,8.260000228881836,8.260000228881836,8.260000228881836,300.0,8.260000228881836
2017-12-22,8.300000190734863,8.140000343322754,8.300000190734863,8.140000343322754,2400.0,8.140000343322754
2017-12-26,8.220000267028809,7.059999942779541,7.900000095367432,7.619999885559082,13900.0,7.619999885559082
2017-12-27,8.180000305175781,7.619999885559082,8.020000457763672,7.71999979019165,17900.0,7.71999979019165
2017-12-28,8.460000038146973,7.980000019073486,8.0,8.0600004196167,7300.0,8.0600004196167
2017-12-29,8.460000038146973,8.220000267028809,8.239999771118164,8.420000076293945,600.0,8.420000076293945
2018-01-02,8.420000076293945,8.359999656677246,8.359999656677246,8.359999656677246,900.0,8.359999656677246
2018-01-03,8.460000038146973,8.180000305175781,8.180000305175781,8.34000015258789,300.0,8.34000015258789
2018-01-04,8.319999694824219,8.0,8.260000228881836,8.0,1500.0,8.0
2018-01-05,8.779999732971191,8.380000114440918,8.779999732971191,8.380000114440918,900.0,8.380000114440918
2018-01-08,8.760000228881836,8.119999885559082,8.65999984741211,8.199999809265137,4100.0,8.199999809265137
2018-01-09,9.239999771118164,8.079999923706055,8.15999984741211,8.899999618530273,6950.0,8.899999618530273
2018-01-10,9.180000305175781,8.479999542236328,9.180000305175781,8.960000038146973,850.0,8.960000038146973
2018-01-11,8.920000076293945,8.640000343322754,8.920000076293945,8.640000343322754,200.0,8.640000343322754
2018-01-12,9.220000267028809,8.619999885559082,8.619999885559082,9.220000267028809,250.0,9.220000267028809
2018-01-16,10.0,8.920000076293945,8.920000076293945,9.819999694824219,7750.0,9.819999694824219
2018-01-17,9.899999618530273,9.260000228881836,9.460000038146973,9.260000228881836,3350.0,9.260000228881836
2018-01-18,9.260000228881836,9.260000228881836,9.260000228881836,9.260000228881836,0.0,9.260000228881836
2018-01-19,11.0,9.880000114440918,9.899999618530273,10.84000015258789,3850.0,10.84000015258789
2018-01-22,11.039999961853027,10.819999694824219,11.039999961853027,10.819999694824219,300.0,10.819999694824219
2018-01-23,11.800000190734863,10.640000343322754,10.640000343322754,11.199999809265137,16400.0,11.199999809265137
2018-01-24,11.600000381469727,10.520000457763672,11.220000267028809,10.520000457763672,6050.0,10.520000457763672
2018-01-25,11.579999923706055,11.0600004196167,11.0600004196167,11.399999618530273,5550.0,11.399999618530273
2018-01-26,11.34000015258789,11.34000015258789,11.34000015258789,11.34000015258789,250.0,11.34000015258789
2018-01-29,11.34000015258789,10.899999618530273,10.899999618530273,11.0600004196167,3100.0,11.0600004196167
2018-01-30,11.739999771118164,10.279999732971191,10.859999656677246,11.739999771118164,2850.0,11.739999771118164
2018-01-31,11.260000228881836,10.779999732971191,10.779999732971191,11.260000228881836,850.0,11.260000228881836
2018-02-01,11.119999885559082,11.100000381469727,11.119999885559082,11.100000381469727,250.0,11.100000381469727
2018-02-02,11.579999923706055,11.279999732971191,11.279999732971191,11.579999923706055,1950.0,11.579999923706055
2018-02-05,11.880000114440918,11.279999732971191,11.880000114440918,11.279999732971191,750.0,11.279999732971191
2018-02-06,11.65999984741211,11.399999618530273,11.5600004196167,11.65999984741211,850.0,11.65999984741211
2018-02-07,11.65999984741211,11.65999984741211,11.65999984741211,11.65999984741211,0.0,11.65999984741211
2018-02-08,11.65999984741211,11.65999984741211,11.65999984741211,11.65999984741211,0.0,11.65999984741211
2018-02-09,11.4399995803833,11.4399995803833,11.4399995803833,11.4399995803833,350.0,11.4399995803833
2018-02-12,11.600000381469727,11.020000457763672,11.020000457763672,11.600000381469727,1800.0,11.600000381469727
2018-02-13,11.600000381469727,11.600000381469727,11.600000381469727,11.600000381469727,0.0,11.600000381469727
2018-02-14,12.420000076293945,11.640000343322754,12.420000076293945,11.680000305175781,400.0,11.680000305175781
2018-02-15,11.680000305175781,11.680000305175781,11.680000305175781,11.680000305175781,0.0,11.680000305175781
2018-02-16,11.619999885559082,11.619999885559082,11.619999885559082,11.619999885559082,300.0,11.619999885559082
2018-02-20,12.319999694824219,11.680000305175781,12.319999694824219,11.800000190734863,2150.0,11.800000190734863
2018-02-21,12.199999809265137,12.039999961853027,12.039999961853027,12.100000381469727,1250.0,12.100000381469727
2018-02-22,13.359999656677246,12.199999809265137,12.720000267028809,12.9399995803833,2450.0,12.9399995803833
2018-02-23,12.880000114440918,12.479999542236328,12.479999542236328,12.880000114440918,300.0,12.880000114440918
2018-02-26,12.979999542236328,12.479999542236328,12.5,12.979999542236328,1350.0,12.979999542236328
2018-02-27,12.960000038146973,12.5,12.5,12.960000038146973,1150.0,12.960000038146973
2018-02-28,13.039999961853027,12.5,13.039999961853027,12.859999656677246,1400.0,12.859999656677246
2018-03-01,12.800000190734863,12.479999542236328,12.800000190734863,12.479999542236328,800.0,12.479999542236328
2018-03-02,13.15999984741211,13.0,13.15999984741211,13.0,200.0,13.0
2018-03-05,12.9399995803833,12.600000381469727,12.9399995803833,12.600000381469727,200.0,12.600000381469727
2018-03-06,13.779999732971191,12.5600004196167,13.180000305175781,13.199999809265137,4350.0,13.199999809265137
2018-03-07,11.800000190734863,10.5,11.800000190734863,10.859999656677246,14050.0,10.859999656677246
2018-03-08,10.699999809265137,10.100000381469727,10.699999809265137,10.279999732971191,2150.0,10.279999732971191
2018-03-09,10.239999771118164,9.359999656677246,9.880000114440918,10.079999923706055,950.0,10.079999923706055
2018-03-12,14.899999618530273,10.600000381469727,10.65999984741211,13.199999809265137,47900.0,13.199999809265137
2018-03-13,14.399999618530273,11.800000190734863,13.979999542236328,12.039999961853027,16000.0,12.039999961853027
2018-03-14,14.399999618530273,11.0600004196167,11.640000343322754,12.319999694824219,30200.0,12.319999694824219
2018-03-15,12.720000267028809,11.079999923706055,11.460000038146973,11.859999656677246,18450.0,11.859999656677246
2018-03-16,12.720000267028809,11.100000381469727,11.979999542236328,11.760000228881836,4650.0,11.760000228881836
2018-03-19,12.180000305175781,10.899999618530273,11.0,12.079999923706055,8750.0,12.079999923706055
2018-03-20,12.140000343322754,11.020000457763672,11.720000267028809,11.319999694824219,4450.0,11.319999694824219
2018-03-21,11.960000038146973,10.5,11.4399995803833,11.739999771118164,8900.0,11.739999771118164
2018-03-22,11.5,10.920000076293945,11.020000457763672,11.279999732971191,700.0,11.279999732971191
2018-03-23,11.359999656677246,10.920000076293945,11.020000457763672,11.15999984741211,10450.0,11.15999984741211
2018-03-26,11.100000381469727,10.600000381469727,11.100000381469727,11.079999923706055,2450.0,11.079999923706055
2018-03-27,12.199999809265137,11.239999771118164,11.239999771118164,11.739999771118164,7050.0,11.739999771118164
2018-03-28,11.5,10.5,11.5,11.15999984741211,1900.0,11.15999984741211
2018-03-29,16.799999237060547,12.279999732971191,12.380000114440918,13.600000381469727,163500.0,13.600000381469727
2018-04-02,14.100000381469727,11.600000381469727,13.279999732971191,12.319999694824219,53500.0,12.319999694824219
2018-04-03,12.819999694824219,11.600000381469727,12.5600004196167,11.760000228881836,8550.0,11.760000228881836
2018-04-04,12.300000190734863,10.859999656677246,10.880000114440918,12.079999923706055,7000.0,12.079999923706055
2018-04-05,12.479999542236328,11.199999809265137,12.479999542236328,11.399999618530273,6150.0,11.399999618530273
2018-04-06,11.819999694824219,10.220000267028809,11.640000343322754,11.199999809265137,22050.0,11.199999809265137
2018-04-09,11.039999961853027,10.460000038146973,10.5600004196167,10.720000267028809,1700.0,10.720000267028809
2018-04-10,11.180000305175781,10.399999618530273,10.539999961853027,11.180000305175781,2350.0,11.180000305175781
2018-04-11,10.640000343322754,10.279999732971191,10.279999732971191,10.479999542236328,6050.0,10.479999542236328
2018-04-12,10.65999984741211,9.960000038146973,10.420000076293945,10.34000015258789,4550.0,10.34000015258789
2018-04-13,10.800000190734863,10.34000015258789,10.420000076293945,10.760000228881836,6650.0,10.760000228881836
2018-04-16,11.300000190734863,10.800000190734863,10.800000190734863,11.119999885559082,3950.0,11.119999885559082
2018-04-17,11.319999694824219,11.039999961853027,11.319999694824219,11.319999694824219,300.0,11.319999694824219
2018-04-18,11.479999542236328,10.619999885559082,11.220000267028809,11.300000190734863,3650.0,11.300000190734863
2018-04-19,11.479999542236328,11.0600004196167,11.4399995803833,11.479999542236328,800.0,11.479999542236328
2018-04-20,11.140000343322754,9.600000381469727,11.140000343322754,9.979999542236328,11150.0,9.979999542236328
2018-04-23,10.199999809265137,9.180000305175781,10.100000381469727,9.979999542236328,7800.0,9.979999542236328
2018-04-24,10.4399995803833,10.100000381469727,10.100000381469727,10.260000228881836,2550.0,10.260000228881836
2018-04-25,10.520000457763672,10.020000457763672,10.34000015258789,10.399999618530273,3250.0,10.399999618530273
2018-04-26,10.479999542236328,10.199999809265137,10.479999542236328,10.239999771118164,650.0,10.239999771118164
2018-04-27,10.239999771118164,9.100000381469727,10.199999809265137,9.579999923706055,5000.0,9.579999923706055
2018-04-30,9.800000190734863,8.020000457763672,9.800000190734863,9.420000076293945,3500.0,9.420000076293945
2018-05-01,9.619999885559082,9.399999618530273,9.399999618530273,9.619999885559082,1250.0,9.619999885559082
2018-05-02,9.699999809265137,8.680000305175781,8.800000190734863,9.460000038146973,1300.0,9.460000038146973
2018-05-03,9.979999542236328,9.359999656677246,9.359999656677246,9.479999542236328,300.0,9.479999542236328
2018-05-04,9.460000038146973,9.460000038146973,9.460000038146973,9.460000038146973,100.0,9.460000038146973
2018-05-07,10.039999961853027,9.380000114440918,9.5,10.039999961853027,7500.0,10.039999961853027
2018-05-08,9.819999694824219,9.479999542236328,9.760000228881836,9.5600004196167,6200.0,9.5600004196167
2018-05-09,9.5600004196167,8.979999542236328,9.479999542236328,9.5600004196167,7400.0,9.5600004196167
2018-05-10,10.300000190734863,9.239999771118164,9.399999618530273,9.479999542236328,9950.0,9.479999542236328
2018-05-11,10.180000305175781,9.5600004196167,9.5600004196167,9.640000343322754,950.0,9.640000343322754
2018-05-14,12.979999542236328,9.720000267028809,9.779999732971191,11.479999542236328,60850.0,11.479999542236328
2018-05-15,11.640000343322754,10.100000381469727,11.640000343322754,10.100000381469727,11250.0,10.100000381469727
2018-05-16,10.220000267028809,9.600000381469727,10.15999984741211,10.220000267028809,3750.0,10.220000267028809
2018-05-17,10.420000076293945,9.600000381469727,10.300000190734863,10.0,4250.0,10.0
2018-05-18,9.779999732971191,9.319999694824219,9.739999771118164,9.319999694824219,5950.0,9.319999694824219
2018-05-21,9.800000190734863,9.0,9.800000190734863,9.119999885559082,10750.0,9.119999885559082
2018-05-22,9.15999984741211,8.640000343322754,9.15999984741211,8.779999732971191,5200.0,8.779999732971191
2018-05-23,8.680000305175781,8.319999694824219,8.539999961853027,8.600000381469727,6350.0,8.600000381469727
2018-05-24,8.720000267028809,8.119999885559082,8.539999961853027,8.319999694824219,2800.0,8.319999694824219
2018-05-25,8.460000038146973,8.300000190734863,8.34000015258789,8.4399995803833,1300.0,8.4399995803833
2018-05-29,8.880000114440918,8.300000190734863,8.5,8.619999885559082,1800.0,8.619999885559082
2018-05-30,9.0,8.199999809265137,8.800000190734863,8.4399995803833,9900.0,8.4399995803833
2018-05-31,8.34000015258789,8.100000381469727,8.34000015258789,8.220000267028809,3400.0,8.220000267028809
2018-06-01,8.899999618530273,8.100000381469727,8.5600004196167,8.140000343322754,2700.0,8.140000343322754
2018-06-04,9.0600004196167,8.220000267028809,8.579999923706055,9.0600004196167,2450.0,9.0600004196167
2018-06-05,8.899999618530273,8.220000267028809,8.899999618530273,8.65999984741211,3300.0,8.65999984741211
2018-06-06,8.819999694824219,8.300000190734863,8.819999694824219,8.460000038146973,800.0,8.460000038146973
2018-06-07,8.899999618530273,8.380000114440918,8.899999618530273,8.4399995803833,1000.0,8.4399995803833
2018-06-08,8.84000015258789,8.300000190734863,8.4399995803833,8.600000381469727,1800.0,8.600000381469727
2018-06-11,8.899999618530273,8.359999656677246,8.619999885559082,8.399999618530273,3400.0,8.399999618530273
2018-06-12,8.680000305175781,8.5,8.640000343322754,8.5,750.0,8.5
2018-06-13,8.84000015258789,8.5,8.5,8.5,800.0,8.5
2018-06-14,9.15999984741211,8.460000038146973,8.699999809265137,8.880000114440918,6400.0,8.880000114440918
2018-06-15,9.15999984741211,8.600000381469727,9.079999923706055,8.699999809265137,6750.0,8.699999809265137
2018-06-18,9.220000267028809,8.600000381469727,9.079999923706055,8.899999618530273,2950.0,8.899999618530273
2018-06-19,9.5600004196167,8.899999618530273,8.899999618530273,9.100000381469727,5100.0,9.100000381469727
2018-06-20,9.380000114440918,9.140000343322754,9.140000343322754,9.380000114440918,500.0,9.380000114440918
2018-06-21,9.199999809265137,9.020000457763672,9.0600004196167,9.199999809265137,1500.0,9.199999809265137
2018-06-22,9.140000343322754,9.039999961853027,9.140000343322754,9.079999923706055,250.0,9.079999923706055
2018-06-25,9.15999984741211,9.020000457763672,9.15999984741211,9.020000457763672,1000.0,9.020000457763672
2018-06-26,9.020000457763672,9.020000457763672,9.020000457763672,9.020000457763672,0.0,9.020000457763672
2018-06-27,9.300000190734863,9.039999961853027,9.199999809265137,9.0600004196167,1400.0,9.0600004196167
2018-06-28,9.0600004196167,8.880000114440918,9.039999961853027,8.880000114440918,1850.0,8.880000114440918
2018-06-29,8.899999618530273,8.880000114440918,8.899999618530273,8.880000114440918,400.0,8.880000114440918
2018-07-02,9.520000457763672,9.199999809265137,9.520000457763672,9.199999809265137,1100.0,9.199999809265137
2018-07-03,9.34000015258789,9.319999694824219,9.34000015258789,9.319999694824219,450.0,9.319999694824219
2018-07-05,9.260000228881836,8.899999618530273,9.260000228881836,8.979999542236328,1300.0,8.979999542236328
2018-07-06,9.5,8.720000267028809,9.5,9.100000381469727,700.0,9.100000381469727
2018-07-09,9.100000381469727,9.100000381469727,9.100000381469727,9.100000381469727,0.0,9.100000381469727
2018-07-10,8.859999656677246,8.720000267028809,8.739999771118164,8.84000015258789,1200.0,8.84000015258789
2018-07-11,9.15999984741211,8.720000267028809,8.720000267028809,9.15999984741211,850.0,9.15999984741211
2018-07-12,8.859999656677246,8.760000228881836,8.859999656677246,8.760000228881836,700.0,8.760000228881836
2018-07-13,9.300000190734863,8.640000343322754,8.720000267028809,9.300000190734863,3000.0,9.300000190734863
2018-07-16,9.5,9.5,9.5,9.5,100.0,9.5
2018-07-17,9.5600004196167,9.15999984741211,9.180000305175781,9.399999618530273,5100.0,9.399999618530273
2018-07-18,9.699999809265137,8.9399995803833,9.5,9.15999984741211,1700.0,9.15999984741211
2018-07-19,10.199999809265137,9.0,9.800000190734863,9.579999923706055,11650.0,9.579999923706055
2018-07-20,10.0,8.899999618530273,9.020000457763672,9.899999618530273,6200.0,9.899999618530273
2018-07-23,9.960000038146973,9.239999771118164,9.960000038146973,9.779999732971191,5000.0,9.779999732971191
2018-07-24,9.779999732971191,9.300000190734863,9.779999732971191,9.300000190734863,2650.0,9.300000190734863
2018-07-25,9.239999771118164,9.239999771118164,9.239999771118164,9.239999771118164,600.0,9.239999771118164
2018-07-26,9.739999771118164,9.380000114440918,9.420000076293945,9.739999771118164,450.0,9.739999771118164
2018-07-27,9.100000381469727,8.699999809265137,9.100000381469727,8.699999809265137,750.0,8.699999809265137
2018-07-30,9.279999732971191,9.100000381469727,9.279999732971191,9.100000381469727,300.0,9.100000381469727
2018-07-31,9.779999732971191,9.100000381469727,9.100000381469727,9.119999885559082,1300.0,9.119999885559082
2018-08-01,9.119999885559082,9.119999885559082,9.119999885559082,9.119999885559082,0.0,9.119999885559082
2018-08-02,9.100000381469727,8.5600004196167,9.039999961853027,8.880000114440918,3100.0,8.880000114440918
2018-08-03,9.960000038146973,9.100000381469727,9.100000381469727,9.140000343322754,4500.0,9.140000343322754
2018-08-06,9.479999542236328,9.319999694824219,9.319999694824219,9.479999542236328,600.0,9.479999542236328
2018-08-07,9.479999542236328,9.479999542236328,9.479999542236328,9.479999542236328,0.0,9.479999542236328
2018-08-08,9.220000267028809,9.0,9.220000267028809,9.0,100.0,9.0
2018-08-09,9.720000267028809,9.479999542236328,9.720000267028809,9.479999542236328,500.0,9.479999542236328
2018-08-10,10.899999618530273,9.300000190734863,9.9399995803833,10.579999923706055,32700.0,10.579999923706055
2018-08-13,10.520000457763672,9.979999542236328,10.520000457763672,9.979999542236328,3250.0,9.979999542236328
2018-08-14,11.680000305175781,10.0,10.0,11.180000305175781,5350.0,11.180000305175781
2018-08-15,11.5,10.100000381469727,11.180000305175781,10.4399995803833,5350.0,10.4399995803833
2018-08-16,10.800000190734863,10.319999694824219,10.760000228881836,10.779999732971191,1800.0,10.779999732971191
2018-08-17,10.9399995803833,10.260000228881836,10.260000228881836,10.5,3850.0,10.5
2018-08-20,10.960000038146973,10.140000343322754,10.899999618530273,10.880000114440918,950.0,10.880000114440918
2018-08-21,10.819999694824219,10.399999618530273,10.399999618530273,10.760000228881836,450.0,10.760000228881836
2018-08-22,10.699999809265137,10.300000190734863,10.520000457763672,10.539999961853027,1150.0,10.539999961853027
2018-08-23,10.84000015258789,9.5,10.279999732971191,10.479999542236328,2400.0,10.479999542236328
2018-08-24,10.680000305175781,10.020000457763672,10.600000381469727,10.380000114440918,9600.0,10.380000114440918
2018-08-27,10.380000114440918,9.960000038146973,10.380000114440918,10.0,1250.0,10.0
2018-08-28,10.319999694824219,9.399999618530273,9.420000076293945,10.319999694824219,800.0,10.319999694824219
2018-08-29,10.15999984741211,9.619999885559082,9.640000343322754,10.0,2100.0,10.0
2018-08-30,10.0,9.800000190734863,9.9399995803833,9.899999618530273,1900.0,9.899999618530273
2018-08-31,9.960000038146973,9.720000267028809,9.880000114440918,9.960000038146973,1400.0,9.960000038146973
2018-09-04,11.0,9.5,9.5,10.680000305175781,3050.0,10.680000305175781
2018-09-05,10.979999542236328,10.140000343322754,10.520000457763672,10.460000038146973,3200.0,10.460000038146973
2018-09-06,10.5600004196167,10.0,10.220000267028809,10.479999542236328,3000.0,10.479999542236328
2018-09-07,10.399999618530273,9.5600004196167,9.880000114440918,10.399999618530273,3950.0,10.399999618530273
2018-09-10,10.65999984741211,9.65999984741211,10.5,10.260000228881836,3650.0,10.260000228881836
2018-09-11,10.300000190734863,9.119999885559082,10.180000305175781,9.960000038146973,6950.0,9.960000038146973
2018-09-12,9.960000038146973,9.399999618530273,9.739999771118164,9.65999984741211,3700.0,9.65999984741211
2018-09-13,9.680000305175781,8.899999618530273,9.399999618530273,8.899999618530273,3700.0,8.899999618530273
2018-09-14,9.100000381469727,8.65999984741211,9.0,9.0,3050.0,9.0
2018-09-17,9.0600004196167,8.199999809265137,8.960000038146973,8.819999694824219,2700.0,8.819999694824219
2018-09-18,8.739999771118164,8.359999656677246,8.359999656677246,8.4399995803833,700.0,8.4399995803833
2018-09-19,9.0600004196167,8.34000015258789,8.600000381469727,8.460000038146973,7200.0,8.460000038146973
2018-09-20,8.619999885559082,8.34000015258789,8.34000015258789,8.399999618530273,1600.0,8.399999618530273
2018-09-21,9.539999961853027,8.359999656677246,8.479999542236328,9.539999961853027,2700.0,9.539999961853027
2018-09-24,9.699999809265137,8.800000190734863,8.920000076293945,8.899999618530273,3900.0,8.899999618530273
2018-09-25,9.84000015258789,9.319999694824219,9.319999694824219,9.800000190734863,350.0,9.800000190734863
2018-09-26,10.0,8.819999694824219,10.0,8.899999618530273,1100.0,8.899999618530273
2018-09-27,8.760000228881836,8.760000228881836,8.760000228881836,8.760000228881836,200.0,8.760000228881836
2018-09-28,8.899999618530273,8.899999618530273,8.899999618530273,8.899999618530273,100.0,8.899999618530273
2018-10-01,8.800000190734863,8.5,8.5,8.520000457763672,1300.0,8.520000457763672
2018-10-02,8.819999694824219,8.399999618530273,8.399999618530273,8.699999809265137,1550.0,8.699999809265137
2018-10-03,9.020000457763672,8.279999732971191,8.800000190734863,8.760000228881836,3200.0,8.760000228881836
2018-10-04,8.84000015258789,8.600000381469727,8.800000190734863,8.65999984741211,1250.0,8.65999984741211
2018-10-05,9.039999961853027,8.220000267028809,8.5,9.039999961853027,2050.0,9.039999961853027
2018-10-08,8.300000190734863,8.199999809265137,8.300000190734863,8.199999809265137,1050.0,8.199999809265137
2018-10-09,8.779999732971191,8.460000038146973,8.779999732971191,8.460000038146973,1200.0,8.460000038146973
2018-10-10,8.619999885559082,8.100000381469727,8.420000076293945,8.100000381469727,600.0,8.100000381469727
2018-10-11,8.819999694824219,8.420000076293945,8.420000076293945,8.819999694824219,1600.0,8.819999694824219
2018-10-12,8.699999809265137,8.460000038146973,8.640000343322754,8.699999809265137,700.0,8.699999809265137
2018-10-15,8.5600004196167,8.100000381469727,8.34000015258789,8.100000381469727,1150.0,8.100000381469727
2018-10-16,8.65999984741211,8.199999809265137,8.199999809265137,8.65999984741211,100.0,8.65999984741211
2018-10-17,9.420000076293945,8.699999809265137,8.699999809265137,8.699999809265137,4950.0,8.699999809265137
2018-10-18,9.0600004196167,8.220000267028809,8.699999809265137,8.220000267028809,6200.0,8.220000267028809
2018-10-19,8.699999809265137,8.34000015258789,8.34000015258789,8.640000343322754,600.0,8.640000343322754
2018-10-22,8.479999542236328,8.479999542236328,8.479999542236328,8.479999542236328,200.0,8.479999542236328
2018-10-23,8.760000228881836,8.680000305175781,8.760000228881836,8.680000305175781,200.0,8.680000305175781
2018-10-24,8.920000076293945,6.639999866485596,8.920000076293945,7.900000095367432,6050.0,7.900000095367432
2018-10-25,8.0,7.260000228881836,7.920000076293945,7.960000038146973,400.0,7.960000038146973
2018-10-26,7.880000114440918,7.099999904632568,7.579999923706055,7.599999904632568,1650.0,7.599999904632568
2018-10-29,7.599999904632568,7.599999904632568,7.599999904632568,7.599999904632568,150.0,7.599999904632568
2018-10-30,7.960000038146973,7.619999885559082,7.960000038146973,7.760000228881836,1150.0,7.760000228881836
2018-10-31,8.479999542236328,7.800000190734863,8.479999542236328,7.840000152587891,2900.0,7.840000152587891
2018-11-01,7.739999771118164,7.440000057220459,7.739999771118164,7.440000057220459,650.0,7.440000057220459
2018-11-02,7.639999866485596,7.5,7.5,7.639999866485596,850.0,7.639999866485596
2018-11-05,8.5,7.599999904632568,8.5,7.599999904632568,2450.0,7.599999904632568
2018-11-06,7.840000152587891,7.300000190734863,7.300000190734863,7.639999866485596,600.0,7.639999866485596
2018-11-07,7.5,6.800000190734863,7.5,6.860000133514404,4500.0,6.860000133514404
2018-11-08,8.15999984741211,6.300000190734863,7.860000133514404,6.340000152587891,47000.0,6.340000152587891
2018-11-09,6.420000076293945,6.179999828338623,6.400000095367432,6.340000152587891,3000.0,6.340000152587891
2018-11-12,6.199999809265137,5.800000190734863,5.800000190734863,5.900000095367432,3650.0,5.900000095367432
2018-11-13,6.019999980926514,5.699999809265137,6.019999980926514,5.699999809265137,3750.0,5.699999809265137
2018-11-14,5.78000020980835,5.619999885559082,5.619999885559082,5.679999828338623,650.0,5.679999828338623
2018-11-15,5.920000076293945,5.420000076293945,5.440000057220459,5.800000190734863,1300.0,5.800000190734863
2018-11-16,5.760000228881836,5.559999942779541,5.760000228881836,5.599999904632568,1600.0,5.599999904632568
2018-11-19,6.039999961853027,5.579999923706055,5.579999923706055,5.739999771118164,2200.0,5.739999771118164
2018-11-20,5.920000076293945,5.599999904632568,5.599999904632568,5.699999809265137,900.0,5.699999809265137
2018-11-21,5.739999771118164,5.199999809265137,5.599999904632568,5.239999771118164,4950.0,5.239999771118164
2018-11-23,5.639999866485596,5.239999771118164,5.239999771118164,5.639999866485596,2450.0,5.639999866485596
2018-11-26,5.940000057220459,5.260000228881836,5.320000171661377,5.71999979019165,3650.0,5.71999979019165
2018-11-27,5.840000152587891,5.179999828338623,5.699999809265137,5.380000114440918,5350.0,5.380000114440918
2018-11-28,5.480000019073486,5.139999866485596,5.199999809265137,5.480000019073486,4650.0,5.480000019073486
2018-11-29,5.480000019073486,5.039999961853027,5.300000190734863,5.039999961853027,12500.0,5.039999961853027
2018-11-30,5.460000038146973,4.440000057220459,5.179999828338623,4.559999942779541,35250.0,4.559999942779541
2018-12-03,4.599999904632568,4.340000152587891,4.599999904632568,4.400000095367432,29400.0,4.400000095367432
2018-12-04,4.300000190734863,3.940000057220459,4.199999809265137,4.019999980926514,50250.0,4.019999980926514
2018-12-06,4.21999979019165,3.7799999713897705,4.21999979019165,4.019999980926514,37100.0,4.019999980926514
2018-12-07,5.539999961853027,4.28000020980835,4.900000095367432,4.340000152587891,887450.0,4.340000152587891
2018-12-10,4.639999866485596,4.179999828338623,4.179999828338623,4.360000133514404,38000.0,4.360000133514404
2018-12-11,4.360000133514404,4.139999866485596,4.199999809265137,4.360000133514404,17450.0,4.360000133514404
2018-12-12,4.699999809265137,4.119999885559082,4.119999885559082,4.659999847412109,21100.0,4.659999847412109
2018-12-13,4.599999904632568,3.8399999141693115,4.599999904632568,4.059999942779541,42600.0,4.059999942779541
2018-12-14,4.420000076293945,4.0,4.0,4.28000020980835,3500.0,4.28000020980835
2018-12-17,4.5,4.159999847412109,4.21999979019165,4.420000076293945,47150.0,4.420000076293945
2018-12-18,4.420000076293945,4.119999885559082,4.420000076293945,4.260000228881836,26000.0,4.260000228881836
2018-12-19,4.5,3.700000047683716,4.059999942779541,4.0,24550.0,4.0
2018-12-20,4.179999828338623,3.819999933242798,4.019999980926514,4.159999847412109,16200.0,4.159999847412109
2018-12-21,4.239999771118164,3.5999999046325684,4.139999866485596,4.239999771118164,13850.0,4.239999771118164
2018-12-24,4.159999847412109,3.759999990463257,4.159999847412109,3.759999990463257,16500.0,3.759999990463257
2018-12-26,3.9600000381469727,3.5999999046325684,3.759999990463257,3.640000104904175,13600.0,3.640000104904175
2018-12-27,4.039999961853027,3.640000104904175,3.640000104904175,3.9000000953674316,6750.0,3.9000000953674316
2018-12-28,3.9800000190734863,3.6600000858306885,3.7200000286102295,3.9800000190734863,17750.0,3.9800000190734863
2018-12-31,4.019999980926514,3.640000104904175,3.940000057220459,3.9000000953674316,11050.0,3.9000000953674316
2019-01-02,4.0,3.9200000762939453,3.9600000381469727,3.9200000762939453,6300.0,3.9200000762939453
2019-01-03,3.859999895095825,3.8399999141693115,3.8399999141693115,3.8399999141693115,2100.0,3.8399999141693115
2019-01-04,4.0,3.7799999713897705,4.0,3.9200000762939453,10050.0,3.9200000762939453
2019-01-07,4.480000019073486,3.8399999141693115,3.8399999141693115,4.28000020980835,40750.0,4.28000020980835
2019-01-08,4.519999980926514,4.28000020980835,4.300000190734863,4.440000057220459,7150.0,4.440000057220459
2019-01-09,4.880000114440918,4.300000190734863,4.400000095367432,4.5,32000.0,4.5
2019-01-10,5.139999866485596,4.5,4.5,4.71999979019165,30300.0,4.71999979019165
2019-01-11,4.880000114440918,4.400000095367432,4.71999979019165,4.840000152587891,8900.0,4.840000152587891
2019-01-14,5.139999866485596,4.599999904632568,5.039999961853027,4.960000038146973,10900.0,4.960000038146973
2019-01-15,5.599999904632568,4.820000171661377,4.820000171661377,5.599999904632568,30250.0,5.599999904632568
2019-01-16,7.0,5.679999828338623,5.679999828338623,6.920000076293945,42650.0,6.920000076293945
2019-01-17,7.5,6.400000095367432,7.28000020980835,6.900000095367432,50200.0,6.900000095367432
2019-01-18,7.119999885559082,6.300000190734863,7.0,6.360000133514404,26750.0,6.360000133514404
2019-01-22,6.199999809265137,5.860000133514404,6.159999847412109,5.860000133514404,7850.0,5.860000133514404
2019-01-23,5.980000019073486,5.340000152587891,5.800000190734863,5.599999904632568,8600.0,5.599999904632568
2019-01-24,5.920000076293945,5.579999923706055,5.619999885559082,5.739999771118164,11450.0,5.739999771118164
2019-01-25,5.659999847412109,5.119999885559082,5.440000057220459,5.420000076293945,5900.0,5.420000076293945
2019-01-28,5.880000114440918,5.300000190734863,5.420000076293945,5.880000114440918,3300.0,5.880000114440918
2019-01-29,5.900000095367432,5.239999771118164,5.239999771118164,5.900000095367432,750.0,5.900000095367432
2019-01-30,5.980000019073486,5.599999904632568,5.900000095367432,5.599999904632568,8700.0,5.599999904632568
2019-01-31,6.039999961853027,5.679999828338623,5.679999828338623,5.699999809265137,1500.0,5.699999809265137
2019-02-01,6.059999942779541,5.699999809265137,5.800000190734863,6.059999942779541,650.0,6.059999942779541
2019-02-04,6.079999923706055,5.679999828338623,6.079999923706055,5.739999771118164,2400.0,5.739999771118164
2019-02-05,5.920000076293945,5.519999980926514,5.920000076293945,5.679999828338623,9150.0,5.679999828338623
2019-02-06,5.78000020980835,5.699999809265137,5.699999809265137,5.71999979019165,1800.0,5.71999979019165
2019-02-07,6.139999866485596,5.199999809265137,5.820000171661377,5.360000133514404,7450.0,5.360000133514404
2019-02-08,5.960000038146973,5.059999942779541,5.960000038146973,5.059999942779541,5300.0,5.059999942779541
2019-02-11,5.579999923706055,5.199999809265137,5.239999771118164,5.579999923706055,4600.0,5.579999923706055
2019-02-12,5.920000076293945,5.639999866485596,5.920000076293945,5.800000190734863,1050.0,5.800000190734863
2019-02-13,6.400000095367432,5.119999885559082,5.119999885559082,6.199999809265137,6600.0,6.199999809265137
2019-02-14,6.360000133514404,5.980000019073486,6.360000133514404,6.0,4350.0,6.0
2019-02-15,6.460000038146973,5.539999961853027,6.360000133514404,5.78000020980835,4000.0,5.78000020980835
2019-02-19,6.860000133514404,5.760000228881836,5.760000228881836,6.840000152587891,2650.0,6.840000152587891
2019-02-20,7.300000190734863,6.820000171661377,7.019999980926514,7.179999828338623,3950.0,7.179999828338623
2019-02-21,7.400000095367432,6.78000020980835,7.400000095367432,7.239999771118164,5150.0,7.239999771118164
2019-02-22,7.400000095367432,6.980000019073486,7.019999980926514,7.039999961853027,3550.0,7.039999961853027
2019-02-25,7.840000152587891,7.28000020980835,7.320000171661377,7.519999980926514,5500.0,7.519999980926514
2019-02-26,7.460000038146973,6.960000038146973,6.960000038146973,7.460000038146973,1200.0,7.460000038146973
2019-02-27,7.320000171661377,6.800000190734863,6.800000190734863,7.019999980926514,2750.0,7.019999980926514
2019-02-28,6.980000019073486,6.840000152587891,6.980000019073486,6.860000133514404,2000.0,6.860000133514404
2019-03-01,7.880000114440918,6.920000076293945,7.0,7.400000095367432,3200.0,7.400000095367432
2019-03-04,7.480000019073486,7.199999809265137,7.440000057220459,7.239999771118164,2650.0,7.239999771118164
2019-03-05,7.260000228881836,7.119999885559082,7.119999885559082,7.260000228881836,500.0,7.260000228881836
2019-03-06,7.559999942779541,7.239999771118164,7.300000190734863,7.239999771118164,2750.0,7.239999771118164
2019-03-07,7.380000114440918,7.199999809265137,7.199999809265137,7.380000114440918,3750.0,7.380000114440918
2019-03-08,7.380000114440918,6.940000057220459,7.199999809265137,6.940000057220459,1400.0,6.940000057220459
2019-03-11,7.099999904632568,7.0,7.099999904632568,7.0,2700.0,7.0
2019-03-12,7.079999923706055,7.0,7.0,7.059999942779541,4350.0,7.059999942779541
2019-03-13,7.5,7.400000095367432,7.400000095367432,7.420000076293945,1000.0,7.420000076293945
2019-03-14,7.940000057220459,7.440000057220459,7.440000057220459,7.78000020980835,1600.0,7.78000020980835
2019-03-15,7.800000190734863,7.480000019073486,7.800000190734863,7.480000019073486,3350.0,7.480000019073486
2019-03-18,7.639999866485596,6.940000057220459,7.320000171661377,6.940000057220459,1900.0,6.940000057220459
2019-03-19,7.559999942779541,7.440000057220459,7.460000038146973,7.440000057220459,300.0,7.440000057220459
2019-03-20,7.940000057220459,7.440000057220459,7.659999847412109,7.900000095367432,10650.0,7.900000095367432
2019-03-21,7.880000114440918,7.28000020980835,7.400000095367432,7.78000020980835,5100.0,7.78000020980835
2019-03-22,7.980000019073486,7.820000171661377,7.840000152587891,7.860000133514404,6300.0,7.860000133514404
2019-03-25,7.800000190734863,7.659999847412109,7.800000190734863,7.659999847412109,1350.0,7.659999847412109
2019-03-26,8.199999809265137,7.860000133514404,7.920000076293945,8.199999809265137,10850.0,8.199999809265137
2019-03-27,8.279999732971191,8.039999961853027,8.119999885559082,8.15999984741211,4850.0,8.15999984741211
2019-03-28,8.15999984741211,8.039999961853027,8.039999961853027,8.0600004196167,2850.0,8.0600004196167
2019-03-29,8.300000190734863,7.920000076293945,7.940000057220459,8.0600004196167,2600.0,8.0600004196167
2019-04-01,8.420000076293945,8.399999618530273,8.420000076293945,8.399999618530273,1050.0,8.399999618530273
2019-04-02,8.460000038146973,8.460000038146973,8.460000038146973,8.460000038146973,150.0,8.460000038146973
2019-04-03,8.4399995803833,8.0,8.0,8.4399995803833,400.0,8.4399995803833
2019-04-04,8.800000190734863,8.34000015258789,8.5,8.34000015258789,5450.0,8.34000015258789
2019-04-05,8.5600004196167,8.220000267028809,8.420000076293945,8.220000267028809,2800.0,8.220000267028809
2019-04-08,8.359999656677246,8.119999885559082,8.15999984741211,8.119999885559082,1150.0,8.119999885559082
2019-04-09,8.100000381469727,7.980000019073486,8.020000457763672,8.0,600.0,8.0
2019-04-10,8.039999961853027,7.940000057220459,8.039999961853027,7.960000038146973,4300.0,7.960000038146973
2019-04-11,7.880000114440918,7.599999904632568,7.880000114440918,7.820000171661377,3450.0,7.820000171661377
2019-04-12,7.980000019073486,7.199999809265137,7.980000019073486,7.400000095367432,1400.0,7.400000095367432
2019-04-15,7.71999979019165,7.400000095367432,7.400000095367432,7.71999979019165,300.0,7.71999979019165
2019-04-16,7.71999979019165,7.71999979019165,7.71999979019165,7.71999979019165,50.0,7.71999979019165
2019-04-17,7.599999904632568,7.019999980926514,7.320000171661377,7.21999979019165,3300.0,7.21999979019165
2019-04-18,8.0,7.599999904632568,7.78000020980835,7.599999904632568,1050.0,7.599999904632568
2019-04-22,7.559999942779541,7.099999904632568,7.559999942779541,7.099999904632568,2100.0,7.099999904632568
2019-04-23,7.099999904632568,6.239999771118164,7.099999904632568,6.28000020980835,14850.0,6.28000020980835
2019-04-24,6.380000114440918,6.21999979019165,6.21999979019165,6.320000171661377,1000.0,6.320000171661377
2019-04-25,6.239999771118164,6.0,6.21999979019165,6.199999809265137,5000.0,6.199999809265137
2019-04-26,6.199999809265137,6.099999904632568,6.099999904632568,6.199999809265137,450.0,6.199999809265137
2019-04-29,6.679999828338623,5.940000057220459,6.199999809265137,5.940000057220459,5250.0,5.940000057220459
2019-04-30,6.0,6.0,6.0,6.0,250.0,6.0
2019-05-01,6.739999771118164,5.739999771118164,6.0,6.739999771118164,4550.0,6.739999771118164
2019-05-02,6.840000152587891,6.380000114440918,6.380000114440918,6.639999866485596,4900.0,6.639999866485596
2019-05-03,6.739999771118164,6.119999885559082,6.739999771118164,6.179999828338623,4750.0,6.179999828338623
2019-05-06,6.800000190734863,5.519999980926514,5.519999980926514,6.800000190734863,1850.0,6.800000190734863
2019-05-07,6.800000190734863,6.78000020980835,6.78000020980835,6.800000190734863,200.0,6.800000190734863
2019-05-08,6.840000152587891,6.21999979019165,6.800000190734863,6.699999809265137,1050.0,6.699999809265137
2019-05-09,6.800000190734863,6.21999979019165,6.800000190734863,6.300000190734863,9900.0,6.300000190734863
2019-05-10,6.78000020980835,6.71999979019165,6.78000020980835,6.71999979019165,350.0,6.71999979019165
2019-05-13,7.159999847412109,6.71999979019165,7.039999961853027,7.0,3450.0,7.0
2019-05-14,6.400000095367432,5.880000114440918,6.400000095367432,6.260000228881836,1200.0,6.260000228881836
2019-05-15,6.179999828338623,6.139999866485596,6.179999828338623,6.139999866485596,400.0,6.139999866485596
2019-05-16,6.139999866485596,5.639999866485596,6.139999866485596,5.960000038146973,2250.0,5.960000038146973
2019-05-17,5.840000152587891,5.78000020980835,5.840000152587891,5.78000020980835,1050.0,5.78000020980835
2019-05-20,6.5,5.440000057220459,5.440000057220459,6.5,2650.0,6.5
2019-05-21,7.079999923706055,6.239999771118164,6.900000095367432,7.039999961853027,6800.0,7.039999961853027
2019-05-22,7.099999904632568,6.639999866485596,7.099999904632568,6.699999809265137,950.0,6.699999809265137
2019-05-23,7.159999847412109,6.659999847412109,7.139999866485596,6.78000020980835,3300.0,6.78000020980835
2019-05-24,6.579999923706055,6.579999923706055,6.579999923706055,6.579999923706055,150.0,6.579999923706055
2019-05-28,7.199999809265137,6.900000095367432,7.199999809265137,7.0,1150.0,7.0
2019-05-29,6.960000038146973,6.179999828338623,6.179999828338623,6.900000095367432,800.0,6.900000095367432
2019-05-30,6.900000095367432,6.039999961853027,6.320000171661377,6.900000095367432,3650.0,6.900000095367432
2019-05-31,7.179999828338623,6.860000133514404,6.860000133514404,7.0,1350.0,7.0
2019-06-03,7.199999809265137,6.5,6.840000152587891,6.940000057220459,5550.0,6.940000057220459
2019-06-04,7.099999904632568,6.659999847412109,6.940000057220459,6.78000020980835,6650.0,6.78000020980835
2019-06-05,7.0,6.78000020980835,6.78000020980835,6.880000114440918,900.0,6.880000114440918
2019-06-06,7.099999904632568,6.840000152587891,6.880000114440918,7.099999904632568,650.0,7.099999904632568
2019-06-07,7.159999847412109,6.980000019073486,7.079999923706055,7.159999847412109,1200.0,7.159999847412109
2019-06-10,7.159999847412109,7.159999847412109,7.159999847412109,7.159999847412109,50.0,7.159999847412109
2019-06-11,7.179999828338623,6.579999923706055,7.079999923706055,7.179999828338623,4100.0,7.179999828338623
2019-06-12,7.159999847412109,6.800000190734863,7.0,7.159999847412109,600.0,7.159999847412109
2019-06-13,6.880000114440918,6.340000152587891,6.840000152587891,6.78000020980835,1200.0,6.78000020980835
2019-06-14,7.159999847412109,6.840000152587891,6.860000133514404,7.139999866485596,5350.0,7.139999866485596
2019-06-17,6.940000057220459,6.480000019073486,6.739999771118164,6.619999885559082,5150.0,6.619999885559082
2019-06-18,6.940000057220459,6.340000152587891,6.940000057220459,6.900000095367432,950.0,6.900000095367432
2019-06-19,6.960000038146973,6.659999847412109,6.659999847412109,6.940000057220459,6900.0,6.940000057220459
2019-06-20,6.820000171661377,6.320000171661377,6.78000020980835,6.639999866485596,550.0,6.639999866485596
2019-06-21,6.980000019073486,6.5,6.980000019073486,6.880000114440918,2150.0,6.880000114440918
2019-06-24,7.0,6.5,6.920000076293945,6.960000038146973,2150.0,6.960000038146973
2019-06-25,7.71999979019165,7.079999923706055,7.71999979019165,7.099999904632568,800.0,7.099999904632568
2019-06-26,7.980000019073486,6.519999980926514,7.860000133514404,7.099999904632568,3650.0,7.099999904632568
2019-06-27,7.559999942779541,7.139999866485596,7.139999866485596,7.460000038146973,1050.0,7.460000038146973
2019-06-28,7.960000038146973,7.579999923706055,7.960000038146973,7.579999923706055,1300.0,7.579999923706055
2019-07-01,7.78000020980835,7.019999980926514,7.019999980926514,7.420000076293945,3950.0,7.420000076293945
2019-07-02,7.579999923706055,7.440000057220459,7.539999961853027,7.579999923706055,900.0,7.579999923706055
2019-07-03,7.739999771118164,6.760000228881836,7.659999847412109,7.340000152587891,4350.0,7.340000152587891
2019-07-05,7.699999809265137,6.800000190734863,7.699999809265137,7.639999866485596,3250.0,7.639999866485596
2019-07-08,7.639999866485596,7.199999809265137,7.639999866485596,7.639999866485596,3200.0,7.639999866485596
2019-07-09,7.579999923706055,7.179999828338623,7.28000020980835,7.559999942779541,1700.0,7.559999942779541
2019-07-10,7.599999904632568,6.079999923706055,6.079999923706055,7.340000152587891,2850.0,7.340000152587891
2019-07-11,7.519999980926514,7.360000133514404,7.519999980926514,7.420000076293945,550.0,7.420000076293945
2019-07-12,7.300000190734863,6.940000057220459,7.300000190734863,7.059999942779541,5050.0,7.059999942779541
2019-07-15,7.300000190734863,6.639999866485596,7.300000190734863,6.639999866485596,850.0,6.639999866485596
2019-07-16,6.920000076293945,6.599999904632568,6.599999904632568,6.920000076293945,150.0,6.920000076293945
2019-07-17,6.960000038146973,6.059999942779541,6.960000038146973,6.059999942779541,5900.0,6.059999942779541
2019-07-18,6.440000057220459,6.260000228881836,6.260000228881836,6.440000057220459,200.0,6.440000057220459
2019-07-19,6.360000133514404,6.199999809265137,6.199999809265137,6.360000133514404,900.0,6.360000133514404
2019-07-22,6.460000038146973,6.460000038146973,6.460000038146973,6.460000038146973,300.0,6.460000038146973
2019-07-23,6.5,6.5,6.5,6.5,100.0,6.5
2019-07-24,6.380000114440918,6.179999828338623,6.320000171661377,6.179999828338623,400.0,6.179999828338623
2019-07-25,6.179999828338623,6.019999980926514,6.019999980926514,6.179999828338623,2750.0,6.179999828338623
2019-07-26,6.059999942779541,6.0,6.019999980926514,6.0,1300.0,6.0
2019-07-29,6.260000228881836,6.119999885559082,6.260000228881836,6.159999847412109,5250.0,6.159999847412109
2019-07-30,6.820000171661377,6.139999866485596,6.320000171661377,6.71999979019165,5250.0,6.71999979019165
2019-07-31,6.940000057220459,6.699999809265137,6.920000076293945,6.699999809265137,2100.0,6.699999809265137
2019-08-01,6.699999809265137,6.380000114440918,6.699999809265137,6.460000038146973,1550.0,6.460000038146973
2019-08-02,6.679999828338623,6.619999885559082,6.619999885559082,6.659999847412109,450.0,6.659999847412109
2019-08-05,7.059999942779541,6.440000057220459,6.440000057220459,6.880000114440918,1000.0,6.880000114440918
2019-08-06,6.599999904632568,6.239999771118164,6.599999904632568,6.5,400.0,6.5
2019-08-07,6.860000133514404,6.179999828338623,6.179999828338623,6.860000133514404,300.0,6.860000133514404
2019-08-08,6.860000133514404,6.179999828338623,6.179999828338623,6.860000133514404,50.0,6.860000133514404
2019-08-09,6.820000171661377,6.619999885559082,6.619999885559082,6.820000171661377,150.0,6.820000171661377
2019-08-12,6.400000095367432,6.0,6.159999847412109,6.019999980926514,2800.0,6.019999980926514
2019-08-13,6.460000038146973,5.400000095367432,5.800000190734863,6.199999809265137,3500.0,6.199999809265137
2019-08-14,6.28000020980835,6.21999979019165,6.28000020980835,6.21999979019165,150.0,6.21999979019165
2019-08-15,6.28000020980835,6.21999979019165,6.28000020980835,6.21999979019165,50.0,6.21999979019165
2019-08-16,6.059999942779541,5.800000190734863,5.900000095367432,5.980000019073486,250.0,5.980000019073486
2019-08-19,5.539999961853027,5.539999961853027,5.539999961853027,5.539999961853027,100.0,5.539999961853027
2019-08-20,5.800000190734863,5.760000228881836,5.800000190734863,5.760000228881836,250.0,5.760000228881836
2019-08-21,5.960000038146973,5.960000038146973,5.960000038146973,5.960000038146973,100.0,5.960000038146973
2019-08-22,5.960000038146973,5.920000076293945,5.960000038146973,5.920000076293945,100.0,5.920000076293945
2019-08-23,5.900000095367432,5.5,5.900000095367432,5.599999904632568,700.0,5.599999904632568
2019-08-26,5.679999828338623,5.5,5.679999828338623,5.5,550.0,5.5
2019-08-27,5.400000095367432,5.21999979019165,5.400000095367432,5.21999979019165,250.0,5.21999979019165
2019-08-28,5.239999771118164,5.079999923706055,5.079999923706055,5.239999771118164,500.0,5.239999771118164
2019-08-29,5.400000095367432,4.980000019073486,5.400000095367432,4.980000019073486,3050.0,4.980000019073486
2019-08-30,5.300000190734863,4.860000133514404,5.300000190734863,4.860000133514404,700.0,4.860000133514404
2019-09-03,4.78000020980835,4.440000057220459,4.440000057220459,4.679999828338623,2350.0,4.679999828338623
2019-09-04,4.800000190734863,4.679999828338623,4.800000190734863,4.679999828338623,2400.0,4.679999828338623
2019-09-05,4.679999828338623,4.679999828338623,4.679999828338623,4.679999828338623,0.0,4.679999828338623
2019-09-06,5.099999904632568,4.739999771118164,5.079999923706055,4.739999771118164,1050.0,4.739999771118164
2019-09-09,5.239999771118164,5.019999980926514,5.039999961853027,5.239999771118164,600.0,5.239999771118164
2019-09-10,5.900000095367432,4.139999866485596,5.239999771118164,4.460000038146973,55850.0,4.460000038146973
2019-09-11,4.800000190734863,4.460000038146973,4.599999904632568,4.579999923706055,4050.0,4.579999923706055
2019-09-12,4.639999866485596,4.400000095367432,4.639999866485596,4.559999942779541,9550.0,4.559999942779541
2019-09-13,4.699999809265137,4.300000190734863,4.300000190734863,4.659999847412109,1700.0,4.659999847412109
2019-09-16,4.739999771118164,4.400000095367432,4.71999979019165,4.440000057220459,2250.0,4.440000057220459
2019-09-17,4.920000076293945,4.440000057220459,4.460000038146973,4.599999904632568,1150.0,4.599999904632568
2019-09-18,4.880000114440918,4.519999980926514,4.860000133514404,4.679999828338623,1100.0,4.679999828338623
2019-09-19,4.699999809265137,4.420000076293945,4.5,4.559999942779541,1300.0,4.559999942779541
2019-09-20,4.659999847412109,4.440000057220459,4.460000038146973,4.659999847412109,900.0,4.659999847412109
2019-09-23,4.900000095367432,4.420000076293945,4.78000020980835,4.900000095367432,800.0,4.900000095367432
2019-09-24,5.300000190734863,4.860000133514404,4.880000114440918,5.139999866485596,23800.0,5.139999866485596
2019-09-25,5.699999809265137,5.380000114440918,5.380000114440918,5.519999980926514,7100.0,5.519999980926514
2019-09-26,6.380000114440918,5.519999980926514,5.519999980926514,6.380000114440918,16050.0,6.380000114440918
2019-09-27,7.0,6.400000095367432,6.5,6.940000057220459,6100.0,6.940000057220459
2019-09-30,6.900000095367432,6.079999923706055,6.679999828338623,6.71999979019165,2100.0,6.71999979019165
2019-10-01,7.599999904632568,6.699999809265137,6.760000228881836,6.699999809265137,6000.0,6.699999809265137
2019-10-02,7.139999866485596,6.78000020980835,7.139999866485596,6.78000020980835,850.0,6.78000020980835
2019-10-03,6.5,5.659999847412109,6.480000019073486,6.159999847412109,1350.0,6.159999847412109
2019-10-04,6.079999923706055,5.420000076293945,5.420000076293945,6.079999923706055,700.0,6.079999923706055
2019-10-07,6.960000038146973,6.480000019073486,6.480000019073486,6.78000020980835,750.0,6.78000020980835
2019-10-08,7.78000020980835,7.239999771118164,7.260000228881836,7.300000190734863,2500.0,7.300000190734863
2019-10-09,6.900000095367432,6.460000038146973,6.460000038146973,6.840000152587891,850.0,6.840000152587891
2019-10-10,7.179999828338623,6.800000190734863,6.800000190734863,7.039999961853027,700.0,7.039999961853027
2019-10-11,6.920000076293945,6.800000190734863,6.920000076293945,6.800000190734863,2300.0,6.800000190734863
2019-10-14,7.480000019073486,6.920000076293945,7.28000020980835,6.920000076293945,1700.0,6.920000076293945
2019-10-15,7.440000057220459,6.920000076293945,6.920000076293945,6.940000057220459,650.0,6.940000057220459
2019-10-16,7.440000057220459,7.039999961853027,7.28000020980835,7.079999923706055,2550.0,7.079999923706055
2019-10-17,7.079999923706055,7.079999923706055,7.079999923706055,7.079999923706055,0.0,7.079999923706055
2019-10-18,6.21999979019165,5.480000019073486,6.0,5.760000228881836,4500.0,5.760000228881836
2019-10-21,5.559999942779541,4.71999979019165,5.21999979019165,5.199999809265137,2600.0,5.199999809265137
2019-10-22,5.199999809265137,4.920000076293945,4.920000076293945,5.199999809265137,1900.0,5.199999809265137
2019-10-23,6.159999847412109,5.079999923706055,5.079999923706055,6.119999885559082,6700.0,6.119999885559082
2019-10-24,6.159999847412109,5.739999771118164,6.039999961853027,6.059999942779541,1500.0,6.059999942779541
2019-10-25,6.420000076293945,6.059999942779541,6.139999866485596,6.420000076293945,550.0,6.420000076293945
2019-10-28,6.820000171661377,6.260000228881836,6.739999771118164,6.599999904632568,1350.0,6.599999904632568
2019-10-29,6.699999809265137,5.840000152587891,6.699999809265137,6.300000190734863,2250.0,6.300000190734863
2019-10-30,6.0,6.0,6.0,6.0,200.0,6.0
2019-10-31,5.699999809265137,5.5,5.659999847412109,5.699999809265137,900.0,5.699999809265137
2019-11-01,5.71999979019165,5.360000133514404,5.659999847412109,5.5,1950.0,5.5
2019-11-04,5.400000095367432,5.380000114440918,5.400000095367432,5.400000095367432,1100.0,5.400000095367432
2019-11-05,5.639999866485596,5.420000076293945,5.420000076293945,5.639999866485596,650.0,5.639999866485596
2019-11-06,5.639999866485596,5.639999866485596,5.639999866485596,5.639999866485596,0.0,5.639999866485596
2019-11-07,5.5,5.5,5.5,5.5,200.0,5.5
2019-11-08,5.559999942779541,5.559999942779541,5.559999942779541,5.559999942779541,150.0,5.559999942779541
2019-11-11,5.559999942779541,5.559999942779541,5.559999942779541,5.559999942779541,0.0,5.559999942779541
2019-11-12,5.519999980926514,5.300000190734863,5.519999980926514,5.320000171661377,1500.0,5.320000171661377
2019-11-13,5.519999980926514,5.519999980926514,5.519999980926514,5.519999980926514,150.0,5.519999980926514
2019-11-14,5.5,5.400000095367432,5.420000076293945,5.5,350.0,5.5
2019-11-15,5.420000076293945,4.539999961853027,5.340000152587891,4.940000057220459,2100.0,4.940000057220459
2019-11-18,5.239999771118164,4.800000190734863,4.800000190734863,5.21999979019165,400.0,5.21999979019165
2019-11-19,5.440000057220459,5.179999828338623,5.440000057220459,5.239999771118164,1650.0,5.239999771118164
2019-11-20,5.300000190734863,5.139999866485596,5.179999828338623,5.139999866485596,1750.0,5.139999866485596
2019-11-21,5.199999809265137,4.800000190734863,4.800000190734863,5.199999809265137,200.0,5.199999809265137
2019-11-22,5.199999809265137,5.199999809265137,5.199999809265137,5.199999809265137,50.0,5.199999809265137
2019-11-25,5.179999828338623,5.0,5.0,5.179999828338623,200.0,5.179999828338623
2019-11-26,5.480000019073486,5.260000228881836,5.260000228881836,5.400000095367432,500.0,5.400000095367432
2019-11-27,5.400000095367432,5.400000095367432,5.400000095367432,5.400000095367432,0.0,5.400000095367432
2019-11-29,5.400000095367432,5.400000095367432,5.400000095367432,5.400000095367432,0.0,5.400000095367432
2019-12-02,5.260000228881836,5.260000228881836,5.260000228881836,5.260000228881836,600.0,5.260000228881836
2019-12-03,5.019999980926514,4.980000019073486,5.0,4.980000019073486,400.0,4.980000019073486
2019-12-04,4.980000019073486,4.960000038146973,4.960000038146973,4.960000038146973,2650.0,4.960000038146973
2019-12-05,5.880000114440918,5.0,5.0,5.559999942779541,900.0,5.559999942779541
2019-12-06,5.619999885559082,5.380000114440918,5.559999942779541,5.619999885559082,1050.0,5.619999885559082
2019-12-09,5.900000095367432,4.980000019073486,5.900000095367432,5.28000020980835,1550.0,5.28000020980835
2019-12-10,5.679999828338623,5.360000133514404,5.679999828338623,5.380000114440918,350.0,5.380000114440918
2019-12-11,5.340000152587891,5.119999885559082,5.320000171661377,5.320000171661377,650.0,5.320000171661377
2019-12-12,5.320000171661377,5.320000171661377,5.320000171661377,5.320000171661377,0.0,5.320000171661377
2019-12-13,5.239999771118164,4.400000095367432,4.400000095367432,5.079999923706055,5200.0,5.079999923706055
2019-12-16,5.539999961853027,5.360000133514404,5.360000133514404,5.5,350.0,5.5
2019-12-17,5.5,5.5,5.5,5.5,0.0,5.5
2019-12-18,5.5,5.5,5.5,5.5,0.0,5.5
2019-12-19,5.519999980926514,5.460000038146973,5.519999980926514,5.460000038146973,400.0,5.460000038146973
2019-12-20,5.760000228881836,5.099999904632568,5.539999961853027,5.159999847412109,2850.0,5.159999847412109
2019-12-23,5.199999809265137,4.840000152587891,5.199999809265137,4.840000152587891,1100.0,4.840000152587891
2019-12-24,5.099999904632568,5.099999904632568,5.099999904632568,5.099999904632568,100.0,5.099999904632568
2019-12-26,4.880000114440918,4.659999847412109,4.78000020980835,4.880000114440918,400.0,4.880000114440918
2019-12-27,4.900000095367432,4.21999979019165,4.900000095367432,4.480000019073486,1700.0,4.480000019073486
2019-12-30,4.760000228881836,4.400000095367432,4.760000228881836,4.400000095367432,350.0,4.400000095367432
2019-12-31,4.539999961853027,4.28000020980835,4.28000020980835,4.400000095367432,7200.0,4.400000095367432
2020-01-02,4.659999847412109,4.199999809265137,4.619999885559082,4.460000038146973,1600.0,4.460000038146973
2020-01-03,4.340000152587891,4.199999809265137,4.199999809265137,4.320000171661377,1100.0,4.320000171661377
2020-01-06,4.659999847412109,4.099999904632568,4.480000019073486,4.320000171661377,12350.0,4.320000171661377
2020-01-07,4.699999809265137,4.260000228881836,4.440000057220459,4.679999828338623,12200.0,4.679999828338623
2020-01-08,4.880000114440918,4.480000019073486,4.639999866485596,4.760000228881836,2250.0,4.760000228881836
2020-01-09,4.960000038146973,4.5,4.920000076293945,4.559999942779541,10850.0,4.559999942779541
2020-01-10,4.71999979019165,4.599999904632568,4.599999904632568,4.71999979019165,6550.0,4.71999979019165
2020-01-13,4.900000095367432,4.71999979019165,4.760000228881836,4.71999979019165,450.0,4.71999979019165
2020-01-14,4.539999961853027,4.539999961853027,4.539999961853027,4.539999961853027,350.0,4.539999961853027
2020-01-15,4.940000057220459,4.519999980926514,4.800000190734863,4.840000152587891,3200.0,4.840000152587891
2020-01-16,4.860000133514404,4.860000133514404,4.860000133514404,4.860000133514404,300.0,4.860000133514404
2020-01-17,4.860000133514404,4.860000133514404,4.860000133514404,4.860000133514404,0.0,4.860000133514404
2020-01-21,4.880000114440918,4.539999961853027,4.699999809265137,4.880000114440918,550.0,4.880000114440918
2020-01-22,4.860000133514404,4.519999980926514,4.539999961853027,4.71999979019165,1350.0,4.71999979019165
2020-01-23,4.840000152587891,4.739999771118164,4.840000152587891,4.78000020980835,2200.0,4.78000020980835
2020-01-24,4.800000190734863,4.800000190734863,4.800000190734863,4.800000190734863,150.0,4.800000190734863
2020-01-27,4.739999771118164,4.480000019073486,4.480000019073486,4.639999866485596,450.0,4.639999866485596
2020-01-28,4.71999979019165,4.480000019073486,4.480000019073486,4.5,700.0,4.5
2020-01-29,4.579999923706055,4.579999923706055,4.579999923706055,4.579999923706055,200.0,4.579999923706055
2020-01-30,4.480000019073486,4.380000114440918,4.380000114440918,4.460000038146973,500.0,4.460000038146973
2020-01-31,4.480000019073486,4.260000228881836,4.260000228881836,4.460000038146973,400.0,4.460000038146973
2020-02-03,4.480000019073486,4.199999809265137,4.420000076293945,4.420000076293945,5600.0,4.420000076293945
2020-02-04,4.5,4.400000095367432,4.400000095367432,4.5,200.0,4.5
2020-02-05,4.539999961853027,4.21999979019165,4.539999961853027,4.480000019073486,1150.0,4.480000019073486
2020-02-06,4.420000076293945,4.340000152587891,4.420000076293945,4.420000076293945,350.0,4.420000076293945
2020-02-07,4.5,4.139999866485596,4.139999866485596,4.5,350.0,4.5
2020-02-10,4.579999923706055,4.28000020980835,4.579999923706055,4.400000095367432,550.0,4.400000095367432
2020-02-11,4.380000114440918,4.239999771118164,4.360000133514404,4.340000152587891,1150.0,4.340000152587891
2020-02-12,4.400000095367432,4.320000171661377,4.400000095367432,4.340000152587891,1150.0,4.340000152587891
2020-02-13,4.360000133514404,4.340000152587891,4.340000152587891,4.360000133514404,800.0,4.360000133514404
2020-02-14,4.440000057220459,3.7799999713897705,4.420000076293945,3.7799999713897705,2900.0,3.7799999713897705
2020-02-18,4.28000020980835,3.880000114440918,3.880000114440918,4.260000228881836,2450.0,4.260000228881836
2020-02-19,4.260000228881836,4.079999923706055,4.239999771118164,4.099999904632568,1600.0,4.099999904632568
2020-02-20,4.139999866485596,3.8399999141693115,4.139999866485596,4.119999885559082,500.0,4.119999885559082
2020-02-21,4.159999847412109,4.159999847412109,4.159999847412109,4.159999847412109,300.0,4.159999847412109
2020-02-24,4.199999809265137,4.199999809265137,4.199999809265137,4.199999809265137,2300.0,4.199999809265137
2020-02-25,4.260000228881836,3.7799999713897705,4.260000228881836,3.7799999713897705,2400.0,3.7799999713897705
2020-02-26,3.9600000381469727,3.7799999713897705,3.9600000381469727,3.799999952316284,1000.0,3.799999952316284
2020-02-27,5.380000114440918,3.5999999046325684,3.940000057220459,3.799999952316284,30900.0,3.799999952316284
2020-02-28,4.340000152587891,3.859999895095825,3.880000114440918,4.260000228881836,1500.0,4.260000228881836
2020-03-02,4.599999904632568,4.5,4.5,4.519999980926514,2650.0,4.519999980926514
2020-03-03,4.599999904632568,3.700000047683716,4.599999904632568,4.340000152587891,2600.0,4.340000152587891
2020-03-04,4.420000076293945,3.5999999046325684,3.8399999141693115,3.759999990463257,1300.0,3.759999990463257
2020-03-05,4.099999904632568,3.5999999046325684,4.099999904632568,3.5999999046325684,900.0,3.5999999046325684
2020-03-06,3.880000114440918,3.5999999046325684,3.799999952316284,3.619999885559082,1850.0,3.619999885559082
2020-03-09,3.5999999046325684,3.259999990463257,3.5999999046325684,3.5,5100.0,3.5
2020-03-10,4.460000038146973,3.8399999141693115,3.9600000381469727,4.260000228881836,6650.0,4.260000228881836
2020-03-11,3.440000057220459,3.440000057220459,3.440000057220459,3.440000057220459,250.0,3.440000057220459
2020-03-12,4.0,3.180000066757202,3.180000066757202,3.5999999046325684,8300.0,3.5999999046325684
2020-03-13,3.740000009536743,3.440000057220459,3.440000057220459,3.5,2200.0,3.5
2020-03-16,4.199999809265137,3.180000066757202,3.5999999046325684,3.4600000381469727,2200.0,3.4600000381469727
2020-03-17,4.039999961853027,3.5199999809265137,3.740000009536743,3.5399999618530273,2200.0,3.5399999618530273
2020-03-18,3.440000057220459,3.0999999046325684,3.440000057220459,3.2200000286102295,7250.0,3.2200000286102295
2020-03-19,3.0999999046325684,2.819999933242798,3.0999999046325684,2.9600000381469727,950.0,2.9600000381469727
2020-03-20,3.240000009536743,3.1600000858306885,3.240000009536743,3.1600000858306885,500.0,3.1600000858306885
2020-03-23,3.319999933242798,2.5999999046325684,3.319999933242798,2.700000047683716,3400.0,2.700000047683716
2020-03-24,2.880000114440918,1.9600000381469727,2.4000000953674316,2.880000114440918,5650.0,2.880000114440918
2020-03-25,2.819999933242798,2.5199999809265137,2.819999933242798,2.7200000286102295,2600.0,2.7200000286102295
2020-03-26,2.759999990463257,2.4000000953674316,2.5399999618530273,2.759999990463257,12500.0,2.759999990463257
2020-03-27,3.2200000286102295,2.7799999713897705,3.2200000286102295,2.9600000381469727,4400.0,2.9600000381469727
2020-03-30,3.0999999046325684,2.7200000286102295,3.0,3.0799999237060547,6800.0,3.0799999237060547
2020-03-31,3.380000114440918,2.7200000286102295,3.2799999713897705,3.0399999618530273,6200.0,3.0399999618530273
2020-04-01,3.180000066757202,3.0999999046325684,3.180000066757202,3.1600000858306885,650.0,3.1600000858306885
2020-04-02,3.0799999237060547,2.5199999809265137,2.700000047683716,2.5399999618530273,4950.0,2.5399999618530273
2020-04-03,2.440000057220459,2.0799999237060547,2.4200000762939453,2.3399999141693115,750.0,2.3399999141693115
2020-04-06,2.440000057220459,2.4000000953674316,2.440000057220459,2.4200000762939453,1000.0,2.4200000762939453
2020-04-07,2.4600000381469727,2.259999990463257,2.4600000381469727,2.4000000953674316,4050.0,2.4000000953674316
2020-04-08,2.640000104904175,2.359999895095825,2.4600000381469727,2.640000104904175,3450.0,2.640000104904175
2020-04-09,3.0,2.5,2.680000066757202,2.700000047683716,11550.0,2.700000047683716
2020-04-13,2.880000114440918,2.6600000858306885,2.819999933242798,2.859999895095825,6800.0,2.859999895095825
2020-04-14,2.9600000381469727,2.759999990463257,2.9600000381469727,2.9600000381469727,2600.0,2.9600000381469727
2020-04-15,2.9200000762939453,2.640000104904175,2.640000104904175,2.9200000762939453,500.0,2.9200000762939453
2020-04-16,2.9200000762939453,2.319999933242798,2.9200000762939453,2.440000057220459,8400.0,2.440000057220459
2020-04-17,2.6600000858306885,1.9600000381469727,2.559999942779541,2.4200000762939453,12950.0,2.4200000762939453
2020-04-20,2.440000057220459,2.0,2.4000000953674316,2.299999952316284,9400.0,2.299999952316284
2020-04-21,2.319999933242798,2.0999999046325684,2.319999933242798,2.1600000858306885,1750.0,2.1600000858306885
2020-04-22,2.3399999141693115,2.1600000858306885,2.200000047683716,2.3399999141693115,4000.0,2.3399999141693115
2020-04-23,2.3399999141693115,2.0799999237060547,2.299999952316284,2.200000047683716,13250.0,2.200000047683716
2020-04-24,2.299999952316284,2.119999885559082,2.2799999713897705,2.1600000858306885,10000.0,2.1600000858306885
2020-04-27,2.259999990463257,2.0999999046325684,2.259999990463257,2.240000009536743,23400.0,2.240000009536743
2020-04-28,2.319999933242798,2.0799999237060547,2.200000047683716,2.2799999713897705,3900.0,2.2799999713897705
2020-04-29,2.440000057220459,2.200000047683716,2.380000114440918,2.259999990463257,17100.0,2.259999990463257
2020-04-30,2.319999933242798,2.1600000858306885,2.319999933242798,2.240000009536743,6600.0,2.240000009536743
2020-05-01,2.319999933242798,2.119999885559082,2.319999933242798,2.299999952316284,1500.0,2.299999952316284
2020-05-04,2.440000057220459,2.140000104904175,2.4000000953674316,2.140000104904175,6600.0,2.140000104904175
2020-05-05,2.440000057220459,2.1600000858306885,2.240000009536743,2.259999990463257,4450.0,2.259999990463257
2020-05-06,2.7799999713897705,2.259999990463257,2.299999952316284,2.4000000953674316,17150.0,2.4000000953674316
2020-05-07,2.7200000286102295,2.4200000762939453,2.5199999809265137,2.5199999809265137,11350.0,2.5199999809265137
2020-05-08,2.740000009536743,2.3399999141693115,2.640000104904175,2.5399999618530273,18750.0,2.5399999618530273
2020-05-11,2.759999990463257,2.5,2.6600000858306885,2.5399999618530273,6000.0,2.5399999618530273
2020-05-12,2.880000114440918,2.259999990463257,2.880000114440918,2.440000057220459,5400.0,2.440000057220459
2020-05-13,2.4000000953674316,2.1600000858306885,2.299999952316284,2.319999933242798,6700.0,2.319999933242798
2020-05-14,2.6600000858306885,2.3399999141693115,2.4000000953674316,2.6600000858306885,3600.0,2.6600000858306885
2020-05-15,2.8399999141693115,2.7799999713897705,2.8399999141693115,2.7799999713897705,5700.0,2.7799999713897705
2020-05-18,3.0,2.819999933242798,2.9000000953674316,2.9000000953674316,17800.0,2.9000000953674316
2020-05-19,3.319999933242798,3.059999942779541,3.0999999046325684,3.0999999046325684,8600.0,3.0999999046325684
2020-05-20,3.0999999046325684,2.5799999237060547,2.9200000762939453,2.6600000858306885,18400.0,2.6600000858306885
2020-05-21,2.940000057220459,2.4200000762939453,2.7799999713897705,2.5799999237060547,29600.0,2.5799999237060547
2020-05-22,2.8399999141693115,2.259999990463257,2.700000047683716,2.299999952316284,34700.0,2.299999952316284
2020-05-26,2.9000000953674316,2.0399999618530273,2.9000000953674316,2.140000104904175,54150.0,2.140000104904175
2020-05-27,2.319999933242798,2.1600000858306885,2.240000009536743,2.2200000286102295,10650.0,2.2200000286102295
2020-05-28,2.3399999141693115,2.0999999046325684,2.3399999141693115,2.0999999046325684,21550.0,2.0999999046325684
2020-05-29,2.240000009536743,2.0999999046325684,2.1600000858306885,2.240000009536743,18500.0,2.240000009536743
2020-06-01,2.2200000286102295,2.0399999618530273,2.2200000286102295,2.140000104904175,24900.0,2.140000104904175
2020-06-02,2.119999885559082,1.8799999952316284,2.0799999237060547,1.899999976158142,44800.0,1.899999976158142
2020-06-03,2.440000057220459,2.0,2.0,2.4000000953674316,96350.0,2.4000000953674316
2020-06-04,4.239999771118164,2.3399999141693115,2.4000000953674316,2.7200000286102295,861900.0,2.7200000286102295
2020-06-05,3.0399999618530273,2.319999933242798,2.7200000286102295,2.740000009536743,121300.0,2.740000009536743
2020-06-08,2.799999952316284,2.299999952316284,2.740000009536743,2.4000000953674316,59400.0,2.4000000953674316
2020-06-09,2.559999942779541,2.3399999141693115,2.4200000762939453,2.4200000762939453,38800.0,2.4200000762939453
2020-06-10,2.440000057220459,1.9800000190734863,2.440000057220459,2.0,179300.0,2.0
2020-06-11,2.1600000858306885,1.899999976158142,2.059999942779541,2.059999942779541,109600.0,2.059999942779541
2020-06-12,2.2200000286102295,2.0,2.059999942779541,2.1600000858306885,45200.0,2.1600000858306885
2020-06-15,3.1600000858306885,2.0199999809265137,2.140000104904175,2.5,1398300.0,2.5
2020-06-16,10.399999618530273,2.259999990463257,2.5399999618530273,9.0,6177900.0,9.0
2020-06-17,13.5,4.320000171661377,11.960000038146973,4.78000020980835,5533550.0,4.78000020980835
2020-06-18,6.900000095367432,4.239999771118164,4.300000190734863,5.559999942779541,4080550.0,5.559999942779541
2020-06-19,7.0,5.300000190734863,6.360000133514404,6.300000190734863,2317150.0,6.300000190734863
2020-06-22,5.579999923706055,4.400000095367432,5.440000057220459,4.619999885559082,668150.0,4.619999885559082
2020-06-23,4.920000076293945,4.199999809265137,4.21999979019165,4.300000190734863,336600.0,4.300000190734863
2020-06-24,4.5,3.759999990463257,4.260000228881836,4.059999942779541,168750.0,4.059999942779541
2020-06-25,4.320000171661377,3.9200000762939453,4.139999866485596,4.139999866485596,172200.0,4.139999866485596
2020-06-26,4.840000152587891,3.6600000858306885,4.039999961853027,4.340000152587891,411600.0,4.340000152587891
2020-06-29,4.800000190734863,4.21999979019165,4.800000190734863,4.380000114440918,149850.0,4.380000114440918
2020-06-30,4.739999771118164,4.119999885559082,4.360000133514404,4.400000095367432,170350.0,4.400000095367432
2020-07-01,4.679999828338623,4.039999961853027,4.099999904632568,4.360000133514404,439450.0,4.360000133514404
2020-07-02,4.659999847412109,4.159999847412109,4.400000095367432,4.239999771118164,211300.0,4.239999771118164
2020-07-06,4.5,4.059999942779541,4.119999885559082,4.300000190734863,179350.0,4.300000190734863
2020-07-07,4.440000057220459,4.119999885559082,4.28000020980835,4.159999847412109,70650.0,4.159999847412109
2020-07-08,4.260000228881836,4.059999942779541,4.139999866485596,4.159999847412109,67550.0,4.159999847412109
2020-07-09,4.179999828338623,3.880000114440918,4.139999866485596,3.9200000762939453,79500.0,3.9200000762939453
2020-07-10,4.28000020980835,3.799999952316284,3.880000114440918,4.019999980926514,226950.0,4.019999980926514
2020-07-13,4.179999828338623,3.6600000858306885,4.059999942779541,3.700000047683716,96150.0,3.700000047683716
2020-07-14,3.7200000286102295,3.359999895095825,3.6600000858306885,3.680000066757202,95850.0,3.680000066757202
2020-07-15,3.880000114440918,3.640000104904175,3.680000066757202,3.7799999713897705,121050.0,3.7799999713897705
2020-07-16,3.9000000953674316,3.680000066757202,3.9000000953674316,3.8399999141693115,28050.0,3.8399999141693115
2020-07-17,3.8399999141693115,3.700000047683716,3.7799999713897705,3.700000047683716,51950.0,3.700000047683716
2020-07-20,3.9600000381469727,3.619999885559082,3.819999933242798,3.9000000953674316,194850.0,3.9000000953674316
2020-07-21,4.199999809265137,3.9200000762939453,4.179999828338623,4.039999961853027,120600.0,4.039999961853027
2020-07-22,4.260000228881836,3.759999990463257,4.0,4.079999923706055,84550.0,4.079999923706055
2020-07-23,4.400000095367432,3.9600000381469727,4.019999980926514,4.119999885559082,107450.0,4.119999885559082
2020-07-24,4.579999923706055,4.0,4.139999866485596,4.5,174450.0,4.5
2020-07-27,4.619999885559082,4.199999809265137,4.619999885559082,4.440000057220459,99300.0,4.440000057220459
2020-07-28,4.440000057220459,4.21999979019165,4.320000171661377,4.360000133514404,40150.0,4.360000133514404
2020-07-29,4.380000114440918,4.019999980926514,4.239999771118164,4.159999847412109,85600.0,4.159999847412109
2020-07-30,4.300000190734863,4.0,4.079999923706055,4.179999828338623,38900.0,4.179999828338623
2020-07-31,4.159999847412109,4.0,4.159999847412109,4.059999942779541,29950.0,4.059999942779541
2020-08-03,4.179999828338623,3.9600000381469727,4.039999961853027,4.099999904632568,34600.0,4.099999904632568
2020-08-04,4.340000152587891,4.0,4.059999942779541,4.199999809265137,45700.0,4.199999809265137
2020-08-05,4.380000114440918,4.139999866485596,4.159999847412109,4.300000190734863,32250.0,4.300000190734863
2020-08-06,4.420000076293945,4.179999828338623,4.300000190734863,4.239999771118164,69350.0,4.239999771118164
2020-08-07,4.119999885559082,3.759999990463257,4.019999980926514,3.9800000190734863,79450.0,3.9800000190734863
2020-08-10,4.019999980926514,3.799999952316284,3.9000000953674316,3.9200000762939453,36100.0,3.9200000762939453
2020-08-11,4.079999923706055,3.819999933242798,4.079999923706055,3.9000000953674316,24650.0,3.9000000953674316
2020-08-12,4.059999942779541,3.6600000858306885,3.6600000858306885,3.700000047683716,53800.0,3.700000047683716
2020-08-13,15.520000457763672,5.619999885559082,5.940000057220459,8.5,104156000.0,8.5
2020-08-14,7.800000190734863,5.800000190734863,6.699999809265137,6.260000228881836,2830200.0,6.260000228881836
2020-08-17,5.920000076293945,5.019999980926514,5.840000152587891,5.019999980926514,567900.0,5.019999980926514
2020-08-18,5.400000095367432,4.679999828338623,5.0,5.039999961853027,288800.0,5.039999961853027
2020-08-19,5.460000038146973,4.679999828338623,4.679999828338623,5.239999771118164,277200.0,5.239999771118164
2020-08-20,5.059999942779541,4.420000076293945,4.619999885559082,4.539999961853027,213900.0,4.539999961853027
2020-08-21,4.71999979019165,4.199999809265137,4.71999979019165,4.239999771118164,85300.0,4.239999771118164
2020-08-24,4.159999847412109,3.859999895095825,4.159999847412109,4.039999961853027,133900.0,4.039999961853027
2020-08-25,4.199999809265137,3.859999895095825,4.0,3.940000057220459,99300.0,3.940000057220459
2020-08-26,3.9200000762939453,3.640000104904175,3.880000114440918,3.680000066757202,122300.0,3.680000066757202
2020-08-27,3.740000009536743,3.5,3.680000066757202,3.740000009536743,103750.0,3.740000009536743
2020-08-28,3.819999933242798,3.5999999046325684,3.799999952316284,3.640000104904175,51300.0,3.640000104904175
2020-08-31,3.700000047683716,3.4000000953674316,3.640000104904175,3.619999885559082,61700.0,3.619999885559082
2020-09-01,3.619999885559082,3.4800000190734863,3.5799999237060547,3.5399999618530273,23800.0,3.5399999618530273
2020-09-02,3.6600000858306885,3.4000000953674316,3.4200000762939453,3.5,76800.0,3.5
2020-09-03,3.640000104904175,3.1600000858306885,3.640000104904175,3.319999933242798,64600.0,3.319999933242798
2020-09-04,3.319999933242798,3.119999885559082,3.319999933242798,3.200000047683716,52100.0,3.200000047683716
2020-09-08,3.4600000381469727,3.0399999618530273,3.180000066757202,3.180000066757202,56850.0,3.180000066757202
2020-09-09,3.380000114440918,3.0999999046325684,3.180000066757202,3.380000114440918,97450.0,3.380000114440918
2020-09-10,3.380000114440918,3.2200000286102295,3.380000114440918,3.259999990463257,47750.0,3.259999990463257
2020-09-11,3.359999895095825,3.119999885559082,3.359999895095825,3.2200000286102295,46500.0,3.2200000286102295
2020-09-14,3.4600000381469727,3.1600000858306885,3.1600000858306885,3.4200000762939453,31850.0,3.4200000762939453
2020-09-15,3.4000000953674316,3.140000104904175,3.319999933242798,3.180000066757202,22000.0,3.180000066757202
2020-09-16,3.3399999141693115,3.200000047683716,3.2799999713897705,3.240000009536743,15250.0,3.240000009536743
2020-09-17,3.380000114440918,3.1600000858306885,3.1600000858306885,3.380000114440918,31400.0,3.380000114440918
2020-09-18,4.800000190734863,3.3399999141693115,3.4600000381469727,3.9800000190734863,1288800.0,3.9800000190734863
2020-09-21,5.579999923706055,3.6600000858306885,4.800000190734863,3.9000000953674316,13921000.0,3.9000000953674316
2020-09-22,4.039999961853027,3.5,3.5999999046325684,4.039999961853027,678450.0,4.039999961853027
2020-09-23,3.9200000762939453,3.4200000762939453,3.9200000762939453,3.5799999237060547,176150.0,3.5799999237060547
2020-09-24,3.559999942779541,3.0999999046325684,3.4000000953674316,3.4800000190734863,125250.0,3.4800000190734863
2020-09-25,4.039999961853027,3.2799999713897705,3.4800000190734863,3.7799999713897705,184050.0,3.7799999713897705
2020-09-28,3.799999952316284,3.380000114440918,3.380000114440918,3.5399999618530273,147650.0,3.5399999618530273
2020-09-29,3.640000104904175,3.4000000953674316,3.5799999237060547,3.4200000762939453,134050.0,3.4200000762939453
2020-09-30,3.619999885559082,3.4000000953674316,3.4800000190734863,3.4000000953674316,100200.0,3.4000000953674316
2020-10-01,3.5399999618530273,3.2200000286102295,3.4200000762939453,3.3399999141693115,86950.0,3.3399999141693115
2020-10-02,3.5399999618530273,3.240000009536743,3.240000009536743,3.4200000762939453,79550.0,3.4200000762939453
2020-10-05,3.5999999046325684,3.359999895095825,3.4000000953674316,3.380000114440918,73750.0,3.380000114440918
2020-10-06,3.5199999809265137,3.359999895095825,3.5,3.4000000953674316,57300.0,3.4000000953674316
2020-10-07,3.6600000858306885,3.3399999141693115,3.4600000381469727,3.559999942779541,322650.0,3.559999942779541
2020-10-08,3.859999895095825,3.559999942779541,3.700000047683716,3.5799999237060547,273800.0,3.5799999237060547
2020-10-09,3.740000009536743,3.5,3.5799999237060547,3.5,80050.0,3.5
2020-10-12,3.619999885559082,3.5,3.5999999046325684,3.5799999237060547,46450.0,3.5799999237060547
2020-10-13,3.7200000286102295,3.4800000190734863,3.5199999809265137,3.5799999237060547,151850.0,3.5799999237060547
2020-10-14,4.099999904632568,3.5,3.5,3.819999933242798,416050.0,3.819999933242798
2020-10-15,4.800000190734863,3.640000104904175,3.700000047683716,4.619999885559082,1270500.0,4.619999885559082
2020-10-16,4.400000095367432,3.9600000381469727,4.239999771118164,4.300000190734863,556900.0,4.300000190734863
2020-10-19,4.320000171661377,3.9200000762939453,4.320000171661377,4.099999904632568,322350.0,4.099999904632568
2020-10-20,4.699999809265137,4.0,4.059999942779541,4.519999980926514,649550.0,4.519999980926514
2020-10-21,4.519999980926514,4.099999904632568,4.519999980926514,4.179999828338623,296050.0,4.179999828338623
2020-10-22,5.099999904632568,4.059999942779541,4.139999866485596,4.760000228881836,1409050.0,4.760000228881836
2020-10-23,4.71999979019165,4.239999771118164,4.400000095367432,4.340000152587891,261250.0,4.340000152587891
2020-10-26,4.699999809265137,4.300000190734863,4.420000076293945,4.420000076293945,257800.0,4.420000076293945
2020-10-27,4.480000019073486,4.099999904632568,4.480000019073486,4.199999809265137,307300.0,4.199999809265137
2020-10-28,4.099999904632568,3.7799999713897705,4.0,3.859999895095825,430750.0,3.859999895095825
2020-10-29,4.039999961853027,3.700000047683716,3.759999990463257,3.759999990463257,252700.0,3.759999990463257
2020-10-30,3.799999952316284,3.5,3.799999952316284,3.5799999237060547,136450.0,3.5799999237060547
2020-11-02,3.700000047683716,3.5,3.5999999046325684,3.5999999046325684,58600.0,3.5999999046325684
2020-11-03,4.119999885559082,3.559999942779541,3.7200000286102295,3.619999885559082,328600.0,3.619999885559082
2020-11-04,3.9800000190734863,3.680000066757202,3.7200000286102295,3.859999895095825,129450.0,3.859999895095825
2020-11-05,3.940000057220459,3.759999990463257,3.7799999713897705,3.880000114440918,67050.0,3.880000114440918
2020-11-06,4.119999885559082,3.859999895095825,3.859999895095825,3.9000000953674316,106600.0,3.9000000953674316
2020-11-09,3.9200000762939453,3.619999885559082,3.819999933242798,3.799999952316284,177200.0,3.799999952316284
2020-11-10,4.300000190734863,3.740000009536743,3.740000009536743,3.880000114440918,136100.0,3.880000114440918
2020-11-11,4.239999771118164,3.819999933242798,4.0,4.119999885559082,166400.0,4.119999885559082
2020-11-12,4.380000114440918,3.940000057220459,4.199999809265137,4.059999942779541,171150.0,4.059999942779541
2020-11-13,4.159999847412109,3.819999933242798,4.019999980926514,3.9200000762939453,253100.0,3.9200000762939453
2020-11-16,4.039999961853027,3.799999952316284,3.9000000953674316,3.819999933242798,99200.0,3.819999933242798
2020-11-17,3.9600000381469727,3.7200000286102295,3.880000114440918,3.819999933242798,118250.0,3.819999933242798
2020-11-18,3.880000114440918,3.7200000286102295,3.8399999141693115,3.819999933242798,65950.0,3.819999933242798
2020-11-19,3.9200000762939453,3.7200000286102295,3.819999933242798,3.759999990463257,52250.0,3.759999990463257
2020-11-20,4.0,3.5999999046325684,3.759999990463257,3.859999895095825,288200.0,3.859999895095825
2020-11-23,3.940000057220459,3.799999952316284,3.9000000953674316,3.9200000762939453,171200.0,3.9200000762939453
2020-11-24,4.440000057220459,3.8399999141693115,4.0,4.28000020980835,463950.0,4.28000020980835
2020-11-25,4.360000133514404,3.9200000762939453,4.320000171661377,3.940000057220459,205200.0,3.940000057220459
2020-11-27,4.079999923706055,3.880000114440918,4.019999980926514,4.039999961853027,94600.0,4.039999961853027
2020-11-30,4.239999771118164,3.940000057220459,3.9600000381469727,4.079999923706055,655100.0,4.079999923706055
2020-12-01,4.579999923706055,4.179999828338623,4.260000228881836,4.420000076293945,407000.0,4.420000076293945
2020-12-02,4.360000133514404,4.019999980926514,4.320000171661377,4.179999828338623,134850.0,4.179999828338623
2020-12-03,4.260000228881836,4.039999961853027,4.119999885559082,4.079999923706055,105600.0,4.079999923706055
2020-12-04,4.300000190734863,4.019999980926514,4.119999885559082,4.079999923706055,102250.0,4.079999923706055
2020-12-07,4.320000171661377,4.059999942779541,4.119999885559082,4.199999809265137,125000.0,4.199999809265137
2020-12-08,4.360000133514404,4.159999847412109,4.199999809265137,4.300000190734863,120100.0,4.300000190734863
2020-12-09,5.199999809265137,4.21999979019165,4.340000152587891,4.800000190734863,1541350.0,4.800000190734863
2020-12-10,4.659999847412109,4.159999847412109,4.5,4.260000228881836,279250.0,4.260000228881836
2020-12-11,4.420000076293945,4.199999809265137,4.239999771118164,4.239999771118164,116950.0,4.239999771118164
2020-12-14,4.420000076293945,4.179999828338623,4.380000114440918,4.239999771118164,111150.0,4.239999771118164
2020-12-15,4.659999847412109,4.239999771118164,4.239999771118164,4.559999942779541,249700.0,4.559999942779541
2020-12-16,4.71999979019165,4.340000152587891,4.5,4.380000114440918,128400.0,4.380000114440918
2020-12-17,4.480000019073486,4.21999979019165,4.300000190734863,4.460000038146973,90200.0,4.460000038146973
2020-12-18,4.539999961853027,4.320000171661377,4.539999961853027,4.340000152587891,47950.0,4.340000152587891
2020-12-21,4.300000190734863,4.099999904632568,4.300000190734863,4.119999885559082,142050.0,4.119999885559082
2020-12-22,4.199999809265137,4.0,4.139999866485596,4.059999942779541,102700.0,4.059999942779541
2020-12-23,4.199999809265137,4.079999923706055,4.119999885559082,4.099999904632568,79000.0,4.099999904632568
2020-12-24,4.380000114440918,4.059999942779541,4.059999942779541,4.300000190734863,129850.0,4.300000190734863
2020-12-28,4.940000057220459,4.119999885559082,4.239999771118164,4.800000190734863,895800.0,4.800000190734863
2020-12-29,5.71999979019165,4.380000114440918,5.0,4.480000019073486,1113850.0,4.480000019073486
2020-12-30,4.880000114440918,4.300000190734863,4.440000057220459,4.840000152587891,194650.0,4.840000152587891
2020-12-31,5.760000228881836,4.440000057220459,4.699999809265137,4.480000019073486,426650.0,4.480000019073486
2021-01-04,4.739999771118164,4.440000057220459,4.5,4.639999866485596,111200.0,4.639999866485596
2021-01-05,4.760000228881836,4.480000019073486,4.659999847412109,4.579999923706055,145300.0,4.579999923706055
2021-01-06,4.760000228881836,4.559999942779541,4.559999942779541,4.619999885559082,144950.0,4.619999885559082
2021-01-07,4.900000095367432,4.619999885559082,4.699999809265137,4.860000133514404,93900.0,4.860000133514404
2021-01-08,4.980000019073486,4.71999979019165,4.980000019073486,4.840000152587891,76500.0,4.840000152587891
2021-01-11,4.880000114440918,4.619999885559082,4.679999828338623,4.679999828338623,92500.0,4.679999828338623
2021-01-12,4.880000114440918,4.639999866485596,4.699999809265137,4.760000228881836,100250.0,4.760000228881836
2021-01-13,4.940000057220459,4.78000020980835,4.800000190734863,4.920000076293945,62450.0,4.920000076293945
2021-01-14,5.21999979019165,4.940000057220459,4.940000057220459,5.199999809265137,189400.0,5.199999809265137
2021-01-15,5.199999809265137,4.78000020980835,5.199999809265137,4.78000020980835,119650.0,4.78000020980835
2021-01-19,5.159999847412109,4.800000190734863,4.800000190734863,5.099999904632568,145050.0,5.099999904632568
2021-01-20,8.800000190734863,4.940000057220459,4.940000057220459,5.659999847412109,6985950.0,5.659999847412109
2021-01-21,5.980000019073486,5.099999904632568,5.400000095367432,5.380000114440918,739350.0,5.380000114440918
2021-01-22,6.860000133514404,5.260000228881836,5.260000228881836,6.199999809265137,1339050.0,6.199999809265137
2021-01-25,6.559999942779541,5.820000171661377,5.880000114440918,6.460000038146973,361600.0,6.460000038146973
2021-01-26,6.760000228881836,6.0,6.519999980926514,6.71999979019165,283450.0,6.71999979019165
2021-01-27,10.399999618530273,6.400000095367432,6.599999904632568,10.399999618530273,1783150.0,10.399999618530273
2021-01-28,12.739999771118164,7.340000152587891,7.340000152587891,8.199999809265137,1888850.0,8.199999809265137
2021-01-29,9.079999923706055,7.599999904632568,8.619999885559082,7.800000190734863,1163100.0,7.800000190734863
2021-02-01,10.279999732971191,7.820000171661377,9.4399995803833,9.319999694824219,898750.0,9.319999694824219
2021-02-02,14.319999694824219,8.239999771118164,8.239999771118164,12.760000228881836,7799250.0,12.760000228881836
2021-02-03,10.680000305175781,9.34000015258789,9.880000114440918,10.420000076293945,1027550.0,10.420000076293945
2021-02-04,10.260000228881836,8.65999984741211,9.420000076293945,9.5600004196167,467500.0,9.5600004196167
2021-02-05,9.479999542236328,8.420000076293945,9.199999809265137,8.640000343322754,419300.0,8.640000343322754
2021-02-08,9.100000381469727,8.640000343322754,8.779999732971191,8.739999771118164,156750.0,8.739999771118164
2021-02-09,9.640000343322754,8.520000457763672,8.739999771118164,9.140000343322754,589850.0,9.140000343322754
2021-02-10,10.600000381469727,8.0600004196167,9.699999809265137,9.579999923706055,1543900.0,9.579999923706055
2021-02-11,11.399999618530273,9.180000305175781,9.920000076293945,10.220000267028809,1097250.0,10.220000267028809
2021-02-12,12.0,10.199999809265137,10.220000267028809,11.300000190734863,1465700.0,11.300000190734863
2021-02-16,12.359999656677246,11.539999961853027,12.0,11.920000076293945,897100.0,11.920000076293945
2021-02-17,12.680000305175781,10.65999984741211,11.739999771118164,11.020000457763672,834100.0,11.020000457763672
2021-02-18,11.880000114440918,10.260000228881836,11.119999885559082,10.640000343322754,984150.0,10.640000343322754
2021-02-19,10.800000190734863,9.619999885559082,10.800000190734863,9.619999885559082,451600.0,9.619999885559082
2021-02-22,10.479999542236328,9.239999771118164,9.520000457763672,9.5600004196167,675150.0,9.5600004196167
2021-02-23,8.399999618530273,6.71999979019165,8.380000114440918,7.699999809265137,443100.0,7.699999809265137
2021-02-24,8.5,7.699999809265137,7.860000133514404,7.900000095367432,366100.0,7.900000095367432
2021-02-25,9.180000305175781,7.71999979019165,8.0,7.860000133514404,534100.0,7.860000133514404
2021-02-26,8.0,7.099999904632568,7.760000228881836,7.239999771118164,123900.0,7.239999771118164
2021-03-01,7.539999961853027,7.179999828338623,7.400000095367432,7.199999809265137,101900.0,7.199999809265137
2021-03-02,8.119999885559082,7.039999961853027,7.239999771118164,7.659999847412109,309850.0,7.659999847412109
2021-03-03,7.800000190734863,7.0,7.78000020980835,7.119999885559082,131900.0,7.119999885559082
2021-03-04,7.400000095367432,6.659999847412109,7.079999923706055,6.699999809265137,298300.0,6.699999809265137
2021-03-05,6.760000228881836,5.5,6.619999885559082,6.179999828338623,242600.0,6.179999828338623
2021-03-08,6.960000038146973,6.199999809265137,6.440000057220459,6.260000228881836,379550.0,6.260000228881836
2021-03-09,6.960000038146973,6.5,6.599999904632568,6.940000057220459,128850.0,6.940000057220459
2021-03-10,7.5,6.519999980926514,7.0,7.079999923706055,237200.0,7.079999923706055
2021-03-11,8.180000305175781,6.860000133514404,7.340000152587891,7.71999979019165,882400.0,7.71999979019165
2021-03-12,8.680000305175781,7.199999809265137,7.380000114440918,7.840000152587891,1174850.0,7.840000152587891
2021-03-15,7.639999866485596,7.119999885559082,7.539999961853027,7.539999961853027,185000.0,7.539999961853027
2021-03-16,10.279999732971191,7.639999866485596,8.739999771118164,8.300000190734863,3440300.0,8.300000190734863
2021-03-17,7.900000095367432,7.059999942779541,7.360000133514404,7.5,416150.0,7.5
2021-03-18,7.800000190734863,6.739999771118164,7.579999923706055,6.760000228881836,126100.0,6.760000228881836
2021-03-19,7.239999771118164,6.699999809265137,6.940000057220459,7.059999942779541,112400.0,7.059999942779541
2021-03-22,7.179999828338623,6.440000057220459,7.099999904632568,6.619999885559082,176350.0,6.619999885559082
2021-03-23,6.679999828338623,5.940000057220459,6.420000076293945,5.980000019073486,170100.0,5.980000019073486
2021-03-24,6.239999771118164,5.28000020980835,6.239999771118164,5.340000152587891,142550.0,5.340000152587891
2021-03-25,5.480000019073486,4.940000057220459,5.099999904632568,5.400000095367432,83700.0,5.400000095367432
2021-03-26,5.400000095367432,4.619999885559082,4.900000095367432,4.75,76000.0,4.75
2021-03-29,4.630000114440918,4.119999885559082,4.21999979019165,4.150000095367432,96000.0,4.150000095367432
2021-03-30,4.119999885559082,3.6700000762939453,4.010000228881836,3.740000009536743,117900.0,3.740000009536743
2021-03-31,3.8399999141693115,3.6500000953674316,3.740000009536743,3.7200000286102295,48300.0,3.7200000286102295
2021-04-01,3.8399999141693115,3.5899999141693115,3.700000047683716,3.75,50300.0,3.75
2021-04-05,4.670000076293945,3.8499999046325684,3.9200000762939453,4.670000076293945,8551200.0,4.670000076293945
2021-04-06,8.529999732971191,5.800000190734863,8.350000381469727,6.070000171661377,44567800.0,6.070000171661377
2021-04-07,5.860000133514404,5.050000190734863,5.849999904632568,5.75,2203300.0,5.75
2021-04-08,5.579999923706055,5.010000228881836,5.579999923706055,5.139999866485596,766300.0,5.139999866485596
2021-04-09,7.099999904632568,4.860000133514404,4.860000133514404,6.429999828338623,4703200.0,6.429999828338623
2021-04-12,8.199999809265137,5.53000020980835,5.610000133514404,7.909999847412109,2280600.0,7.909999847412109
2021-04-13,7.5,5.940000057220459,7.0,5.940000057220459,768400.0,5.940000057220459
2021-04-14,6.929999828338623,6.0,6.070000171661377,6.070000171661377,627400.0,6.070000171661377
2021-04-15,6.480000019073486,6.010000228881836,6.480000019073486,6.340000152587891,812000.0,6.340000152587891
2021-04-16,8.989999771118164,6.420000076293945,6.420000076293945,7.940000057220459,3973200.0,7.940000057220459
2021-04-19,8.069999694824219,7.25,8.0,7.690000057220459,588700.0,7.690000057220459
2021-04-20,10.949999809265137,7.5,7.550000190734863,9.789999961853027,6262400.0,9.789999961853027
2021-04-21,9.84000015258789,8.619999885559082,9.680000305175781,8.899999618530273,1442800.0,8.899999618530273
2021-04-22,13.470000267028809,9.130000114440918,9.170000076293945,12.479999542236328,13547600.0,12.479999542236328
2021-04-23,18.8700008392334,11.350000381469727,11.479999542236328,16.15999984741211,18454400.0,16.15999984741211
2021-04-26,16.6299991607666,13.609999656677246,16.0,16.469999313354492,2032500.0,16.469999313354492
2021-04-27,27.770000457763672,15.300000190734863,16.049999237060547,24.899999618530273,16808000.0,24.899999618530273
2021-04-28,54.2400016784668,21.25,22.6200008392334,43.72999954223633,53510300.0,43.72999954223633
2021-04-29,43.0,32.31999969482422,40.5,34.220001220703125,17510800.0,34.220001220703125
2021-04-30,59.59000015258789,29.40999984741211,30.81999969482422,49.79999923706055,54568500.0,49.79999923706055
2021-05-03,80.66999816894531,57.630001068115234,71.0,78.5,31993000.0,78.5
2021-05-04,69.30000305175781,52.0,61.84000015258789,55.189998626708984,8114800.0,55.189998626708984
2021-05-05,58.810001373291016,41.09000015258789,50.5099983215332,43.09000015258789,6968200.0,43.09000015258789
2021-05-06,53.529998779296875,38.029998779296875,48.13999938964844,39.22999954223633,6083400.0,39.22999954223633
2021-05-07,44.849998474121094,37.11000061035156,41.150001525878906,38.45000076293945,5689400.0,38.45000076293945
2021-05-10,38.45000076293945,31.989999771118164,38.45000076293945,32.29999923706055,3065400.0,32.29999923706055
2021-05-11,38.5099983215332,30.0,31.65999984741211,30.600000381469727,6664200.0,30.600000381469727
2021-05-12,32.63999938964844,25.8799991607666,31.309999465942383,27.389999389648438,3434600.0,27.389999389648438
2021-05-13,30.690000534057617,23.149999618530273,28.559999465942383,23.43000030517578,3967200.0,23.43000030517578
2021-05-14,25.6299991607666,21.15999984741211,24.110000610351562,21.600000381469727,4422500.0,21.600000381469727
2021-05-17,23.3799991607666,18.200000762939453,21.739999771118164,18.75,5161800.0,18.75
2021-05-18,20.979999542236328,17.3799991607666,18.579999923706055,18.860000610351562,16360600.0,18.860000610351562
2021-05-19,18.719999313354492,17.06999969482422,17.790000915527344,17.93000030517578,5481700.0,17.93000030517578
2021-05-20,19.3700008392334,16.290000915527344,17.899999618530273,16.56999969482422,7903200.0,16.56999969482422
2021-05-21,16.950000762939453,13.899999618530273,16.530000686645508,13.989999771118164,5231700.0,13.989999771118164
2021-05-24,17.950000762939453,13.319999694824219,13.920000076293945,16.969999313354492,26040900.0,16.969999313354492
2021-05-25,17.81999969482422,14.420000076293945,16.219999313354492,14.65999984741211,16983600.0,14.65999984741211
2021-05-26,14.869999885559082,13.5,13.979999542236328,13.680000305175781,4310100.0,13.680000305175781
2021-05-27,15.890000343322754,13.579999923706055,13.729999542236328,14.489999771118164,7071400.0,14.489999771118164
2021-05-28,15.050000190734863,13.8100004196167,14.470000267028809,14.399999618530273,2648800.0,14.399999618530273
2021-06-01,16.979999542236328,14.479999542236328,14.479999542236328,16.6299991607666,7224500.0,16.6299991607666
2021-06-02,20.3799991607666,16.75,17.18000030517578,20.299999237060547,9600300.0,20.299999237060547
2021-06-03,21.68000030517578,18.299999237060547,18.989999771118164,18.84000015258789,5178900.0,18.84000015258789
2021-06-04,19.399999618530273,16.020000457763672,18.56999969482422,16.25,3944800.0,16.25
2021-06-07,16.75,14.800000190734863,16.610000610351562,15.029999732971191,3560300.0,15.029999732971191
2021-06-08,16.6299991607666,14.899999618530273,15.050000190734863,15.529999732971191,4371500.0,15.529999732971191
2021-06-09,16.229999542236328,14.850000381469727,15.899999618530273,14.960000038146973,3064600.0,14.960000038146973
2021-06-10,15.149999618530273,14.140000343322754,14.899999618530273,14.75,1939700.0,14.75
2021-06-11,15.029999732971191,14.210000038146973,14.619999885559082,14.300000190734863,1448300.0,14.300000190734863
2021-06-14,17.450000762939453,14.949999809265137,15.649999618530273,15.220000267028809,6937300.0,15.220000267028809
2021-06-15,15.289999961853027,14.260000228881836,15.039999961853027,14.90999984741211,1859700.0,14.90999984741211
2021-06-16,16.459999084472656,14.5,14.739999771118164,15.579999923706055,4172500.0,15.579999923706055
2021-06-17,16.399999618530273,15.239999771118164,15.760000228881836,15.34000015258789,3291400.0,15.34000015258789
2021-06-18,17.399999618530273,15.100000381469727,15.199999809265137,15.949999809265137,7950000.0,15.949999809265137
2021-06-21,16.299999237060547,15.09000015258789,16.0,16.100000381469727,2833300.0,16.100000381469727
2021-06-22,16.700000762939453,15.449999809265137,15.9399995803833,16.399999618530273,2191400.0,16.399999618530273
2021-06-23,18.5,16.520000457763672,16.559999465942383,18.280000686645508,4569500.0,18.280000686645508
2021-06-24,19.350000381469727,17.34000015258789,18.34000015258789,18.149999618530273,4032800.0,18.149999618530273
2021-06-25,19.270000457763672,17.149999618530273,17.719999313354492,19.09000015258789,6611200.0,19.09000015258789
2021-06-28,23.34000015258789,19.700000762939453,20.0,21.350000381469727,8962300.0,21.350000381469727
2021-06-29,21.030000686645508,17.350000381469727,21.0,18.43000030517578,5165200.0,18.43000030517578
2021-06-30,18.68000030517578,17.350000381469727,17.719999313354492,18.010000228881836,2030900.0,18.010000228881836
2021-07-01,18.75,16.760000228881836,18.110000610351562,17.049999237060547,2353400.0,17.049999237060547
2021-07-02,17.25,15.949999809265137,17.239999771118164,16.860000610351562,1782400.0,16.860000610351562
2021-07-06,16.479999542236328,15.470000267028809,16.399999618530273,15.859999656677246,1753400.0,15.859999656677246
2021-07-07,16.329999923706055,14.529999732971191,15.739999771118164,14.90999984741211,2244700.0,14.90999984741211
2021-07-08,14.899999618530273,13.5,14.369999885559082,14.029999732971191,2150800.0,14.029999732971191
2021-07-09,14.649999618530273,12.619999885559082,14.15999984741211,12.920000076293945,3345100.0,12.920000076293945
2021-07-12,13.170000076293945,11.65999984741211,12.819999694824219,12.270000457763672,2176100.0,12.270000457763672
2021-07-13,12.979999542236328,11.819999694824219,12.119999885559082,11.970000267028809,1713900.0,11.970000267028809
2021-07-14,12.579999923706055,11.789999961853027,11.989999771118164,12.020000457763672,1424800.0,12.020000457763672
2021-07-15,11.829999923706055,10.0,11.770000457763672,10.3100004196167,2628800.0,10.3100004196167
2021-07-16,10.699999809265137,9.9399995803833,10.510000228881836,10.050000190734863,1054000.0,10.050000190734863
2021-07-19,12.329999923706055,9.359999656677246,9.630000114440918,12.199999809265137,4196500.0,12.199999809265137
2021-07-20,12.130000114440918,10.880000114440918,12.0600004196167,11.359999656677246,1806400.0,11.359999656677246
2021-07-21,11.920000076293945,11.260000228881836,11.460000038146973,11.739999771118164,1048100.0,11.739999771118164
2021-07-22,12.8100004196167,11.520000457763672,11.770000457763672,12.039999961853027,2016400.0,12.039999961853027
2021-07-23,12.020000457763672,10.1899995803833,11.979999542236328,10.260000228881836,1745600.0,10.260000228881836
2021-07-26,10.859999656677246,10.029999732971191,10.270000457763672,10.619999885559082,858200.0,10.619999885559082
2021-07-27,10.649999618530273,10.079999923706055,10.520000457763672,10.59000015258789,511000.0,10.59000015258789
2021-07-28,11.899999618530273,10.239999771118164,10.279999732971191,11.890000343322754,1263100.0,11.890000343322754
2021-07-29,12.220000267028809,11.220000267028809,11.510000228881836,11.729999542236328,657400.0,11.729999542236328
2021-07-30,12.0,11.34000015258789,11.739999771118164,11.489999771118164,541000.0,11.489999771118164
2021-08-02,12.369999885559082,11.529999732971191,11.619999885559082,12.010000228881836,888700.0,12.010000228881836
2021-08-03,12.920000076293945,11.300000190734863,11.960000038146973,12.680000305175781,1568200.0,12.680000305175781
2021-08-04,12.640000343322754,10.930000305175781,12.529999732971191,11.0600004196167,2264900.0,11.0600004196167
2021-08-05,11.789999961853027,11.170000076293945,11.170000076293945,11.449999809265137,776200.0,11.449999809265137
2021-08-06,11.630000114440918,11.069999694824219,11.3100004196167,11.399999618530273,452300.0,11.399999618530273
2021-08-09,12.199999809265137,11.359999656677246,11.699999809265137,11.859999656677246,746300.0,11.859999656677246
2021-08-10,12.479999542236328,11.5,11.819999694824219,12.09000015258789,959700.0,12.09000015258789
2021-08-11,12.079999923706055,11.430000305175781,11.9399995803833,11.680000305175781,778100.0,11.680000305175781
2021-08-12,11.979999542236328,11.350000381469727,11.59000015258789,11.739999771118164,332300.0,11.739999771118164
2021-08-13,11.869999885559082,11.100000381469727,11.869999885559082,11.119999885559082,501900.0,11.119999885559082
2021-08-16,10.880000114440918,10.0,10.760000228881836,10.699999809265137,885100.0,10.699999809265137
2021-08-17,11.020000457763672,10.199999809265137,10.210000038146973,10.609999656677246,463000.0,10.609999656677246
2021-08-18,10.640000343322754,9.869999885559082,10.569999694824219,9.880000114440918,1226000.0,9.880000114440918
2021-08-19,10.050000190734863,8.819999694824219,9.960000038146973,8.859999656677246,1443300.0,8.859999656677246
2021-08-20,9.670000076293945,8.800000190734863,9.0,9.600000381469727,889900.0,9.600000381469727
2021-08-23,10.140000343322754,9.510000228881836,9.600000381469727,9.550000190734863,1030000.0,9.550000190734863
2021-08-24,10.640000343322754,9.649999618530273,9.760000228881836,10.40999984741211,836200.0,10.40999984741211
2021-08-25,11.649999618530273,10.130000114440918,10.319999694824219,10.869999885559082,1621100.0,10.869999885559082
2021-08-26,11.649999618530273,10.770000457763672,11.15999984741211,11.119999885559082,900700.0,11.119999885559082
2021-08-27,11.630000114440918,11.0,11.0,11.449999809265137,633100.0,11.449999809265137
2021-08-30,11.710000038146973,10.90999984741211,11.25,11.460000038146973,442200.0,11.460000038146973
2021-08-31,12.329999923706055,11.449999809265137,11.479999542236328,12.069999694824219,1026900.0,12.069999694824219
2021-09-01,12.399999618530273,11.3100004196167,11.949999809265137,12.119999885559082,681400.0,12.119999885559082
2021-09-02,12.420000076293945,11.800000190734863,12.119999885559082,11.859999656677246,418500.0,11.859999656677246
2021-09-03,12.029999732971191,11.520000457763672,11.949999809265137,11.850000381469727,393000.0,11.850000381469727
2021-09-07,12.069999694824219,11.40999984741211,11.789999961853027,11.829999923706055,420300.0,11.829999923706055
2021-09-08,11.819999694824219,11.09000015258789,11.5600004196167,11.609999656677246,477900.0,11.609999656677246
2021-09-09,12.6899995803833,11.569999694824219,11.569999694824219,12.050000190734863,1021800.0,12.050000190734863
2021-09-10,13.100000381469727,11.760000228881836,11.760000228881836,12.260000228881836,1069800.0,12.260000228881836
2021-09-13,13.630000114440918,11.949999809265137,12.220000267028809,12.680000305175781,1363000.0,12.680000305175781
2021-09-14,13.539999961853027,11.75,12.890000343322754,11.960000038146973,1074800.0,11.960000038146973
2021-09-15,12.390000343322754,11.350000381469727,12.380000114440918,12.239999771118164,838200.0,12.239999771118164
2021-09-16,12.6899995803833,11.859999656677246,12.289999961853027,12.369999885559082,383200.0,12.369999885559082
2021-09-17,12.5,11.930000305175781,12.449999809265137,11.949999809265137,1162000.0,11.949999809265137
2021-09-20,12.0,9.779999732971191,11.819999694824219,9.960000038146973,1798100.0,9.960000038146973
2021-09-21,10.359999656677246,9.460000038146973,10.289999961853027,9.640000343322754,1361300.0,9.640000343322754
2021-09-22,9.869999885559082,9.25,9.699999809265137,9.729999542236328,1282000.0,9.729999542236328
2021-09-23,10.239999771118164,9.630000114440918,9.949999809265137,10.039999961853027,741000.0,10.039999961853027
2021-09-24,10.119999885559082,9.40999984741211,9.880000114440918,9.479999542236328,718200.0,9.479999542236328
2021-09-27,9.869999885559082,9.420000076293945,9.430000305175781,9.520000457763672,603500.0,9.520000457763672
2021-09-28,9.609999656677246,9.239999771118164,9.289999961853027,9.359999656677246,488600.0,9.359999656677246
2021-09-29,9.59000015258789,9.079999923706055,9.59000015258789,9.140000343322754,412600.0,9.140000343322754
2021-09-30,9.670000076293945,8.949999809265137,9.050000190734863,9.300000190734863,690700.0,9.300000190734863
2021-10-01,9.350000381469727,8.949999809265137,9.289999961853027,9.140000343322754,367000.0,9.140000343322754
2021-10-04,9.260000228881836,8.859999656677246,9.0600004196167,8.989999771118164,390000.0,8.989999771118164
2021-10-05,9.180000305175781,8.90999984741211,9.029999732971191,9.010000228881836,398300.0,9.010000228881836
2021-10-06,9.239999771118164,8.489999771118164,9.15999984741211,8.640000343322754,580100.0,8.640000343322754
2021-10-07,9.470000267028809,8.579999923706055,8.670000076293945,8.670000076293945,842800.0,8.670000076293945
2021-10-08,8.989999771118164,8.25,8.899999618530273,8.319999694824219,717300.0,8.319999694824219
2021-10-11,8.670000076293945,8.25,8.289999961853027,8.5,536900.0,8.5
2021-10-12,9.09000015258789,8.4399995803833,8.4399995803833,9.0600004196167,947800.0,9.0600004196167
2021-10-13,9.289999961853027,8.819999694824219,9.0,9.229999542236328,468400.0,9.229999542236328
2021-10-14,9.470000267028809,9.079999923706055,9.289999961853027,9.119999885559082,278900.0,9.119999885559082
2021-10-15,9.449999809265137,9.039999961853027,9.449999809265137,9.149999618530273,419400.0,9.149999618530273
2021-10-18,9.34000015258789,9.029999732971191,9.09000015258789,9.289999961853027,266900.0,9.289999961853027
2021-10-19,9.59000015258789,9.170000076293945,9.25,9.380000114440918,304100.0,9.380000114440918
2021-10-20,9.75,9.15999984741211,9.470000267028809,9.729999542236328,439600.0,9.729999542236328
2021-10-21,10.100000381469727,9.600000381469727,9.760000228881836,9.619999885559082,447100.0,9.619999885559082
2021-10-22,9.600000381469727,8.699999809265137,9.59000015258789,9.010000228881836,883700.0,9.010000228881836
2021-10-25,9.100000381469727,8.779999732971191,8.859999656677246,8.949999809265137,318200.0,8.949999809265137
2021-10-26,9.010000228881836,8.609999656677246,9.010000228881836,8.739999771118164,274300.0,8.739999771118164
2021-10-27,8.800000190734863,8.479999542236328,8.739999771118164,8.5,293000.0,8.5
2021-10-28,8.630000114440918,8.350000381469727,8.510000228881836,8.489999771118164,417300.0,8.489999771118164
2021-10-29,8.6899995803833,8.390000343322754,8.5,8.520000457763672,277200.0,8.520000457763672
2021-11-01,9.010000228881836,8.460000038146973,8.510000228881836,8.979999542236328,543100.0,8.979999542236328
2021-11-02,9.369999885559082,8.710000038146973,8.829999923706055,9.359999656677246,540500.0,9.359999656677246
2021-11-03,9.8100004196167,9.300000190734863,9.34000015258789,9.789999961853027,536400.0,9.789999961853027
2021-11-04,10.0,9.119999885559082,9.859999656677246,9.199999809265137,452700.0,9.199999809265137
2021-11-05,9.5600004196167,9.0600004196167,9.229999542236328,9.470000267028809,330300.0,9.470000267028809
2021-11-08,9.640000343322754,9.050000190734863,9.640000343322754,9.15999984741211,265700.0,9.15999984741211
2021-11-09,9.34000015258789,8.880000114440918,9.199999809265137,9.199999809265137,399800.0,9.199999809265137
2021-11-10,9.100000381469727,8.010000228881836,8.960000038146973,8.09000015258789,1042900.0,8.09000015258789
2021-11-11,8.65999984741211,8.210000038146973,8.3100004196167,8.369999885559082,558400.0,8.369999885559082
2021-11-12,8.520000457763672,8.0600004196167,8.4399995803833,8.239999771118164,610500.0,8.239999771118164
2021-11-15,8.350000381469727,8.050000190734863,8.329999923706055,8.180000305175781,377800.0,8.180000305175781
2021-11-16,8.149999618530273,7.449999809265137,8.109999656677246,7.71999979019165,1150600.0,7.71999979019165
2021-11-17,7.949999809265137,7.480000019073486,7.710000038146973,7.559999942779541,485600.0,7.559999942779541
2021-11-18,7.659999847412109,6.650000095367432,7.550000190734863,6.730000019073486,898700.0,6.730000019073486
2021-11-19,7.199999809265137,6.480000019073486,6.619999885559082,6.820000171661377,1066800.0,6.820000171661377
2021-11-22,6.869999885559082,6.300000190734863,6.860000133514404,6.559999942779541,597200.0,6.559999942779541
2021-11-23,6.909999847412109,6.400000095367432,6.679999828338623,6.639999866485596,393800.0,6.639999866485596
2021-11-24,6.739999771118164,6.420000076293945,6.610000133514404,6.690000057220459,333300.0,6.690000057220459
2021-11-26,6.599999904632568,6.079999923706055,6.53000020980835,6.159999847412109,465600.0,6.159999847412109
2021-11-29,6.360000133514404,5.940000057220459,6.320000171661377,6.210000038146973,566600.0,6.210000038146973
2021-11-30,6.239999771118164,5.659999847412109,6.170000076293945,5.949999809265137,812900.0,5.949999809265137
2021-12-01,6.25,5.449999809265137,6.079999923706055,5.489999771118164,621600.0,5.489999771118164
2021-12-02,5.75,5.340000152587891,5.570000171661377,5.699999809265137,571100.0,5.699999809265137
2021-12-03,5.739999771118164,5.059999942779541,5.739999771118164,5.170000076293945,735200.0,5.170000076293945
2021-12-06,5.570000171661377,5.010000228881836,5.190000057220459,5.420000076293945,661000.0,5.420000076293945
2021-12-07,5.949999809265137,5.539999961853027,5.539999961853027,5.869999885559082,508700.0,5.869999885559082
2021-12-08,6.179999828338623,5.769999980926514,5.769999980926514,5.940000057220459,568300.0,5.940000057220459
2021-12-09,6.380000114440918,5.400000095367432,6.0,5.539999961853027,866600.0,5.539999961853027
2021-12-10,5.809999942779541,5.25,5.650000095367432,5.300000190734863,310100.0,5.300000190734863
2021-12-13,5.340000152587891,4.909999847412109,5.260000228881836,5.03000020980835,462700.0,5.03000020980835
2021-12-14,5.159999847412109,4.880000114440918,4.989999771118164,4.909999847412109,366400.0,4.909999847412109
2021-12-15,5.059999942779541,4.579999923706055,4.880000114440918,5.059999942779541,726200.0,5.059999942779541
2021-12-16,5.139999866485596,4.670000076293945,5.090000152587891,4.820000171661377,683200.0,4.820000171661377
2021-12-17,5.059999942779541,4.550000190734863,4.690000057220459,5.03000020980835,997200.0,5.03000020980835
2021-12-20,4.909999847412109,4.599999904632568,4.849999904632568,4.869999885559082,613500.0,4.869999885559082
2021-12-21,5.079999923706055,4.869999885559082,4.929999828338623,4.980000019073486,584900.0,4.980000019073486
2021-12-22,5.03000020980835,4.800000190734863,4.960000038146973,4.869999885559082,313900.0,4.869999885559082
2021-12-23,5.019999980926514,4.75,4.929999828338623,4.989999771118164,332700.0,4.989999771118164
2021-12-27,5.03000020980835,4.78000020980835,5.03000020980835,4.809999942779541,355200.0,4.809999942779541
2021-12-28,4.869999885559082,4.480000019073486,4.809999942779541,4.53000020980835,441700.0,4.53000020980835
2021-12-29,4.590000152587891,4.239999771118164,4.559999942779541,4.28000020980835,821000.0,4.28000020980835
2021-12-30,4.570000171661377,4.159999847412109,4.269999980926514,4.210000038146973,734400.0,4.210000038146973
2021-12-31,4.449999809265137,4.119999885559082,4.21999979019165,4.170000076293945,701500.0,4.170000076293945
2022-01-03,4.960000038146973,4.199999809265137,4.25,4.840000152587891,763300.0,4.840000152587891
2022-01-04,4.860000133514404,4.460000038146973,4.820000171661377,4.510000228881836,490100.0,4.510000228881836
2022-01-05,4.550000190734863,4.010000228881836,4.539999961853027,4.019999980926514,451800.0,4.019999980926514
2022-01-06,4.139999866485596,3.7899999618530273,4.050000190734863,3.859999895095825,433500.0,3.859999895095825
2022-01-07,4.03000020980835,3.809999942779541,3.890000104904175,3.8499999046325684,367300.0,3.8499999046325684
2022-01-10,3.819999933242798,3.5799999237060547,3.809999942779541,3.740000009536743,301400.0,3.740000009536743
2022-01-11,3.890000104904175,3.690000057220459,3.759999990463257,3.7300000190734863,387300.0,3.7300000190734863
2022-01-12,3.819999933242798,3.549999952316284,3.819999933242798,3.619999885559082,490300.0,3.619999885559082
2022-01-13,3.7300000190734863,3.3499999046325684,3.680000066757202,3.380000114440918,401800.0,3.380000114440918
2022-01-14,3.359999895095825,3.0999999046325684,3.2799999713897705,3.2200000286102295,651300.0,3.2200000286102295
2022-01-18,3.2699999809265137,3.059999942779541,3.200000047683716,3.0799999237060547,433600.0,3.0799999237060547
2022-01-19,3.0999999046325684,2.890000104904175,3.0999999046325684,2.9200000762939453,347700.0,2.9200000762939453
2022-01-20,3.0199999809265137,2.7300000190734863,2.9200000762939453,2.75,457700.0,2.75
2022-01-21,2.799999952316284,2.5799999237060547,2.700000047683716,2.6700000762939453,544200.0,2.6700000762939453
2022-01-24,2.869999885559082,2.4600000381469727,2.5799999237060547,2.809999942779541,692000.0,2.809999942779541
2022-01-25,2.859999895095825,2.6700000762939453,2.740000009536743,2.7699999809265137,439400.0,2.7699999809265137
2022-01-26,2.890000104904175,2.680000066757202,2.890000104904175,2.7200000286102295,717800.0,2.7200000286102295
2022-01-27,2.7899999618530273,2.4600000381469727,2.740000009536743,2.4800000190734863,229400.0,2.4800000190734863
2022-01-28,2.569999933242798,2.380000114440918,2.450000047683716,2.5299999713897705,231500.0,2.5299999713897705
2022-01-31,2.75,2.5299999713897705,2.5799999237060547,2.7200000286102295,354800.0,2.7200000286102295
2022-02-01,2.869999885559082,2.609999895095825,2.700000047683716,2.690000057220459,318000.0,2.690000057220459
2022-02-02,2.740000009536743,2.4200000762939453,2.740000009536743,2.440000057220459,327800.0,2.440000057220459
2022-02-03,2.4700000286102295,2.3399999141693115,2.369999885559082,2.359999895095825,212100.0,2.359999895095825
2022-02-04,2.430000066757202,2.2699999809265137,2.309999942779541,2.4000000953674316,320300.0,2.4000000953674316
2022-02-07,2.490000009536743,2.3499999046325684,2.390000104904175,2.4100000858306885,284300.0,2.4100000858306885
2022-02-08,2.440000057220459,2.2899999618530273,2.4200000762939453,2.3299999237060547,234500.0,2.3299999237060547
2022-02-09,2.5,2.3499999046325684,2.4000000953674316,2.4800000190734863,319800.0,2.4800000190734863
2022-02-10,2.569999933242798,2.3299999237060547,2.4000000953674316,2.390000104904175,355900.0,2.390000104904175
2022-02-11,2.4800000190734863,2.240000009536743,2.4200000762939453,2.2799999713897705,381500.0,2.2799999713897705
2022-02-14,2.3299999237060547,2.1500000953674316,2.3299999237060547,2.180000066757202,369300.0,2.180000066757202
2022-02-15,2.440000057220459,2.2200000286102295,2.309999942779541,2.440000057220459,504200.0,2.440000057220459
2022-02-16,2.4600000381469727,2.319999933242798,2.440000057220459,2.430000066757202,245800.0,2.430000066757202
2022-02-17,2.4100000858306885,2.259999990463257,2.359999895095825,2.2899999618530273,260200.0,2.2899999618530273
2022-02-18,2.3499999046325684,2.1600000858306885,2.299999952316284,2.2100000381469727,269600.0,2.2100000381469727
2022-02-22,2.2200000286102295,2.0899999141693115,2.200000047683716,2.1600000858306885,293000.0,2.1600000858306885
2022-02-23,2.2200000286102295,2.0399999618530273,2.2100000381469727,2.0399999618530273,225700.0,2.0399999618530273
2022-02-24,2.2100000381469727,1.9299999475479126,1.9900000095367432,2.200000047683716,381300.0,2.200000047683716
2022-02-25,2.259999990463257,2.1500000953674316,2.240000009536743,2.2300000190734863,252500.0,2.2300000190734863
2022-02-28,2.380000114440918,2.1700000762939453,2.2100000381469727,2.259999990463257,334800.0,2.259999990463257
2022-03-01,2.359999895095825,2.2100000381469727,2.3399999141693115,2.2699999809265137,187500.0,2.2699999809265137
2022-03-02,2.3499999046325684,2.200000047683716,2.299999952316284,2.25,212700.0,2.25
2022-03-03,2.2799999713897705,2.0,2.2699999809265137,2.0199999809265137,434100.0,2.0199999809265137
2022-03-04,2.0299999713897705,1.899999976158142,2.0,1.909999966621399,221200.0,1.909999966621399
2022-03-07,1.9600000381469727,1.8600000143051147,1.9299999475479126,1.8799999952316284,333300.0,1.8799999952316284
2022-03-08,1.9500000476837158,1.7999999523162842,1.940000057220459,1.8799999952316284,391300.0,1.8799999952316284
2022-03-09,2.0,1.899999976158142,1.9299999475479126,1.9500000476837158,454200.0,1.9500000476837158
2022-03-10,1.9900000095367432,1.8799999952316284,1.9299999475479126,1.9900000095367432,351900.0,1.9900000095367432
2022-03-11,2.0899999141693115,1.8799999952316284,2.0,1.9299999475479126,471500.0,1.9299999475479126
2022-03-14,1.9700000286102295,1.7400000095367432,1.9199999570846558,1.7599999904632568,302400.0,1.7599999904632568
2022-03-15,1.809999942779541,1.7100000381469727,1.7899999618530273,1.7799999713897705,269100.0,1.7799999713897705
2022-03-16,1.8799999952316284,1.7599999904632568,1.8300000429153442,1.8700000047683716,453500.0,1.8700000047683716
2022-03-17,2.0899999141693115,1.8200000524520874,1.8300000429153442,2.0199999809265137,659100.0,2.0199999809265137
2022-03-18,2.0999999046325684,2.0,2.0299999713897705,2.0399999618530273,587200.0,2.0399999618530273
2022-03-21,2.1600000858306885,2.0,2.1600000858306885,2.0399999618530273,405000.0,2.0399999618530273
2022-03-22,2.1500000953674316,2.0399999618530273,2.0399999618530273,2.119999885559082,465000.0,2.119999885559082
2022-03-23,2.2899999618530273,2.049999952316284,2.0999999046325684,2.140000104904175,477600.0,2.140000104904175
2022-03-24,2.259999990463257,2.109999895095825,2.200000047683716,2.180000066757202,349600.0,2.180000066757202
2022-03-25,2.259999990463257,2.059999942779541,2.25,2.0899999141693115,446300.0,2.0899999141693115
2022-03-28,2.1600000858306885,2.0399999618530273,2.1600000858306885,2.0799999237060547,461000.0,2.0799999237060547
2022-03-29,2.200000047683716,2.069999933242798,2.0999999046325684,2.0799999237060547,580100.0,2.0799999237060547
2022-03-30,2.259999990463257,2.0199999809265137,2.0999999046325684,2.059999942779541,652700.0,2.059999942779541
2022-03-31,2.0999999046325684,2.0299999713897705,2.0999999046325684,2.049999952316284,452500.0,2.049999952316284
2022-04-01,2.119999885559082,1.9600000381469727,2.049999952316284,2.0,417600.0,2.0
2022-04-04,2.049999952316284,1.9900000095367432,2.0,2.0299999713897705,358100.0,2.0299999713897705
2022-04-05,2.0399999618530273,1.9299999475479126,1.9900000095367432,1.940000057220459,326200.0,1.940000057220459
2022-04-06,1.9500000476837158,1.7999999523162842,1.9199999570846558,1.8600000143051147,484900.0,1.8600000143051147
2022-04-07,1.899999976158142,1.7000000476837158,1.850000023841858,1.7799999713897705,537200.0,1.7799999713897705
2022-04-08,1.8300000429153442,1.7200000286102295,1.7799999713897705,1.75,384500.0,1.75
2022-04-11,1.7599999904632568,1.6100000143051147,1.7300000190734863,1.6699999570846558,601700.0,1.6699999570846558
2022-04-12,1.7200000286102295,1.600000023841858,1.7100000381469727,1.6299999952316284,462200.0,1.6299999952316284
2022-04-13,1.7599999904632568,1.6200000047683716,1.649999976158142,1.7000000476837158,356400.0,1.7000000476837158
2022-04-14,1.7100000381469727,1.6100000143051147,1.690000057220459,1.6399999856948853,293600.0,1.6399999856948853
2022-04-18,1.6699999570846558,1.409999966621399,1.6699999570846558,1.4500000476837158,627400.0,1.4500000476837158
2022-04-19,1.4700000286102295,1.399999976158142,1.4500000476837158,1.4199999570846558,322600.0,1.4199999570846558
2022-04-20,1.440000057220459,1.309999942779541,1.4299999475479126,1.350000023841858,501800.0,1.350000023841858
2022-04-21,1.399999976158142,1.2599999904632568,1.399999976158142,1.2799999713897705,356000.0,1.2799999713897705
2022-04-22,1.3200000524520874,1.2200000286102295,1.2799999713897705,1.2400000095367432,382200.0,1.2400000095367432
2022-04-25,1.2599999904632568,1.1799999475479126,1.2100000381469727,1.190000057220459,375600.0,1.190000057220459
2022-04-26,1.2000000476837158,1.1200000047683716,1.1799999475479126,1.1399999856948853,374400.0,1.1399999856948853
2022-04-27,1.1699999570846558,1.100000023841858,1.1299999952316284,1.1200000047683716,468900.0,1.1200000047683716
2022-04-28,1.149999976158142,1.0399999618530273,1.1200000047683716,1.1200000047683716,550500.0,1.1200000047683716
2022-04-29,1.1699999570846558,1.0399999618530273,1.1200000047683716,1.0499999523162842,535200.0,1.0499999523162842
2022-05-02,1.0800000429153442,1.0,1.0499999523162842,1.059999942779541,539700.0,1.059999942779541
2022-05-03,1.0800000429153442,1.0099999904632568,1.0299999713897705,1.0299999713897705,617200.0,1.0299999713897705
2022-05-04,1.0700000524520874,0.9700000286102295,1.0299999713897705,1.0399999618530273,508800.0,1.0399999618530273
2022-05-05,1.0299999713897705,0.9399999976158142,1.0299999713897705,0.9700000286102295,494600.0,0.9700000286102295
2022-05-06,0.9800000190734863,0.8700000047683716,0.949999988079071,0.9300000071525574,449200.0,0.9300000071525574
2022-05-09,0.9399999976158142,0.8299999833106995,0.9300000071525574,0.8500000238418579,395300.0,0.8500000238418579
2022-05-10,0.9399999976158142,0.8500000238418579,0.8899999856948853,0.8999999761581421,480200.0,0.8999999761581421
2022-05-11,0.8999999761581421,0.75,0.8999999761581421,0.75,556400.0,0.75
2022-05-12,0.8500000238418579,0.699999988079071,0.7599999904632568,0.7200000286102295,1308300.0,0.7200000286102295
2022-05-13,0.8999999761581421,0.75,0.7599999904632568,0.800000011920929,1200600.0,0.800000011920929
2022-05-16,0.8500000238418579,0.7599999904632568,0.8199999928474426,0.800000011920929,450800.0,0.800000011920929
2022-05-17,0.8799999952316284,0.800000011920929,0.8399999737739563,0.8399999737739563,438400.0,0.8399999737739563
2022-05-18,0.8299999833106995,0.7400000095367432,0.8299999833106995,0.75,396400.0,0.75
2022-05-19,0.7799999713897705,0.7300000190734863,0.7599999904632568,0.75,374200.0,0.75
2022-05-20,0.7799999713897705,0.6700000166893005,0.7699999809265137,0.7200000286102295,305400.0,0.7200000286102295
2022-05-23,0.7699999809265137,0.6899999976158142,0.7400000095367432,0.7200000286102295,233400.0,0.7200000286102295
2022-05-24,0.7200000286102295,0.6399999856948853,0.699999988079071,0.6600000262260437,283900.0,0.6600000262260437
2022-05-25,0.75,0.5899999737739563,0.6700000166893005,0.6299999952316284,1012900.0,0.6299999952316284
2022-05-26,0.6899999976158142,0.6100000143051147,0.6299999952316284,0.6299999952316284,1371400.0,0.6299999952316284
2022-05-27,0.6899999976158142,0.6200000047683716,0.6299999952316284,0.6700000166893005,696700.0,0.6700000166893005
2022-05-31,0.75,0.6499999761581421,0.6700000166893005,0.6700000166893005,840200.0,0.6700000166893005
2022-06-01,0.699999988079071,0.6000000238418579,0.699999988079071,0.6100000143051147,540500.0,0.6100000143051147
2022-06-02,0.6700000166893005,0.6100000143051147,0.6200000047683716,0.6100000143051147,561900.0,0.6100000143051147
2022-06-03,0.6499999761581421,0.6000000238418579,0.6299999952316284,0.6100000143051147,492700.0,0.6100000143051147
2022-06-06,0.6499999761581421,0.6000000238418579,0.6299999952316284,0.6100000143051147,556300.0,0.6100000143051147
2022-06-07,0.6499999761581421,0.5899999737739563,0.6299999952316284,0.6200000047683716,608400.0,0.6200000047683716
2022-06-08,0.699999988079071,0.6100000143051147,0.6299999952316284,0.699999988079071,1379600.0,0.699999988079071
2022-06-09,0.7099999785423279,0.6499999761581421,0.699999988079071,0.699999988079071,692900.0,0.699999988079071
2022-06-10,0.6800000071525574,0.6200000047683716,0.6700000166893005,0.6299999952316284,617500.0,0.6299999952316284
2022-06-13,0.6100000143051147,0.5199999809265137,0.6100000143051147,0.5199999809265137,715500.0,0.5199999809265137
2022-06-14,0.550000011920929,0.5299999713897705,0.5299999713897705,0.5400000214576721,270200.0,0.5400000214576721
2022-06-15,0.5699999928474426,0.5299999713897705,0.5699999928474426,0.5400000214576721,374900.0,0.5400000214576721
2022-06-16,0.5699999928474426,0.5,0.5699999928474426,0.5,517300.0,0.5
2022-06-17,0.550000011920929,0.49000000953674316,0.5299999713897705,0.49000000953674316,854000.0,0.49000000953674316
2022-06-21,0.5299999713897705,0.46000000834465027,0.5199999809265137,0.47999998927116394,1425200.0,0.47999998927116394
2022-06-22,0.5299999713897705,0.4699999988079071,0.4699999988079071,0.5199999809265137,703500.0,0.5199999809265137
2022-06-23,0.6000000238418579,0.5299999713897705,0.550000011920929,0.6000000238418579,813100.0,0.6000000238418579
2022-06-24,0.6499999761581421,0.5699999928474426,0.5899999737739563,0.5699999928474426,3651000.0,0.5699999928474426
2022-06-27,0.6200000047683716,0.5600000023841858,0.6100000143051147,0.5899999737739563,411600.0,0.5899999737739563
2022-06-28,0.6100000143051147,0.5400000214576721,0.5799999833106995,0.550000011920929,348000.0,0.550000011920929
2022-06-29,0.5699999928474426,0.5199999809265137,0.550000011920929,0.550000011920929,260500.0,0.550000011920929
2022-06-30,0.550000011920929,0.5099999904632568,0.5099999904632568,0.5199999809265137,352600.0,0.5199999809265137
2022-07-01,0.5699999928474426,0.5099999904632568,0.5199999809265137,0.5400000214576721,550500.0,0.5400000214576721
2022-07-05,0.6200000047683716,0.5600000023841858,0.5699999928474426,0.5899999737739563,593100.0,0.5899999737739563
2022-07-06,0.6499999761581421,0.5899999737739563,0.6100000143051147,0.6399999856948853,428400.0,0.6399999856948853
2022-07-07,0.699999988079071,0.6100000143051147,0.6299999952316284,0.6800000071525574,650600.0,0.6800000071525574
2022-07-08,0.7799999713897705,0.6700000166893005,0.6800000071525574,0.7099999785423279,1240300.0,0.7099999785423279
2022-07-11,0.7300000190734863,0.6299999952316284,0.7300000190734863,0.6499999761581421,560800.0,0.6499999761581421
2022-07-12,0.6700000166893005,0.6000000238418579,0.6399999856948853,0.6399999856948853,458600.0,0.6399999856948853
2022-07-13,0.6600000262260437,0.5799999833106995,0.6200000047683716,0.6100000143051147,433900.0,0.6100000143051147
2022-07-14,0.6299999952316284,0.5799999833106995,0.6000000238418579,0.6000000238418579,206300.0,0.6000000238418579
2022-07-15,0.6399999856948853,0.5799999833106995,0.6100000143051147,0.5799999833106995,432000.0,0.5799999833106995
2022-07-18,0.6399999856948853,0.5899999737739563,0.6299999952316284,0.6200000047683716,369200.0,0.6200000047683716
2022-07-19,0.6299999952316284,0.5799999833106995,0.6200000047683716,0.6000000238418579,355200.0,0.6000000238418579
2022-07-20,0.6200000047683716,0.5799999833106995,0.6200000047683716,0.5899999737739563,347600.0,0.5899999737739563
2022-07-21,0.6200000047683716,0.5600000023841858,0.6200000047683716,0.5699999928474426,313700.0,0.5699999928474426
2022-07-22,0.5699999928474426,0.5199999809265137,0.5699999928474426,0.5299999713897705,388100.0,0.5299999713897705
2022-07-25,0.5600000023841858,0.5199999809265137,0.5600000023841858,0.5299999713897705,164000.0,0.5299999713897705
2022-07-26,0.5299999713897705,0.49000000953674316,0.5199999809265137,0.49000000953674316,460800.0,0.49000000953674316
2022-07-27,0.5099999904632568,0.44999998807907104,0.5099999904632568,0.49000000953674316,621300.0,0.49000000953674316
2022-07-28,0.550000011920929,0.47999998927116394,0.550000011920929,0.49000000953674316,328000.0,0.49000000953674316
2022-07-29,0.5199999809265137,0.47999998927116394,0.5099999904632568,0.49000000953674316,254000.0,0.49000000953674316
2022-08-01,0.5,0.47999998927116394,0.5,0.49000000953674316,111500.0,0.49000000953674316
2022-08-02,0.5199999809265137,0.47999998927116394,0.49000000953674316,0.5,187000.0,0.5
2022-08-03,0.5099999904632568,0.49000000953674316,0.49000000953674316,0.5,385500.0,0.5
2022-08-04,0.5400000214576721,0.5099999904632568,0.5199999809265137,0.5199999809265137,448400.0,0.5199999809265137
