Date,High,Low,Open,Close,Volume,Adj Close
2017-08-07,27.75,27.579999923706055,27.65999984741211,27.739999771118164,943600.0,25.400135040283203
2017-08-08,27.780000686645508,27.610000610351562,27.65999984741211,27.700000762939453,1710800.0,25.363515853881836
2017-08-09,27.639999389648438,27.450000762939453,27.549999237060547,27.549999237060547,1603300.0,25.226163864135742
2017-08-10,27.56999969482422,27.139999389648438,27.540000915527344,27.170000076293945,3018200.0,24.878217697143555
2017-08-11,27.290000915527344,27.1200008392334,27.239999771118164,27.209999084472656,3819600.0,24.914844512939453
2017-08-14,27.5,27.209999084472656,27.25,27.299999237060547,2861500.0,24.997251510620117
2017-08-15,27.280000686645508,27.15999984741211,27.260000228881836,27.209999084472656,1753300.0,24.914844512939453
2017-08-16,27.469999313354492,27.290000915527344,27.290000915527344,27.40999984741211,2439400.0,25.097972869873047
2017-08-17,27.440000534057617,27.209999084472656,27.360000610351562,27.219999313354492,2115800.0,24.924001693725586
2017-08-18,27.3700008392334,27.18000030517578,27.350000381469727,27.270000457763672,1637900.0,24.96978187561035
2017-08-21,27.329999923706055,27.200000762939453,27.299999237060547,27.309999465942383,1144800.0,25.006406784057617
2017-08-22,27.450000762939453,27.3700008392334,27.440000534057617,27.399999618530273,1217200.0,25.088817596435547
2017-08-23,27.6299991607666,27.200000762939453,27.209999084472656,27.579999923706055,2088700.0,25.25363540649414
2017-08-24,27.729999542236328,27.559999465942383,27.649999618530273,27.639999389648438,1343900.0,25.30857276916504
2017-08-25,27.790000915527344,27.65999984741211,27.739999771118164,27.719999313354492,955100.0,25.381824493408203
2017-08-28,27.799999237060547,27.559999465942383,27.799999237060547,27.6200008392334,1026600.0,25.290260314941406
2017-08-29,27.649999618530273,27.3700008392334,27.540000915527344,27.649999618530273,1988500.0,25.317729949951172
2017-08-30,27.610000610351562,27.450000762939453,27.610000610351562,27.530000686645508,1856300.0,25.207853317260742
2017-08-31,27.950000762939453,27.65999984741211,27.719999313354492,27.8700008392334,2962600.0,25.51917266845703
2017-09-01,28.170000076293945,27.979999542236328,28.020000457763672,28.110000610351562,3436300.0,25.738927841186523
2017-09-05,28.1299991607666,27.770000457763672,28.079999923706055,27.889999389648438,1944000.0,25.537485122680664
2017-09-06,28.40999984741211,27.889999389648438,27.899999618530273,28.209999084472656,8831600.0,25.830493927001953
2017-09-07,28.43000030517578,28.280000686645508,28.40999984741211,28.3799991607666,1406300.0,25.98615264892578
2017-09-08,28.420000076293945,28.239999771118164,28.420000076293945,28.280000686645508,2354100.0,25.894590377807617
2017-09-11,28.489999771118164,28.329999923706055,28.3799991607666,28.479999542236328,1404300.0,26.07771873474121
2017-09-12,28.559999465942383,28.3700008392334,28.459999084472656,28.5,1949600.0,26.096033096313477
2017-09-13,28.56999969482422,28.420000076293945,28.559999465942383,28.489999771118164,1595300.0,26.086872100830078
2017-09-14,28.610000610351562,28.3799991607666,28.3799991607666,28.600000381469727,4542700.0,26.18759536743164
2017-09-15,28.670000076293945,28.510000228881836,28.649999618530273,28.59000015258789,2113000.0,26.178442001342773
2017-09-18,28.68000030517578,28.3700008392334,28.6299991607666,28.489999771118164,2644100.0,26.086872100830078
2017-09-19,28.700000762939453,28.510000228881836,28.579999923706055,28.639999389648438,1545000.0,26.224224090576172
2017-09-20,28.950000762939453,28.510000228881836,28.760000228881836,28.690000534057617,2484300.0,26.27000617980957
2017-09-21,28.8799991607666,28.6299991607666,28.649999618530273,28.829999923706055,3529100.0,26.3981990814209
2017-09-22,28.950000762939453,28.729999542236328,28.8799991607666,28.809999465942383,1242300.0,26.379884719848633
2017-09-25,28.899999618530273,28.75,28.809999465942383,28.84000015258789,1503700.0,26.407352447509766
2017-09-26,28.8799991607666,28.690000534057617,28.8700008392334,28.809999465942383,1570600.0,26.379884719848633
2017-09-27,28.979999542236328,28.799999237060547,28.809999465942383,28.829999923706055,5054300.0,26.3981990814209
2017-09-28,29.010000228881836,28.81999969482422,28.81999969482422,28.940000534057617,1658200.0,26.498916625976562
2017-09-29,29.040000915527344,28.850000381469727,28.850000381469727,28.940000534057617,4560400.0,26.498916625976562
2017-10-02,29.040000915527344,28.84000015258789,28.90999984741211,28.959999084472656,2376400.0,26.51723289489746
2017-10-03,29.100000381469727,28.959999084472656,28.959999084472656,29.079999923706055,1548600.0,26.62710952758789
2017-10-04,29.15999984741211,29.040000915527344,29.110000610351562,29.110000610351562,2856900.0,26.65458106994629
2017-10-05,29.100000381469727,28.959999084472656,28.979999542236328,28.989999771118164,2151500.0,26.544702529907227
2017-10-06,28.969999313354492,28.850000381469727,28.969999313354492,28.950000762939453,1213200.0,26.508071899414062
2017-10-09,29.049999237060547,28.93000030517578,29.0,28.959999084472656,725800.0,26.51723289489746
2017-10-10,29.190000534057617,29.09000015258789,29.149999618530273,29.110000610351562,1520300.0,26.65458106994629
2017-10-11,29.290000915527344,29.139999389648438,29.15999984741211,29.280000686645508,1606700.0,26.810237884521484
2017-10-12,29.25,29.139999389648438,29.219999313354492,29.18000030517578,2244600.0,26.718673706054688
2017-10-13,29.299999237060547,29.200000762939453,29.239999771118164,29.260000228881836,1472800.0,26.791929244995117
2017-10-16,29.260000228881836,29.139999389648438,29.209999084472656,29.170000076293945,2572400.0,26.709516525268555
2017-10-17,29.200000762939453,29.040000915527344,29.1299991607666,29.15999984741211,1856700.0,26.700361251831055
2017-10-18,29.34000015258789,29.229999542236328,29.299999237060547,29.280000686645508,1276700.0,26.810237884521484
2017-10-19,29.3799991607666,29.170000076293945,29.18000030517578,29.329999923706055,1035800.0,26.856021881103516
2017-10-20,29.229999542236328,29.06999969482422,29.229999542236328,29.100000381469727,1624400.0,26.645421981811523
2017-10-23,29.1299991607666,29.010000228881836,29.079999923706055,29.030000686645508,2262800.0,26.58132553100586
2017-10-24,29.15999984741211,29.010000228881836,29.100000381469727,29.040000915527344,1337900.0,26.590484619140625
2017-10-25,29.059999465942383,28.600000381469727,29.040000915527344,28.719999313354492,2943300.0,26.29747200012207
2017-10-26,28.770000457763672,28.639999389648438,28.719999313354492,28.649999618530273,1904500.0,26.233379364013672
2017-10-27,28.829999923706055,28.5,28.549999237060547,28.829999923706055,1677900.0,26.3981990814209
2017-10-30,28.93000030517578,28.75,28.75,28.920000076293945,1636300.0,26.480606079101562
2017-10-31,28.90999984741211,28.760000228881836,28.81999969482422,28.790000915527344,1934900.0,26.361570358276367
2017-11-01,28.979999542236328,28.829999923706055,28.90999984741211,28.889999389648438,2038900.0,26.453136444091797
2017-11-02,29.0,28.8700008392334,28.889999389648438,28.969999313354492,1567700.0,26.52638816833496
2017-11-03,29.139999389648438,28.989999771118164,29.06999969482422,29.110000610351562,2124900.0,26.65458106994629
2017-11-06,29.350000381469727,29.079999923706055,29.1200008392334,29.329999923706055,1554500.0,26.856021881103516
2017-11-07,29.290000915527344,29.139999389648438,29.260000228881836,29.270000457763672,1840600.0,26.801084518432617
2017-11-08,29.389999389648438,29.25,29.31999969482422,29.350000381469727,1696800.0,26.87433624267578
2017-11-09,29.450000762939453,29.219999313354492,29.280000686645508,29.40999984741211,2263200.0,26.929271697998047
2017-11-10,29.440000534057617,29.25,29.389999389648438,29.31999969482422,4320800.0,26.846864700317383
2017-11-13,29.329999923706055,29.170000076293945,29.190000534057617,29.200000762939453,1236600.0,26.736988067626953
2017-11-14,29.15999984741211,28.959999084472656,29.06999969482422,29.010000228881836,1773200.0,26.563013076782227
2017-11-15,28.950000762939453,28.75,28.780000686645508,28.899999618530273,1869300.0,26.46229362487793
2017-11-16,29.06999969482422,28.850000381469727,28.889999389648438,29.020000457763672,1728800.0,26.572174072265625
2017-11-17,29.100000381469727,28.899999618530273,28.959999084472656,29.049999237060547,1667400.0,26.599639892578125
2017-11-20,29.09000015258789,28.969999313354492,29.040000915527344,29.040000915527344,2322400.0,26.590484619140625
2017-11-21,29.309999465942383,29.100000381469727,29.100000381469727,29.18000030517578,1674600.0,26.718673706054688
2017-11-22,29.40999984741211,29.270000457763672,29.309999465942383,29.389999389648438,1794600.0,26.910959243774414
2017-11-24,29.450000762939453,29.350000381469727,29.350000381469727,29.40999984741211,727300.0,26.929271697998047
2017-11-27,29.450000762939453,29.149999618530273,29.440000534057617,29.15999984741211,1502900.0,26.700361251831055
2017-11-28,29.170000076293945,29.020000457763672,29.15999984741211,29.06999969482422,2051500.0,26.617950439453125
2017-11-29,29.030000686645508,28.770000457763672,29.030000686645508,28.860000610351562,1816200.0,26.425668716430664
2017-11-30,29.049999237060547,28.920000076293945,28.950000762939453,28.940000534057617,4466800.0,26.498916625976562
2017-12-01,29.420000076293945,29.190000534057617,29.25,29.3700008392334,3490500.0,26.892650604248047
2017-12-04,29.520000457763672,29.200000762939453,29.469999313354492,29.209999084472656,1790400.0,26.746145248413086
2017-12-05,29.34000015258789,29.1299991607666,29.280000686645508,29.1299991607666,2230200.0,26.672889709472656
2017-12-06,29.219999313354492,28.90999984741211,29.149999618530273,28.90999984741211,2925600.0,26.471446990966797
2017-12-07,29.09000015258789,28.760000228881836,28.850000381469727,29.040000915527344,1100300.0,26.590484619140625
2017-12-08,29.170000076293945,29.059999465942383,29.149999618530273,29.139999389648438,1086700.0,26.682048797607422
2017-12-11,29.229999542236328,29.059999465942383,29.059999465942383,29.15999984741211,1788400.0,26.700361251831055
2017-12-12,29.229999542236328,29.1200008392334,29.219999313354492,29.200000762939453,1395400.0,26.736988067626953
2017-12-13,29.3700008392334,29.219999313354492,29.280000686645508,29.280000686645508,2406600.0,26.810237884521484
2017-12-14,29.360000610351562,29.15999984741211,29.25,29.190000534057617,1385700.0,26.727832794189453
2017-12-15,29.309999465942383,28.989999771118164,29.309999465942383,29.0,1583900.0,26.553855895996094
2017-12-18,29.350000381469727,29.1299991607666,29.170000076293945,29.190000534057617,1806000.0,26.727832794189453
2017-12-19,28.889999389648438,28.770000457763672,28.790000915527344,28.790000915527344,2425000.0,26.69908332824707
2017-12-20,28.940000534057617,28.770000457763672,28.8799991607666,28.90999984741211,2106100.0,26.810367584228516
2017-12-21,29.239999771118164,29.0,29.079999923706055,29.149999618530273,1979100.0,27.032936096191406
2017-12-22,29.18000030517578,29.020000457763672,29.079999923706055,29.170000076293945,1407800.0,27.051485061645508
2017-12-26,29.309999465942383,29.190000534057617,29.200000762939453,29.260000228881836,872100.0,27.134950637817383
2017-12-27,29.440000534057617,29.31999969482422,29.40999984741211,29.3799991607666,2107200.0,27.246232986450195
2017-12-28,29.6299991607666,29.40999984741211,29.5,29.6200008392334,1822000.0,27.46880340576172
2017-12-29,29.81999969482422,29.559999465942383,29.780000686645508,29.639999389648438,3205000.0,27.487348556518555
2018-01-02,29.950000762939453,29.639999389648438,29.850000381469727,29.90999984741211,2506200.0,27.73773956298828
2018-01-03,30.06999969482422,29.899999618530273,29.950000762939453,30.020000457763672,2781500.0,27.839752197265625
2018-01-04,30.280000686645508,30.049999237060547,30.149999618530273,30.229999542236328,1542800.0,28.034500122070312
2018-01-05,30.600000381469727,30.329999923706055,30.43000030517578,30.34000015258789,1546900.0,28.136510848999023
2018-01-08,30.3799991607666,30.229999542236328,30.31999969482422,30.239999771118164,2498400.0,28.043773651123047
2018-01-09,30.299999237060547,30.149999618530273,30.299999237060547,30.15999984741211,2465100.0,27.96958351135254
2018-01-10,30.190000534057617,29.780000686645508,30.09000015258789,29.860000610351562,4996900.0,27.69137191772461
2018-01-11,30.020000457763672,29.850000381469727,29.8700008392334,30.010000228881836,1654400.0,27.830476760864258
2018-01-12,30.15999984741211,29.969999313354492,30.110000610351562,30.110000610351562,1762800.0,27.923213958740234
2018-01-16,30.420000076293945,30.139999389648438,30.399999618530273,30.229999542236328,6620600.0,28.034500122070312
2018-01-17,30.420000076293945,30.030000686645508,30.280000686645508,30.299999237060547,5869200.0,28.09941864013672
2018-01-18,30.309999465942383,30.1299991607666,30.209999084472656,30.229999542236328,4103200.0,28.034500122070312
2018-01-19,30.290000915527344,30.1299991607666,30.25,30.139999389648438,1572600.0,27.951034545898438
2018-01-22,30.280000686645508,30.139999389648438,30.190000534057617,30.260000228881836,1801400.0,28.062320709228516
2018-01-23,30.350000381469727,30.010000228881836,30.149999618530273,30.329999923706055,2904500.0,28.127239227294922
2018-01-24,30.559999465942383,30.260000228881836,30.549999237060547,30.420000076293945,1890700.0,28.210702896118164
2018-01-25,30.549999237060547,30.100000381469727,30.520000457763672,30.200000762939453,3777500.0,28.00667953491211
2018-01-26,30.389999389648438,30.15999984741211,30.280000686645508,30.31999969482422,2698100.0,28.117963790893555
2018-01-29,30.219999313354492,30.040000915527344,30.200000762939453,30.040000915527344,1936700.0,27.858299255371094
2018-01-30,30.040000915527344,29.809999465942383,29.940000534057617,29.850000381469727,2811300.0,27.682100296020508
2018-01-31,30.0,29.809999465942383,29.979999542236328,29.8799991607666,2980000.0,27.709917068481445
2018-02-01,29.8700008392334,29.639999389648438,29.81999969482422,29.780000686645508,2884500.0,27.6171817779541
2018-02-02,29.479999542236328,28.950000762939453,29.459999084472656,28.959999084472656,8993700.0,26.856733322143555
2018-02-05,28.809999465942383,28.1299991607666,28.760000228881836,28.149999618530273,7210500.0,26.105562210083008
2018-02-06,28.34000015258789,27.3700008392334,27.670000076293945,28.270000457763672,10299500.0,26.216848373413086
2018-02-07,28.31999969482422,28.049999237060547,28.1299991607666,28.059999465942383,3778800.0,26.022098541259766
2018-02-08,28.1200008392334,27.420000076293945,28.1200008392334,27.420000076293945,5596800.0,25.42858123779297
2018-02-09,27.579999923706055,26.920000076293945,27.56999969482422,27.469999313354492,10877400.0,25.47494888305664
2018-02-12,27.90999984741211,27.540000915527344,27.770000457763672,27.809999465942383,9810400.0,25.79025650024414
2018-02-13,27.84000015258789,27.6299991607666,27.700000762939453,27.829999923706055,5994600.0,25.80880355834961
2018-02-14,28.309999465942383,27.520000457763672,27.579999923706055,28.219999313354492,2780000.0,26.17047882080078
2018-02-15,28.399999618530273,28.040000915527344,28.3700008392334,28.399999618530273,2313200.0,26.3374080657959
2018-02-16,28.459999084472656,28.209999084472656,28.350000381469727,28.270000457763672,4849500.0,26.216848373413086
2018-02-20,28.280000686645508,28.059999465942383,28.09000015258789,28.1200008392334,5163100.0,26.077743530273438
2018-02-21,28.479999542236328,28.049999237060547,28.110000610351562,28.15999984741211,4276600.0,26.114835739135742
2018-02-22,28.399999618530273,28.079999923706055,28.229999542236328,28.100000381469727,4802100.0,26.059194564819336
2018-02-23,28.489999771118164,28.200000762939453,28.270000457763672,28.459999084472656,4535300.0,26.393051147460938
2018-02-26,28.610000610351562,28.40999984741211,28.530000686645508,28.600000381469727,2685400.0,26.52288055419922
2018-02-27,28.6200008392334,28.299999237060547,28.459999084472656,28.329999923706055,4312100.0,26.272489547729492
2018-02-28,28.600000381469727,27.75,28.600000381469727,27.790000915527344,4597400.0,25.771709442138672
2018-03-01,27.81999969482422,27.3700008392334,27.75,27.610000610351562,5383900.0,25.604782104492188
2018-03-02,27.489999771118164,27.260000228881836,27.350000381469727,27.479999542236328,2848400.0,25.484222412109375
2018-03-05,27.579999923706055,27.149999618530273,27.170000076293945,27.559999465942383,3271100.0,25.55841064453125
2018-03-06,27.860000610351562,27.6200008392334,27.81999969482422,27.739999771118164,17124200.0,25.725339889526367
2018-03-07,27.75,27.399999618530273,27.5,27.6299991607666,3597900.0,25.623329162597656
2018-03-08,27.780000686645508,27.559999465942383,27.700000762939453,27.739999771118164,6043600.0,25.725339889526367
2018-03-09,28.030000686645508,27.760000228881836,27.989999771118164,28.020000457763672,3319300.0,25.985002517700195
2018-03-12,28.1200008392334,27.90999984741211,27.969999313354492,28.0,3189900.0,25.966461181640625
2018-03-13,28.149999618530273,27.75,28.030000686645508,27.770000457763672,4934000.0,25.753164291381836
2018-03-14,28.030000686645508,27.770000457763672,27.989999771118164,27.860000610351562,3564600.0,25.836626052856445
2018-03-15,27.989999771118164,27.6200008392334,27.899999618530273,27.709999084472656,3095400.0,25.69751739501953
2018-03-16,27.889999389648438,27.610000610351562,27.719999313354492,27.670000076293945,2379200.0,25.660423278808594
2018-03-19,27.760000228881836,27.389999389648438,27.65999984741211,27.5,3464500.0,25.50276756286621
2018-03-20,27.739999771118164,27.459999084472656,27.549999237060547,27.600000381469727,5868300.0,25.595508575439453
2018-03-21,28.15999984741211,27.68000030517578,27.729999542236328,28.020000457763672,3167500.0,25.985002517700195
2018-03-22,27.84000015258789,27.420000076293945,27.799999237060547,27.459999084472656,3503700.0,25.465675354003906
2018-03-23,27.780000686645508,27.18000030517578,27.700000762939453,27.190000534057617,4612200.0,25.21528434753418
2018-03-26,27.43000030517578,27.139999389648438,27.360000610351562,27.3799991607666,2819200.0,25.391483306884766
2018-03-27,27.549999237060547,27.100000381469727,27.450000762939453,27.18000030517578,3175800.0,25.206012725830078
2018-03-28,27.270000457763672,27.049999237060547,27.15999984741211,27.079999923706055,2593000.0,25.11327362060547
2018-03-29,27.59000015258789,27.1299991607666,27.149999618530273,27.559999465942383,4286700.0,25.55841064453125
2018-04-02,27.559999465942383,27.010000228881836,27.450000762939453,27.170000076293945,3360800.0,25.196739196777344
2018-04-03,27.420000076293945,27.190000534057617,27.329999923706055,27.34000015258789,3611100.0,25.354389190673828
2018-04-04,27.459999084472656,26.90999984741211,26.989999771118164,27.43000030517578,5117200.0,25.437856674194336
2018-04-05,27.850000381469727,27.399999618530273,27.450000762939453,27.799999237060547,1767000.0,25.78097915649414
2018-04-06,27.860000610351562,27.360000610351562,27.770000457763672,27.5,2515100.0,25.50276756286621
2018-04-09,27.8799991607666,27.489999771118164,27.770000457763672,27.690000534057617,1783100.0,25.678972244262695
2018-04-10,28.110000610351562,27.959999084472656,28.049999237060547,27.969999313354492,2861500.0,25.938634872436523
2018-04-11,28.1200008392334,27.809999465942383,27.860000610351562,28.010000228881836,1721800.0,25.975730895996094
2018-04-12,28.1200008392334,27.920000076293945,27.979999542236328,28.010000228881836,1809000.0,25.975730895996094
2018-04-13,28.15999984741211,27.889999389648438,28.09000015258789,27.950000762939453,1523700.0,25.920089721679688
2018-04-16,28.1200008392334,27.969999313354492,28.040000915527344,28.06999969482422,1298500.0,26.031373977661133
2018-04-17,28.309999465942383,28.1200008392334,28.1299991607666,28.239999771118164,1351300.0,26.18902587890625
2018-04-18,28.479999542236328,28.219999313354492,28.239999771118164,28.3799991607666,3529600.0,26.318857192993164
2018-04-19,28.479999542236328,28.100000381469727,28.450000762939453,28.15999984741211,2270600.0,26.114835739135742
2018-04-20,28.110000610351562,27.979999542236328,28.059999465942383,28.040000915527344,1265300.0,26.00355339050293
2018-04-23,28.040000915527344,27.84000015258789,27.940000534057617,27.940000534057617,1277500.0,25.910816192626953
2018-04-24,28.079999923706055,27.780000686645508,28.030000686645508,27.8799991607666,1678100.0,25.855173110961914
2018-04-25,27.969999313354492,27.690000534057617,27.799999237060547,27.899999618530273,1602100.0,25.87371826171875
2018-04-26,28.139999389648438,27.959999084472656,28.030000686645508,28.09000015258789,1586700.0,26.04991912841797
2018-04-27,28.239999771118164,28.079999923706055,28.09000015258789,28.209999084472656,1815500.0,26.16120719909668
2018-04-30,28.34000015258789,28.1299991607666,28.190000534057617,28.1299991607666,2151100.0,26.08701515197754
2018-05-01,28.280000686645508,27.899999618530273,28.110000610351562,28.1299991607666,2898200.0,26.08701515197754
2018-05-02,28.31999969482422,28.049999237060547,28.18000030517578,28.09000015258789,3095600.0,26.04991912841797
2018-05-03,28.18000030517578,27.8700008392334,28.100000381469727,28.110000610351562,5533000.0,26.068470001220703
2018-05-04,28.389999389648438,27.850000381469727,27.969999313354492,28.309999465942383,3362800.0,26.253942489624023
2018-05-07,28.540000915527344,28.329999923706055,28.510000228881836,28.389999389648438,3645200.0,26.3281307220459
2018-05-08,28.360000610351562,28.15999984741211,28.299999237060547,28.360000610351562,3076900.0,26.300312042236328
2018-05-09,28.729999542236328,28.510000228881836,28.559999465942383,28.65999984741211,3904100.0,26.578523635864258
2018-05-10,29.059999465942383,28.81999969482422,28.90999984741211,29.040000915527344,4097700.0,26.930927276611328
2018-05-11,29.09000015258789,28.979999542236328,29.020000457763672,29.020000457763672,2620900.0,26.91238021850586
2018-05-14,29.299999237060547,29.09000015258789,29.09000015258789,29.18000030517578,3394600.0,27.06075668334961
2018-05-15,29.1299991607666,28.889999389648438,29.0,29.079999923706055,2475900.0,26.968021392822266
2018-05-16,29.299999237060547,29.139999389648438,29.209999084472656,29.229999542236328,2505400.0,27.107126235961914
2018-05-17,29.40999984741211,29.260000228881836,29.260000228881836,29.31999969482422,2998300.0,27.190587997436523
2018-05-18,29.170000076293945,29.020000457763672,29.09000015258789,29.139999389648438,2012900.0,27.023664474487305
2018-05-21,29.450000762939453,29.299999237060547,29.34000015258789,29.40999984741211,1643500.0,27.274051666259766
2018-05-22,29.610000610351562,29.229999542236328,29.43000030517578,29.260000228881836,3938600.0,27.134950637817383
2018-05-23,29.200000762939453,28.950000762939453,28.950000762939453,29.170000076293945,2046200.0,27.051485061645508
2018-05-24,29.110000610351562,28.899999618530273,29.040000915527344,28.969999313354492,1880800.0,26.866010665893555
2018-05-25,28.860000610351562,28.649999618530273,28.760000228881836,28.760000228881836,1164100.0,26.671260833740234
2018-05-29,28.530000686645508,28.239999771118164,28.530000686645508,28.329999923706055,3924900.0,26.272489547729492
2018-05-30,28.899999618530273,28.40999984741211,28.40999984741211,28.8700008392334,5476800.0,26.773271560668945
2018-05-31,28.780000686645508,28.549999237060547,28.709999084472656,28.739999771118164,4275500.0,26.6527156829834
2018-06-01,28.860000610351562,28.670000076293945,28.860000610351562,28.700000762939453,2511300.0,26.615617752075195
2018-06-04,28.979999542236328,28.18000030517578,28.81999969482422,28.18000030517578,3257000.0,26.13338279724121
2018-06-05,28.809999465942383,28.6299991607666,28.68000030517578,28.799999237060547,2930800.0,26.708356857299805
2018-06-06,29.299999237060547,28.850000381469727,29.079999923706055,28.940000534057617,4162800.0,26.83818817138672
2018-06-07,29.09000015258789,28.799999237060547,29.010000228881836,28.920000076293945,2015300.0,26.819643020629883
2018-06-08,29.049999237060547,28.829999923706055,28.8799991607666,29.049999237060547,1794000.0,26.940200805664062
2018-06-11,29.110000610351562,28.940000534057617,28.969999313354492,29.040000915527344,1838100.0,26.930927276611328
2018-06-12,29.059999465942383,28.90999984741211,29.020000457763672,29.010000228881836,1948600.0,26.90310287475586
2018-06-13,29.18000030517578,28.93000030517578,29.100000381469727,29.049999237060547,1271200.0,26.940200805664062
2018-06-14,29.239999771118164,28.899999618530273,29.1299991607666,28.969999313354492,1540200.0,26.866010665893555
2018-06-15,28.8700008392334,28.639999389648438,28.760000228881836,28.700000762939453,1617100.0,26.615617752075195
2018-06-18,28.81999969482422,28.56999969482422,28.600000381469727,28.81999969482422,1828000.0,26.726903915405273
2018-06-19,28.329999923706055,28.18000030517578,28.260000228881836,28.260000228881836,2187900.0,26.412864685058594
2018-06-20,28.459999084472656,28.31999969482422,28.329999923706055,28.420000076293945,2041100.0,26.562406539916992
2018-06-21,28.3799991607666,28.200000762939453,28.3799991607666,28.239999771118164,2134100.0,26.3941707611084
2018-06-22,28.549999237060547,28.3700008392334,28.3799991607666,28.510000228881836,1745100.0,26.646526336669922
2018-06-25,28.3700008392334,27.940000534057617,28.350000381469727,27.979999542236328,2125400.0,26.151168823242188
2018-06-26,28.299999237060547,28.020000457763672,28.149999618530273,28.190000534057617,2407500.0,26.347440719604492
2018-06-27,28.34000015258789,27.940000534057617,28.280000686645508,27.959999084472656,5578700.0,26.132471084594727
2018-06-28,28.18000030517578,27.93000030517578,28.040000915527344,28.1200008392334,1745900.0,26.28201675415039
2018-06-29,28.610000610351562,28.329999923706055,28.3700008392334,28.510000228881836,2690300.0,26.646526336669922
2018-07-02,28.5,28.1200008392334,28.1200008392334,28.360000610351562,3244100.0,26.506328582763672
2018-07-03,28.700000762939453,28.40999984741211,28.579999923706055,28.440000534057617,1417800.0,26.58110237121582
2018-07-05,28.639999389648438,28.440000534057617,28.6299991607666,28.510000228881836,2415200.0,26.646526336669922
2018-07-06,28.799999237060547,28.469999313354492,28.5,28.780000686645508,1637400.0,26.89887809753418
2018-07-09,28.979999542236328,28.8700008392334,28.969999313354492,28.93000030517578,1321400.0,27.039072036743164
2018-07-10,29.1299991607666,28.940000534057617,28.950000762939453,29.1200008392334,2387700.0,27.21665382385254
2018-07-11,29.040000915527344,28.6200008392334,28.8700008392334,28.719999313354492,5139300.0,26.842796325683594
2018-07-12,29.06999969482422,28.809999465942383,28.8799991607666,29.059999465942383,1413500.0,27.160573959350586
2018-07-13,29.09000015258789,28.93000030517578,28.950000762939453,29.06999969482422,1386700.0,27.169919967651367
2018-07-16,29.079999923706055,28.940000534057617,29.049999237060547,28.989999771118164,1398500.0,27.095151901245117
2018-07-17,28.959999084472656,28.790000915527344,28.90999984741211,28.93000030517578,2451000.0,27.039072036743164
2018-07-18,28.920000076293945,28.75,28.899999618530273,28.8799991607666,1153800.0,26.992341995239258
2018-07-19,28.899999618530273,28.6200008392334,28.690000534057617,28.829999923706055,2441200.0,26.94561004638672
2018-07-20,29.040000915527344,28.889999389648438,28.979999542236328,28.899999618530273,1496000.0,27.011032104492188
2018-07-23,28.8799991607666,28.770000457763672,28.780000686645508,28.780000686645508,1248300.0,26.89887809753418
2018-07-24,29.059999465942383,28.799999237060547,28.93000030517578,28.860000610351562,1734300.0,26.973649978637695
2018-07-25,29.149999618530273,28.809999465942383,28.860000610351562,29.1200008392334,2523000.0,27.21665382385254
2018-07-26,29.190000534057617,28.969999313354492,29.030000686645508,29.1299991607666,2593300.0,27.225996017456055
2018-07-27,29.209999084472656,28.940000534057617,29.1200008392334,29.040000915527344,1807900.0,27.141883850097656
2018-07-30,29.219999313354492,28.989999771118164,28.989999771118164,29.06999969482422,2104400.0,27.169919967651367
2018-07-31,29.280000686645508,28.969999313354492,29.139999389648438,29.209999084472656,5163200.0,27.300769805908203
2018-08-01,29.309999465942383,29.049999237060547,29.239999771118164,29.110000610351562,2272900.0,27.20730972290039
2018-08-02,29.200000762939453,28.8700008392334,29.049999237060547,29.200000762939453,1200800.0,27.291427612304688
2018-08-03,29.280000686645508,29.149999618530273,29.239999771118164,29.239999771118164,2442500.0,27.32880973815918
2018-08-06,29.3700008392334,29.219999313354492,29.229999542236328,29.34000015258789,1254800.0,27.422273635864258
2018-08-07,29.43000030517578,28.81999969482422,29.350000381469727,28.860000610351562,2262200.0,26.973649978637695
2018-08-08,29.030000686645508,28.729999542236328,28.90999984741211,28.979999542236328,2427100.0,27.08580207824707
2018-08-09,29.15999984741211,28.940000534057617,28.969999313354492,29.1200008392334,1927900.0,27.21665382385254
2018-08-10,28.940000534057617,28.700000762939453,28.940000534057617,28.780000686645508,1664200.0,26.89887809753418
2018-08-13,28.8799991607666,28.579999923706055,28.809999465942383,28.68000030517578,3539900.0,26.8054141998291
2018-08-14,28.979999542236328,28.760000228881836,28.829999923706055,28.979999542236328,5481400.0,27.08580207824707
2018-08-15,28.790000915527344,28.260000228881836,28.739999771118164,28.459999084472656,5187700.0,26.599794387817383
2018-08-16,28.729999542236328,28.530000686645508,28.610000610351562,28.56999969482422,4190400.0,26.702604293823242
2018-08-17,28.989999771118164,28.600000381469727,28.68000030517578,28.950000762939453,2309000.0,27.057764053344727
2018-08-20,29.020000457763672,28.8799991607666,28.979999542236328,28.950000762939453,1463300.0,27.057764053344727
2018-08-21,29.1200008392334,28.860000610351562,29.040000915527344,28.8799991607666,1341300.0,26.992341995239258
2018-08-22,29.1299991607666,28.889999389648438,28.889999389648438,29.09000015258789,1538900.0,27.188613891601562
2018-08-23,29.049999237060547,28.829999923706055,28.899999618530273,28.84000015258789,950200.0,26.954954147338867
2018-08-24,29.09000015258789,28.90999984741211,28.950000762939453,28.989999771118164,1186000.0,27.095151901245117
2018-08-27,29.350000381469727,29.020000457763672,29.079999923706055,29.31999969482422,2778000.0,27.403579711914062
2018-08-28,29.540000915527344,29.18000030517578,29.520000457763672,29.219999313354492,2488600.0,27.310117721557617
2018-08-29,29.3700008392334,29.170000076293945,29.270000457763672,29.31999969482422,2583600.0,27.403579711914062
2018-08-30,29.270000457763672,29.079999923706055,29.149999618530273,29.170000076293945,2781400.0,27.263385772705078
2018-08-31,29.049999237060547,28.719999313354492,29.010000228881836,28.799999237060547,4120300.0,26.917570114135742
2018-09-04,28.5,28.280000686645508,28.5,28.329999923706055,10652800.0,26.478288650512695
2018-09-05,28.350000381469727,28.049999237060547,28.350000381469727,28.290000915527344,3156000.0,26.440906524658203
2018-09-06,28.389999389648438,28.1200008392334,28.25,28.270000457763672,3475300.0,26.422212600708008
2018-09-07,28.190000534057617,27.979999542236328,28.100000381469727,28.15999984741211,3076200.0,26.319400787353516
2018-09-10,28.34000015258789,28.1299991607666,28.280000686645508,28.1299991607666,2362500.0,26.29136085510254
2018-09-11,28.31999969482422,27.989999771118164,28.18000030517578,28.309999465942383,4854600.0,26.459596633911133
2018-09-12,28.5,28.329999923706055,28.420000076293945,28.440000534057617,4449100.0,26.58110237121582
2018-09-13,28.510000228881836,28.34000015258789,28.510000228881836,28.40999984741211,2009300.0,26.55306053161621
2018-09-14,28.43000030517578,28.260000228881836,28.389999389648438,28.34000015258789,2139800.0,26.487638473510742
2018-09-17,28.600000381469727,28.360000610351562,28.3799991607666,28.440000534057617,1803400.0,26.58110237121582
2018-09-18,28.809999465942383,28.549999237060547,28.600000381469727,28.809999465942383,1963200.0,26.926916122436523
2018-09-19,28.93000030517578,28.75,28.790000915527344,28.8700008392334,2597000.0,26.982994079589844
2018-09-20,29.100000381469727,28.90999984741211,29.06999969482422,29.020000457763672,1428400.0,27.123191833496094
2018-09-21,29.139999389648438,28.969999313354492,29.059999465942383,29.049999237060547,2197300.0,27.151229858398438
2018-09-24,29.139999389648438,28.90999984741211,29.1299991607666,28.93000030517578,1667400.0,27.039072036743164
2018-09-25,29.09000015258789,28.809999465942383,28.979999542236328,28.809999465942383,1599000.0,26.926916122436523
2018-09-26,28.940000534057617,28.68000030517578,28.809999465942383,28.700000762939453,2527200.0,26.82410430908203
2018-09-27,28.899999618530273,28.65999984741211,28.65999984741211,28.770000457763672,1385800.0,26.889530181884766
2018-09-28,28.90999984741211,28.729999542236328,28.760000228881836,28.780000686645508,3446100.0,26.89887809753418
2018-10-01,29.25,29.0,29.100000381469727,29.1200008392334,2273400.0,27.21665382385254
2018-10-02,29.030000686645508,28.809999465942383,29.030000686645508,28.8799991607666,2539100.0,26.992341995239258
2018-10-03,29.030000686645508,28.850000381469727,28.950000762939453,28.950000762939453,3817500.0,27.057764053344727
2018-10-04,28.920000076293945,28.530000686645508,28.809999465942383,28.700000762939453,2113200.0,26.82410430908203
2018-10-05,28.739999771118164,28.450000762939453,28.719999313354492,28.530000686645508,2292400.0,26.665218353271484
2018-10-08,28.5,28.270000457763672,28.34000015258789,28.43000030517578,2735100.0,26.571754455566406
2018-10-09,28.459999084472656,28.260000228881836,28.329999923706055,28.3799991607666,2212700.0,26.525020599365234
2018-10-10,28.309999465942383,27.5,28.309999465942383,27.5,3659300.0,25.702537536621094
2018-10-11,27.479999542236328,27.09000015258789,27.31999969482422,27.1299991607666,5404100.0,25.35672378540039
2018-10-12,27.450000762939453,27.049999237060547,27.450000762939453,27.270000457763672,3271400.0,25.487573623657227
2018-10-15,27.440000534057617,27.18000030517578,27.219999313354492,27.280000686645508,1868800.0,25.496919631958008
2018-10-16,27.709999084472656,27.389999389648438,27.469999313354492,27.700000762939453,3253700.0,25.889469146728516
2018-10-17,27.579999923706055,27.3700008392334,27.56999969482422,27.510000228881836,2102200.0,25.711885452270508
2018-10-18,27.389999389648438,27.049999237060547,27.360000610351562,27.100000381469727,1950200.0,25.328685760498047
2018-10-19,27.3799991607666,27.079999923706055,27.190000534057617,27.190000534057617,2047100.0,25.41280174255371
2018-10-22,27.239999771118164,27.0,27.06999969482422,27.139999389648438,2517000.0,25.36606788635254
2018-10-23,27.010000228881836,26.559999465942383,26.809999465942383,26.920000076293945,2881600.0,25.160449981689453
2018-10-24,26.979999542236328,26.350000381469727,26.8799991607666,26.350000381469727,3527100.0,24.62770652770996
2018-10-25,26.59000015258789,26.309999465942383,26.59000015258789,26.360000610351562,2327600.0,24.637052536010742
2018-10-26,26.420000076293945,25.799999237060547,25.969999313354492,26.260000228881836,3848000.0,24.543590545654297
2018-10-29,26.520000457763672,25.760000228881836,26.40999984741211,25.950000762939453,3805900.0,24.25385284423828
2018-10-30,26.329999923706055,25.920000076293945,25.93000030517578,26.329999923706055,3851400.0,24.6090145111084
2018-10-31,26.649999618530273,26.420000076293945,26.510000228881836,26.510000228881836,7104900.0,24.77724838256836
2018-11-01,26.809999465942383,26.600000381469727,26.639999389648438,26.790000915527344,3628300.0,25.0389461517334
2018-11-02,26.950000762939453,26.559999465942383,26.93000030517578,26.739999771118164,2668100.0,24.992212295532227
2018-11-05,27.059999465942383,26.75,27.010000228881836,26.889999389648438,3242500.0,25.13241195678711
2018-11-06,26.979999542236328,26.799999237060547,26.850000381469727,26.959999084472656,2940700.0,25.19783592224121
2018-11-07,27.219999313354492,27.020000457763672,27.190000534057617,27.1299991607666,1599200.0,25.35672378540039
2018-11-08,27.209999084472656,26.90999984741211,27.1299991607666,27.010000228881836,2225800.0,25.244569778442383
2018-11-09,26.860000610351562,26.670000076293945,26.81999969482422,26.780000686645508,1945900.0,25.029603958129883
2018-11-12,26.780000686645508,26.5,26.770000457763672,26.510000228881836,2691800.0,24.77724838256836
2018-11-13,26.760000228881836,26.43000030517578,26.540000915527344,26.479999542236328,2120800.0,24.749210357666016
2018-11-14,26.799999237060547,26.3700008392334,26.610000610351562,26.559999465942383,2383800.0,24.8239803314209
2018-11-15,26.809999465942383,26.420000076293945,26.420000076293945,26.690000534057617,2331800.0,24.945486068725586
2018-11-16,26.829999923706055,26.600000381469727,26.670000076293945,26.75,1444300.0,25.001562118530273
2018-11-19,26.75,26.469999313354492,26.68000030517578,26.549999237060547,1840000.0,24.814634323120117
2018-11-20,26.34000015258789,25.860000610351562,26.25,25.93000030517578,2721900.0,24.23516082763672
2018-11-21,26.6299991607666,26.100000381469727,26.260000228881836,26.520000457763672,1651100.0,24.786596298217773
2018-11-23,26.350000381469727,26.15999984741211,26.260000228881836,26.15999984741211,766800.0,24.450124740600586
2018-11-26,26.600000381469727,26.299999237060547,26.43000030517578,26.360000610351562,1974400.0,24.637052536010742
2018-11-27,26.329999923706055,26.020000457763672,26.209999084472656,26.149999618530273,2833300.0,24.440778732299805
2018-11-28,26.59000015258789,26.059999465942383,26.18000030517578,26.59000015258789,2710700.0,24.852018356323242
2018-11-29,26.75,26.520000457763672,26.549999237060547,26.6299991607666,2458400.0,24.889406204223633
2018-11-30,26.649999618530273,26.31999969482422,26.40999984741211,26.639999389648438,2262300.0,24.89875030517578
2018-12-03,27.219999313354492,26.75,27.149999618530273,26.90999984741211,2403700.0,25.151103973388672
2018-12-04,26.920000076293945,26.43000030517578,26.809999465942383,26.440000534057617,2997100.0,24.71182632446289
2018-12-06,25.989999771118164,25.559999465942383,25.93000030517578,25.940000534057617,5079600.0,24.244504928588867
2018-12-07,26.399999618530273,25.770000457763672,26.059999465942383,25.799999237060547,4153500.0,24.11365509033203
2018-12-10,25.760000228881836,25.329999923706055,25.670000076293945,25.540000915527344,3756900.0,23.870651245117188
2018-12-11,26.010000228881836,25.40999984741211,25.84000015258789,25.440000534057617,3904600.0,23.77718734741211
2018-12-12,25.979999542236328,25.709999084472656,25.719999313354492,25.719999313354492,2493100.0,24.03888511657715
2018-12-13,25.90999984741211,25.639999389648438,25.709999084472656,25.670000076293945,1882500.0,23.99215316772461
2018-12-14,25.600000381469727,25.329999923706055,25.360000610351562,25.3700008392334,2675800.0,23.711761474609375
2018-12-17,25.350000381469727,24.809999465942383,25.290000915527344,24.860000610351562,4728500.0,23.235097885131836
2018-12-18,24.670000076293945,24.40999984741211,24.530000686645508,24.450000762939453,2932300.0,23.234148025512695
2018-12-19,24.799999237060547,24.15999984741211,24.6299991607666,24.15999984741211,4163900.0,22.958566665649414
2018-12-20,24.350000381469727,23.799999237060547,24.149999618530273,23.93000030517578,5562700.0,22.740007400512695
2018-12-21,24.040000915527344,23.389999389648438,23.899999618530273,23.43000030517578,3991700.0,22.264867782592773
2018-12-24,23.43000030517578,23.100000381469727,23.31999969482422,23.100000381469727,2015600.0,21.95128059387207
2018-12-26,23.81999969482422,22.889999389648438,23.260000228881836,23.81999969482422,4143500.0,22.635475158691406
2018-12-27,23.790000915527344,23.209999084472656,23.3799991607666,23.709999084472656,6653400.0,22.53094482421875
2018-12-28,24.020000457763672,23.75,23.920000076293945,23.850000381469727,4234100.0,22.663984298706055
2018-12-31,24.06999969482422,23.829999923706055,24.0,23.959999084472656,3231800.0,22.768512725830078
2019-01-02,24.239999771118164,23.670000076293945,23.68000030517578,24.18000030517578,3931900.0,22.97757339477539
2019-01-03,24.200000762939453,23.8799991607666,24.1200008392334,24.030000686645508,3540500.0,22.835031509399414
2019-01-04,24.649999618530273,24.309999465942383,24.450000762939453,24.649999618530273,2438900.0,23.4242000579834
2019-01-07,24.959999084472656,24.600000381469727,24.6299991607666,24.920000076293945,2924300.0,23.680774688720703
2019-01-08,25.239999771118164,24.950000762939453,25.15999984741211,25.190000534057617,3044900.0,23.937349319458008
2019-01-09,25.65999984741211,25.290000915527344,25.360000610351562,25.65999984741211,2681100.0,24.383974075317383
2019-01-10,25.799999237060547,25.40999984741211,25.520000457763672,25.770000457763672,2847900.0,24.488506317138672
2019-01-11,26.0,25.559999465942383,25.59000015258789,25.719999313354492,2581100.0,24.440990447998047
2019-01-14,25.850000381469727,25.600000381469727,25.600000381469727,25.81999969482422,2087900.0,24.5360164642334
2019-01-15,25.979999542236328,25.81999969482422,25.829999923706055,25.959999084472656,2452100.0,24.66905403137207
2019-01-16,26.139999389648438,25.989999771118164,25.989999771118164,26.040000915527344,2464400.0,24.745080947875977
2019-01-17,26.360000610351562,25.8700008392334,25.969999313354492,26.25,2144500.0,24.944637298583984
2019-01-18,26.540000915527344,26.389999389648438,26.459999084472656,26.420000076293945,7020000.0,25.106182098388672
2019-01-22,26.350000381469727,26.030000686645508,26.18000030517578,26.15999984741211,2694400.0,24.85910987854004
2019-01-23,26.309999465942383,26.0,26.290000915527344,26.110000610351562,2225900.0,24.811599731445312
2019-01-24,26.260000228881836,26.09000015258789,26.1200008392334,26.260000228881836,2268600.0,24.954137802124023
2019-01-25,26.6200008392334,26.40999984741211,26.420000076293945,26.6200008392334,1775900.0,25.296236038208008
2019-01-28,26.56999969482422,25.0,26.309999465942383,26.56999969482422,1932800.0,25.248722076416016
2019-01-29,26.760000228881836,26.600000381469727,26.6299991607666,26.729999542236328,1807700.0,25.400766372680664
2019-01-30,27.09000015258789,26.739999771118164,26.8799991607666,26.959999084472656,2436800.0,25.61932945251465
2019-01-31,27.110000610351562,26.950000762939453,27.0,27.049999237060547,2551800.0,25.704853057861328
2019-02-01,27.190000534057617,27.040000915527344,27.079999923706055,27.1299991607666,4041200.0,25.780874252319336
2019-02-04,27.219999313354492,26.020000457763672,26.969999313354492,27.200000762939453,1743000.0,25.847393035888672
2019-02-05,27.360000610351562,27.190000534057617,27.25,27.360000610351562,8221300.0,25.999441146850586
2019-02-06,27.329999923706055,27.18000030517578,27.280000686645508,27.200000762939453,1688200.0,25.847393035888672
2019-02-07,27.139999389648438,26.809999465942383,27.0,27.010000228881836,1808500.0,25.66684341430664
2019-02-08,27.030000686645508,26.790000915527344,27.010000228881836,26.950000762939453,1773200.0,25.609825134277344
2019-02-11,26.959999084472656,26.700000762939453,26.899999618530273,26.700000762939453,3266600.0,25.37225914001465
2019-02-12,27.040000915527344,26.850000381469727,26.920000076293945,27.010000228881836,2139200.0,25.66684341430664
2019-02-13,27.1299991607666,26.940000534057617,27.010000228881836,26.959999084472656,2156200.0,25.61932945251465
2019-02-14,27.139999389648438,26.75,26.860000610351562,27.049999237060547,2593500.0,25.704853057861328
2019-02-15,27.43000030517578,27.18000030517578,27.209999084472656,27.40999984741211,1957600.0,26.046951293945312
2019-02-19,27.65999984741211,27.260000228881836,27.270000457763672,27.610000610351562,1054500.0,26.23700714111328
2019-02-20,27.940000534057617,27.670000076293945,27.670000076293945,27.889999389648438,1317200.0,26.503082275390625
2019-02-21,27.860000610351562,27.65999984741211,27.799999237060547,27.75,1890000.0,26.37004280090332
2019-02-22,27.969999313354492,27.770000457763672,27.8799991607666,27.899999618530273,1300600.0,26.512582778930664
2019-02-25,28.0,27.8700008392334,27.920000076293945,27.8799991607666,1050300.0,26.493579864501953
2019-02-26,28.010000228881836,27.829999923706055,27.860000610351562,27.93000030517578,1538500.0,26.541091918945312
2019-02-27,28.030000686645508,27.81999969482422,27.920000076293945,28.0,1309200.0,26.607614517211914
2019-02-28,27.950000762939453,27.790000915527344,27.920000076293945,27.850000381469727,1842500.0,26.465070724487305
2019-03-01,27.989999771118164,27.690000534057617,27.850000381469727,27.719999313354492,3092400.0,26.341535568237305
2019-03-04,27.770000457763672,27.450000762939453,27.729999542236328,27.649999618530273,3005300.0,26.275014877319336
2019-03-05,27.690000534057617,27.579999923706055,27.65999984741211,27.6299991607666,2185800.0,26.256010055541992
2019-03-06,27.6299991607666,27.420000076293945,27.56999969482422,27.479999542236328,3156600.0,26.11347007751465
2019-03-07,27.510000228881836,27.260000228881836,27.479999542236328,27.329999923706055,2923300.0,25.970930099487305
2019-03-08,27.34000015258789,27.100000381469727,27.229999542236328,27.31999969482422,2098500.0,25.961423873901367
2019-03-11,27.59000015258789,27.360000610351562,27.360000610351562,27.559999465942383,2017000.0,26.189491271972656
2019-03-12,27.709999084472656,27.549999237060547,27.600000381469727,27.700000762939453,4222300.0,26.32253074645996
2019-03-13,27.8799991607666,27.780000686645508,27.780000686645508,27.850000381469727,2202300.0,26.465070724487305
2019-03-14,27.799999237060547,27.690000534057617,27.790000915527344,27.729999542236328,1853000.0,26.351036071777344
2019-03-15,27.860000610351562,27.719999313354492,27.719999313354492,27.760000228881836,1798100.0,26.379545211791992
2019-03-18,27.969999313354492,27.739999771118164,27.739999771118164,27.959999084472656,1574800.0,26.569597244262695
2019-03-19,28.31999969482422,27.899999618530273,28.200000762939453,27.940000534057617,1660400.0,26.550596237182617
2019-03-20,28.059999465942383,27.729999542236328,27.850000381469727,27.90999984741211,2053500.0,26.5220890045166
2019-03-21,27.889999389648438,27.739999771118164,27.75,27.860000610351562,2606700.0,26.47457504272461
2019-03-22,27.709999084472656,27.389999389648438,27.670000076293945,27.43000030517578,3059600.0,26.065956115722656
2019-03-25,27.530000686645508,27.290000915527344,27.43000030517578,27.420000076293945,3680400.0,26.056453704833984
2019-03-26,27.719999313354492,27.520000457763672,27.520000457763672,27.6200008392334,1607100.0,26.246509552001953
2019-03-27,27.6299991607666,27.389999389648438,27.6200008392334,27.510000228881836,7196300.0,26.141979217529297
2019-03-28,27.639999389648438,27.450000762939453,27.459999084472656,27.579999923706055,1930100.0,26.208498001098633
2019-03-29,27.84000015258789,27.579999923706055,27.760000228881836,27.639999389648438,2722900.0,26.265512466430664
2019-04-01,28.0,27.770000457763672,27.84000015258789,28.0,2499200.0,26.607614517211914
2019-04-02,28.020000457763672,27.84000015258789,27.989999771118164,28.0,2207800.0,26.607614517211914
2019-04-03,28.200000762939453,27.969999313354492,28.100000381469727,28.030000686645508,2861000.0,26.636117935180664
2019-04-04,28.06999969482422,27.940000534057617,27.969999313354492,28.049999237060547,1850900.0,26.655126571655273
2019-04-05,28.15999984741211,27.93000030517578,28.049999237060547,28.149999618530273,3101200.0,26.750150680541992
2019-04-08,28.360000610351562,28.149999618530273,28.190000534057617,28.360000610351562,4805000.0,26.949708938598633
2019-04-09,28.25,28.100000381469727,28.25,28.190000534057617,2034300.0,26.788164138793945
2019-04-10,28.329999923706055,28.149999618530273,28.149999618530273,28.309999465942383,2974100.0,26.90219497680664
2019-04-11,28.34000015258789,28.149999618530273,28.18000030517578,28.260000228881836,2505000.0,26.85468101501465
2019-04-12,28.5,28.3799991607666,28.450000762939453,28.489999771118164,1542500.0,27.0732421875
2019-04-15,28.530000686645508,28.399999618530273,28.450000762939453,28.489999771118164,2843700.0,27.0732421875
2019-04-16,28.579999923706055,28.459999084472656,28.5,28.520000457763672,1391700.0,27.10175323486328
2019-04-17,28.709999084472656,28.559999465942383,28.700000762939453,28.639999389648438,2347800.0,27.215784072875977
2019-04-18,28.68000030517578,28.559999465942383,28.56999969482422,28.65999984741211,1251800.0,27.234790802001953
2019-04-22,28.729999542236328,28.6200008392334,28.670000076293945,28.65999984741211,1013000.0,27.234790802001953
2019-04-23,28.68000030517578,28.56999969482422,28.579999923706055,28.65999984741211,1366600.0,27.234790802001953
2019-04-24,28.610000610351562,28.3700008392334,28.579999923706055,28.3799991607666,2806100.0,26.96871566772461
2019-04-25,28.40999984741211,28.229999542236328,28.350000381469727,28.350000381469727,1635000.0,26.940208435058594
2019-04-26,28.489999771118164,28.290000915527344,28.40999984741211,28.459999084472656,2569000.0,27.044736862182617
2019-04-29,28.579999923706055,28.40999984741211,28.440000534057617,28.520000457763672,1946900.0,27.10175323486328
2019-04-30,28.6299991607666,28.399999618530273,28.469999313354492,28.549999237060547,2344700.0,27.130260467529297
2019-05-01,28.6200008392334,28.329999923706055,28.56999969482422,28.350000381469727,2114500.0,26.940208435058594
2019-05-02,28.34000015258789,28.139999389648438,28.309999465942383,28.170000076293945,2017900.0,26.76915740966797
2019-05-03,28.420000076293945,28.299999237060547,28.360000610351562,28.3799991607666,1661500.0,26.96871566772461
2019-05-06,28.3700008392334,27.950000762939453,27.969999313354492,28.34000015258789,1772500.0,26.93070411682129
2019-05-07,28.1299991607666,27.93000030517578,28.06999969482422,28.030000686645508,4531500.0,26.636117935180664
2019-05-08,28.219999313354492,28.0,28.0,28.06999969482422,2746900.0,26.674131393432617
2019-05-09,28.059999465942383,27.799999237060547,27.93000030517578,28.0,4009700.0,26.607614517211914
2019-05-10,28.1200008392334,27.670000076293945,27.959999084472656,27.979999542236328,2272100.0,26.588605880737305
2019-05-13,27.75,27.549999237060547,27.610000610351562,27.6299991607666,2306300.0,26.256010055541992
2019-05-14,27.940000534057617,27.68000030517578,27.709999084472656,27.860000610351562,2482700.0,26.47457504272461
2019-05-15,28.030000686645508,27.700000762939453,27.719999313354492,27.950000762939453,2053900.0,26.560100555419922
2019-05-16,28.239999771118164,28.049999237060547,28.049999237060547,28.149999618530273,5040300.0,26.750150680541992
2019-05-17,28.170000076293945,27.8799991607666,27.889999389648438,28.079999923706055,2635200.0,26.683631896972656
2019-05-20,28.110000610351562,27.950000762939453,27.969999313354492,27.989999771118164,2376800.0,26.598108291625977
2019-05-21,28.25,28.059999465942383,28.110000610351562,28.25,1616500.0,26.84518051147461
2019-05-22,28.149999618530273,27.969999313354492,28.110000610351562,28.020000457763672,3258900.0,26.626617431640625
2019-05-23,27.760000228881836,27.469999313354492,27.760000228881836,27.6200008392334,2184800.0,26.246509552001953
2019-05-24,27.8700008392334,27.670000076293945,27.790000915527344,27.829999923706055,1075700.0,26.446063995361328
2019-05-28,27.989999771118164,27.760000228881836,27.950000762939453,27.780000686645508,1540200.0,26.398550033569336
2019-05-29,27.68000030517578,27.40999984741211,27.639999389648438,27.520000457763672,2437100.0,26.1514835357666
2019-05-30,27.6200008392334,27.389999389648438,27.579999923706055,27.440000534057617,984300.0,26.07546043395996
2019-05-31,27.350000381469727,27.149999618530273,27.200000762939453,27.329999923706055,1835700.0,25.970930099487305
2019-06-03,27.579999923706055,27.299999237060547,27.3700008392334,27.399999618530273,2587600.0,26.037446975708008
2019-06-04,27.809999465942383,27.479999542236328,27.59000015258789,27.799999237060547,3277100.0,26.41755485534668
2019-06-05,27.950000762939453,27.729999542236328,27.90999984741211,27.829999923706055,986000.0,26.446063995361328
2019-06-06,28.020000457763672,27.850000381469727,27.940000534057617,28.0,1649800.0,26.607614517211914
2019-06-07,28.25,28.1299991607666,28.1299991607666,28.149999618530273,1372600.0,26.750150680541992
2019-06-10,28.280000686645508,28.149999618530273,28.270000457763672,28.200000762939453,2690600.0,26.797666549682617
2019-06-11,28.3700008392334,28.139999389648438,28.31999969482422,28.200000762939453,1946900.0,26.797666549682617
2019-06-12,28.170000076293945,28.0,28.149999618530273,28.0,2795400.0,26.607614517211914
2019-06-13,28.170000076293945,28.040000915527344,28.15999984741211,28.100000381469727,2603500.0,26.702640533447266
2019-06-14,28.09000015258789,27.899999618530273,28.049999237060547,28.020000457763672,2277700.0,26.626617431640625
2019-06-17,27.920000076293945,27.65999984741211,27.780000686645508,27.850000381469727,1177200.0,26.706209182739258
2019-06-18,28.270000457763672,28.030000686645508,28.079999923706055,28.239999771118164,7809700.0,27.080190658569336
2019-06-19,28.450000762939453,28.25,28.260000228881836,28.450000762939453,2990200.0,27.281566619873047
2019-06-20,28.829999923706055,28.65999984741211,28.729999542236328,28.770000457763672,2556200.0,27.588424682617188
2019-06-21,28.690000534057617,28.579999923706055,28.670000076293945,28.59000015258789,2768200.0,27.415817260742188
2019-06-24,28.690000534057617,28.579999923706055,28.649999618530273,28.649999618530273,817200.0,27.473350524902344
2019-06-25,28.709999084472656,28.40999984741211,28.709999084472656,28.440000534057617,1399100.0,27.2719783782959
2019-06-26,28.540000915527344,28.389999389648438,28.40999984741211,28.469999313354492,1730100.0,27.300745010375977
2019-06-27,28.510000228881836,28.399999618530273,28.469999313354492,28.479999542236328,1222300.0,27.310333251953125
2019-06-28,28.649999618530273,28.520000457763672,28.56999969482422,28.6200008392334,2366600.0,27.4445858001709
2019-07-01,28.979999542236328,28.6200008392334,28.889999389648438,28.690000534057617,2473200.0,27.51171112060547
2019-07-02,28.770000457763672,28.610000610351562,28.739999771118164,28.75,2091700.0,27.569244384765625
2019-07-03,29.020000457763672,28.8700008392334,28.899999618530273,29.0,1446900.0,27.808977127075195
2019-07-05,28.979999542236328,28.729999542236328,28.889999389648438,28.959999084472656,1185600.0,27.770620346069336
2019-07-08,28.899999618530273,28.790000915527344,28.8700008392334,28.799999237060547,1119900.0,27.617191314697266
2019-07-09,28.90999984741211,28.649999618530273,28.709999084472656,28.889999389648438,3192100.0,27.703495025634766
2019-07-10,29.170000076293945,28.940000534057617,29.059999465942383,28.969999313354492,2153900.0,27.780210494995117
2019-07-11,29.040000915527344,28.93000030517578,29.020000457763672,28.989999771118164,1094800.0,27.799388885498047
2019-07-12,29.06999969482422,28.950000762939453,29.06999969482422,28.989999771118164,836400.0,27.799388885498047
2019-07-15,29.040000915527344,28.90999984741211,29.040000915527344,28.979999542236328,873100.0,27.789796829223633
2019-07-16,29.049999237060547,28.860000610351562,28.979999542236328,28.90999984741211,1123100.0,27.722673416137695
2019-07-17,28.979999542236328,28.850000381469727,28.920000076293945,28.8700008392334,817200.0,27.684316635131836
2019-07-18,28.969999313354492,28.75,28.799999237060547,28.969999313354492,1132200.0,27.780210494995117
2019-07-19,28.989999771118164,28.829999923706055,28.90999984741211,28.829999923706055,917300.0,27.64596176147461
2019-07-22,28.889999389648438,28.770000457763672,28.8799991607666,28.829999923706055,1202100.0,27.64596176147461
2019-07-23,28.8799991607666,28.770000457763672,28.8799991607666,28.829999923706055,929100.0,27.64596176147461
2019-07-24,28.93000030517578,28.799999237060547,28.829999923706055,28.920000076293945,1330200.0,27.73226547241211
2019-07-25,28.969999313354492,28.579999923706055,28.969999313354492,28.639999389648438,2132300.0,27.463762283325195
2019-07-26,28.75,28.639999389648438,28.649999618530273,28.700000762939453,1269000.0,27.521297454833984
2019-07-29,28.770000457763672,28.6200008392334,28.75,28.649999618530273,1593300.0,27.473350524902344
2019-07-30,28.6200008392334,28.440000534057617,28.479999542236328,28.579999923706055,1914100.0,27.406227111816406
2019-07-31,28.649999618530273,28.170000076293945,28.649999618530273,28.389999389648438,2830300.0,27.224029541015625
2019-08-01,28.59000015258789,28.209999084472656,28.350000381469727,28.239999771118164,3096200.0,27.080190658569336
2019-08-02,28.229999542236328,27.889999389648438,28.15999984741211,28.059999465942383,2566400.0,26.907581329345703
2019-08-05,27.760000228881836,27.420000076293945,27.760000228881836,27.540000915527344,3737800.0,26.408939361572266
2019-08-06,27.81999969482422,27.40999984741211,27.459999084472656,27.639999389648438,4227200.0,26.504831314086914
2019-08-07,27.899999618530273,27.360000610351562,27.440000534057617,27.829999923706055,6006700.0,26.687028884887695
2019-08-08,28.239999771118164,27.8799991607666,27.899999618530273,28.209999084472656,1975400.0,27.051424026489258
2019-08-09,28.290000915527344,28.040000915527344,28.15999984741211,28.170000076293945,1665400.0,27.013065338134766
2019-08-12,28.110000610351562,27.84000015258789,28.030000686645508,27.90999984741211,1481200.0,26.76374626159668
2019-08-13,28.219999313354492,27.780000686645508,27.84000015258789,28.170000076293945,2945600.0,27.013065338134766
2019-08-14,27.81999969482422,27.3700008392334,27.690000534057617,27.420000076293945,4205700.0,26.293869018554688
2019-08-15,27.450000762939453,27.219999313354492,27.329999923706055,27.360000610351562,2545100.0,26.23633575439453
2019-08-16,27.719999313354492,27.450000762939453,27.489999771118164,27.719999313354492,1446900.0,26.581546783447266
2019-08-19,27.93000030517578,27.829999923706055,27.8799991607666,27.889999389648438,1336600.0,26.744565963745117
2019-08-20,27.809999465942383,27.649999618530273,27.809999465942383,27.700000762939453,2088800.0,26.56237030029297
2019-08-21,27.979999542236328,27.850000381469727,27.940000534057617,27.959999084472656,2033500.0,26.811687469482422
2019-08-22,28.010000228881836,27.799999237060547,27.979999542236328,27.850000381469727,2094500.0,26.706209182739258
2019-08-23,27.969999313354492,27.389999389648438,27.719999313354492,27.420000076293945,3261100.0,26.293869018554688
2019-08-26,27.709999084472656,27.559999465942383,27.610000610351562,27.68000030517578,2266700.0,26.543190002441406
2019-08-27,27.84000015258789,27.6299991607666,27.770000457763672,27.700000762939453,2584300.0,26.56237030029297
2019-08-28,27.8799991607666,27.65999984741211,27.670000076293945,27.860000610351562,1791400.0,26.71579933166504
2019-08-29,28.15999984741211,27.989999771118164,28.0,28.139999389648438,1997100.0,26.984298706054688
2019-08-30,28.270000457763672,28.059999465942383,28.25,28.190000534057617,2160700.0,27.032245635986328
2019-09-03,28.049999237060547,27.90999984741211,27.950000762939453,27.989999771118164,2870400.0,26.840457916259766
2019-09-04,28.360000610351562,28.149999618530273,28.190000534057617,28.309999465942383,2064200.0,27.147315979003906
2019-09-05,28.65999984741211,28.489999771118164,28.5,28.600000381469727,2049100.0,27.42540740966797
2019-09-06,28.719999313354492,28.59000015258789,28.649999618530273,28.6299991607666,1023400.0,27.454172134399414
2019-09-09,28.75,28.579999923706055,28.75,28.639999389648438,2075900.0,27.463762283325195
2019-09-10,28.790000915527344,28.559999465942383,28.559999465942383,28.760000228881836,1073100.0,27.578834533691406
2019-09-11,28.84000015258789,28.75,28.780000686645508,28.81999969482422,1010100.0,27.636369705200195
2019-09-12,28.959999084472656,28.760000228881836,28.809999465942383,28.829999923706055,1514000.0,27.64596176147461
2019-09-13,29.0,28.81999969482422,28.899999618530273,28.84000015258789,1871600.0,27.655548095703125
2019-09-16,29.040000915527344,28.860000610351562,28.950000762939453,28.979999542236328,2256400.0,27.789796829223633
2019-09-17,29.200000762939453,28.8700008392334,28.940000534057617,29.1299991607666,1365100.0,27.933637619018555
2019-09-18,29.149999618530273,28.84000015258789,29.100000381469727,29.030000686645508,1813200.0,27.837745666503906
2019-09-19,29.309999465942383,29.09000015258789,29.100000381469727,29.15999984741211,1508000.0,27.962406158447266
2019-09-20,29.299999237060547,29.1200008392334,29.18000030517578,29.15999984741211,1379200.0,27.962406158447266
2019-09-23,29.15999984741211,29.059999465942383,29.1299991607666,29.149999618530273,1404200.0,27.952817916870117
2019-09-24,29.239999771118164,28.969999313354492,29.149999618530273,29.040000915527344,1644000.0,27.84733772277832
2019-09-25,29.030000686645508,28.809999465942383,28.969999313354492,29.010000228881836,1131100.0,27.818565368652344
2019-09-26,29.040000915527344,28.899999618530273,29.040000915527344,28.959999084472656,1661700.0,27.770620346069336
2019-09-27,29.06999969482422,28.84000015258789,28.989999771118164,28.8799991607666,1788800.0,27.693906784057617
2019-09-30,29.020000457763672,28.889999389648438,28.950000762939453,28.899999618530273,1661600.0,27.713085174560547
2019-10-01,28.920000076293945,28.479999542236328,28.850000381469727,28.530000686645508,6623900.0,27.3582820892334
2019-10-02,28.469999313354492,27.889999389648438,28.420000076293945,28.079999923706055,7773600.0,26.926761627197266
2019-10-03,28.110000610351562,27.760000228881836,28.0,28.079999923706055,2968500.0,26.926761627197266
2019-10-04,28.290000915527344,28.100000381469727,28.229999542236328,28.290000915527344,1610400.0,27.128137588500977
2019-10-07,28.34000015258789,28.200000762939453,28.270000457763672,28.219999313354492,2846400.0,27.061012268066406
2019-10-08,28.1200008392334,27.889999389648438,28.1200008392334,27.959999084472656,2678900.0,26.811687469482422
2019-10-09,28.18000030517578,27.989999771118164,28.06999969482422,28.139999389648438,1794500.0,26.984298706054688
2019-10-10,28.350000381469727,28.1299991607666,28.1299991607666,28.309999465942383,1608200.0,27.147315979003906
2019-10-11,28.729999542236328,28.520000457763672,28.600000381469727,28.549999237060547,2577800.0,27.377458572387695
2019-10-14,28.56999969482422,28.399999618530273,28.450000762939453,28.459999084472656,1349100.0,27.291156768798828
2019-10-15,28.729999542236328,28.5,28.510000228881836,28.559999465942383,1263600.0,27.387046813964844
2019-10-16,28.6200008392334,28.5,28.530000686645508,28.56999969482422,1979200.0,27.396638870239258
2019-10-17,28.760000228881836,28.639999389648438,28.700000762939453,28.690000534057617,1313600.0,27.51171112060547
2019-10-18,28.739999771118164,28.56999969482422,28.600000381469727,28.59000015258789,979200.0,27.415817260742188
2019-10-21,28.84000015258789,28.690000534057617,28.690000534057617,28.799999237060547,1407000.0,27.617191314697266
2019-10-22,28.899999618530273,28.729999542236328,28.850000381469727,28.770000457763672,1534600.0,27.588424682617188
2019-10-23,28.75,28.670000076293945,28.68000030517578,28.75,1584200.0,27.569244384765625
2019-10-24,28.8700008392334,28.690000534057617,28.84000015258789,28.809999465942383,3244500.0,27.626781463623047
2019-10-25,28.920000076293945,28.760000228881836,28.780000686645508,28.90999984741211,1101400.0,27.722673416137695
2019-10-28,28.989999771118164,28.889999389648438,28.93000030517578,28.899999618530273,2104000.0,27.713085174560547
2019-10-29,28.90999984741211,28.739999771118164,28.760000228881836,28.850000381469727,1183600.0,27.66514015197754
2019-10-30,28.860000610351562,28.639999389648438,28.84000015258789,28.829999923706055,1844900.0,27.64596176147461
2019-10-31,28.809999465942383,28.6200008392334,28.790000915527344,28.780000686645508,1604700.0,27.59801483154297
2019-11-01,29.049999237060547,28.860000610351562,28.860000610351562,29.030000686645508,1381400.0,27.837745666503906
2019-11-04,29.239999771118164,29.1299991607666,29.149999618530273,29.239999771118164,1694900.0,28.039121627807617
2019-11-05,29.309999465942383,29.15999984741211,29.209999084472656,29.229999542236328,2439100.0,28.029531478881836
2019-11-06,29.31999969482422,29.149999618530273,29.200000762939453,29.299999237060547,1309300.0,28.096656799316406
2019-11-07,29.489999771118164,29.3799991607666,29.3799991607666,29.440000534057617,1502200.0,28.230907440185547
2019-11-08,29.459999084472656,29.280000686645508,29.280000686645508,29.459999084472656,922400.0,28.250083923339844
2019-11-11,29.479999542236328,29.31999969482422,29.360000610351562,29.440000534057617,921100.0,28.230907440185547
2019-11-12,29.540000915527344,29.43000030517578,29.440000534057617,29.459999084472656,1322800.0,28.250083923339844
2019-11-13,29.59000015258789,29.34000015258789,29.40999984741211,29.549999237060547,1675400.0,28.336387634277344
2019-11-14,29.549999237060547,29.459999084472656,29.489999771118164,29.549999237060547,5270600.0,28.336387634277344
2019-11-15,29.729999542236328,29.59000015258789,29.600000381469727,29.729999542236328,1570900.0,28.50899887084961
2019-11-18,29.760000228881836,29.6299991607666,29.68000030517578,29.760000228881836,1468400.0,28.537765502929688
2019-11-19,29.770000457763672,29.549999237060547,29.739999771118164,29.59000015258789,1478000.0,28.374746322631836
2019-11-20,29.530000686645508,29.329999923706055,29.489999771118164,29.469999313354492,1386500.0,28.259674072265625
2019-11-21,29.530000686645508,29.389999389648438,29.520000457763672,29.530000686645508,1056000.0,28.317209243774414
2019-11-22,29.549999237060547,29.360000610351562,29.549999237060547,29.420000076293945,816300.0,28.211729049682617
2019-11-25,29.559999465942383,29.389999389648438,29.40999984741211,29.559999465942383,1712700.0,28.345977783203125
2019-11-26,29.6200008392334,29.440000534057617,29.530000686645508,29.6200008392334,1191700.0,28.403514862060547
2019-11-27,29.700000762939453,29.56999969482422,29.6200008392334,29.65999984741211,1439800.0,28.44187355041504
2019-11-29,29.670000076293945,29.579999923706055,29.6200008392334,29.6299991607666,495900.0,28.413105010986328
2019-12-02,29.59000015258789,29.34000015258789,29.59000015258789,29.440000534057617,2051100.0,28.230907440185547
2019-12-03,29.270000457763672,29.1299991607666,29.200000762939453,29.219999313354492,1314700.0,28.019941329956055
2019-12-04,29.489999771118164,29.290000915527344,29.290000915527344,29.43000030517578,5845700.0,28.2213191986084
2019-12-05,29.540000915527344,29.299999237060547,29.540000915527344,29.399999618530273,2328200.0,28.192550659179688
2019-12-06,29.540000915527344,29.34000015258789,29.34000015258789,29.479999542236328,1932100.0,28.269262313842773
2019-12-09,29.56999969482422,29.43000030517578,29.469999313354492,29.479999542236328,1374300.0,28.269262313842773
2019-12-10,29.520000457763672,29.3700008392334,29.459999084472656,29.479999542236328,920800.0,28.269262313842773
2019-12-11,29.610000610351562,29.510000228881836,29.520000457763672,29.59000015258789,4690500.0,28.374746322631836
2019-12-12,29.770000457763672,29.549999237060547,29.549999237060547,29.639999389648438,2443700.0,28.422691345214844
2019-12-13,29.799999237060547,29.610000610351562,29.670000076293945,29.68000030517578,1545100.0,28.46105194091797
2019-12-16,29.59000015258789,29.489999771118164,29.549999237060547,29.510000228881836,1211500.0,28.678739547729492
2019-12-17,29.559999465942383,29.43000030517578,29.479999542236328,29.549999237060547,2119100.0,28.71761131286621
2019-12-18,29.59000015258789,29.5,29.56999969482422,29.540000915527344,1861000.0,28.707897186279297
2019-12-19,29.610000610351562,29.510000228881836,29.559999465942383,29.56999969482422,1489100.0,28.737051010131836
2019-12-20,29.739999771118164,29.579999923706055,29.649999618530273,29.6299991607666,1193300.0,28.795360565185547
2019-12-23,29.670000076293945,29.549999237060547,29.649999618530273,29.6299991607666,1071400.0,28.795360565185547
2019-12-24,29.68000030517578,29.530000686645508,29.6299991607666,29.65999984741211,395000.0,28.82451629638672
2019-12-26,29.850000381469727,29.6299991607666,29.729999542236328,29.81999969482422,1385800.0,28.980009078979492
2019-12-27,29.90999984741211,29.780000686645508,29.899999618530273,29.809999465942383,2281600.0,28.97028923034668
2019-12-30,29.860000610351562,29.68000030517578,29.860000610351562,29.709999084472656,2455300.0,28.873104095458984
2019-12-31,29.899999618530273,29.739999771118164,29.760000228881836,29.889999389648438,1620800.0,29.048036575317383
2020-01-02,29.989999771118164,29.829999923706055,29.950000762939453,29.979999542236328,1938400.0,29.135499954223633
2020-01-03,29.940000534057617,29.770000457763672,29.850000381469727,29.829999923706055,1851900.0,28.98972511291504
2020-01-06,30.010000228881836,29.799999237060547,29.81999969482422,29.979999542236328,1292300.0,29.135499954223633
2020-01-07,30.020000457763672,29.899999618530273,29.940000534057617,30.010000228881836,1405200.0,29.164655685424805
2020-01-08,30.1200008392334,29.979999542236328,30.020000457763672,29.979999542236328,7194400.0,29.135499954223633
2020-01-09,30.06999969482422,29.969999313354492,30.020000457763672,30.030000686645508,1802300.0,29.184093475341797
2020-01-10,30.1200008392334,30.0,30.1200008392334,30.010000228881836,4884200.0,29.164655685424805
2020-01-13,30.170000076293945,30.0,30.06999969482422,30.170000076293945,1726100.0,29.320146560668945
2020-01-14,30.25,30.09000015258789,30.1200008392334,30.190000534057617,2362900.0,29.33958625793457
2020-01-15,30.3799991607666,30.209999084472656,30.239999771118164,30.350000381469727,2076500.0,29.495079040527344
2020-01-16,30.510000228881836,30.40999984741211,30.440000534057617,30.510000228881836,1457400.0,29.650571823120117
2020-01-17,30.59000015258789,30.5,30.559999465942383,30.579999923706055,2505700.0,29.71860122680664
2020-01-21,30.6200008392334,30.510000228881836,30.59000015258789,30.59000015258789,2939600.0,29.728317260742188
2020-01-22,30.649999618530273,30.43000030517578,30.639999389648438,30.43000030517578,2270500.0,29.572824478149414
2020-01-23,30.549999237060547,30.290000915527344,30.31999969482422,30.549999237060547,4985400.0,29.689443588256836
2020-01-24,30.559999465942383,30.280000686645508,30.549999237060547,30.40999984741211,1668000.0,29.553388595581055
2020-01-27,30.139999389648438,29.90999984741211,29.959999084472656,30.030000686645508,2523900.0,29.184093475341797
2020-01-28,30.260000228881836,30.049999237060547,30.110000610351562,30.260000228881836,2195800.0,29.40761375427246
2020-01-29,30.270000457763672,30.100000381469727,30.239999771118164,30.100000381469727,2050900.0,29.252120971679688
2020-01-30,30.15999984741211,29.8700008392334,29.950000762939453,30.149999618530273,2072600.0,29.30071258544922
2020-01-31,29.969999313354492,29.610000610351562,29.969999313354492,29.670000076293945,5866600.0,28.834232330322266
2020-02-03,29.899999618530273,29.6200008392334,29.770000457763672,29.6200008392334,2711100.0,28.785640716552734
2020-02-04,30.059999465942383,29.940000534057617,29.940000534057617,30.010000228881836,1982600.0,29.164655685424805
2020-02-05,30.229999542236328,30.100000381469727,30.15999984741211,30.229999542236328,3007400.0,29.37845802307129
2020-02-06,30.3700008392334,30.190000534057617,30.25,30.3700008392334,1515500.0,29.514516830444336
2020-02-07,30.239999771118164,30.1200008392334,30.219999313354492,30.1299991607666,1944100.0,29.281274795532227
2020-02-10,30.270000457763672,30.100000381469727,30.100000381469727,30.229999542236328,1992000.0,29.37845802307129
2020-02-11,30.489999771118164,30.360000610351562,30.40999984741211,30.43000030517578,2642700.0,29.572824478149414
2020-02-12,30.65999984741211,30.540000915527344,30.65999984741211,30.610000610351562,1690200.0,29.74775505065918
2020-02-13,30.600000381469727,30.459999084472656,30.469999313354492,30.5,1625600.0,29.640851974487305
2020-02-14,30.610000610351562,30.530000686645508,30.56999969482422,30.610000610351562,1325500.0,29.74775505065918
2020-02-18,30.59000015258789,30.469999313354492,30.540000915527344,30.520000457763672,1288100.0,29.660289764404297
2020-02-19,30.780000686645508,30.600000381469727,30.68000030517578,30.780000686645508,1508500.0,29.912965774536133
2020-02-20,30.809999465942383,30.549999237060547,30.700000762939453,30.739999771118164,1654100.0,29.87409210205078
2020-02-21,30.739999771118164,30.59000015258789,30.709999084472656,30.6299991607666,2109100.0,29.767189025878906
2020-02-24,30.06999969482422,29.799999237060547,29.899999618530273,29.920000076293945,3733700.0,29.077190399169922
2020-02-25,30.06999969482422,29.25,30.0,29.290000915527344,6119300.0,28.46493911743164
2020-02-26,29.56999969482422,29.0,29.420000076293945,29.0,4932000.0,28.18310546875
2020-02-27,28.56999969482422,27.950000762939453,28.530000686645508,27.959999084472656,8295400.0,27.172399520874023
2020-02-28,27.68000030517578,26.84000015258789,27.260000228881836,27.59000015258789,9644000.0,26.812824249267578
2020-03-02,28.209999084472656,27.420000076293945,27.559999465942383,28.170000076293945,9834700.0,27.37648582458496
2020-03-03,28.559999465942383,27.760000228881836,28.290000915527344,27.829999923706055,10885400.0,27.046062469482422
2020-03-04,28.3799991607666,27.969999313354492,28.270000457763672,28.34000015258789,5201300.0,27.541698455810547
2020-03-05,28.190000534057617,27.75,27.8799991607666,27.899999618530273,3514100.0,27.114089965820312
2020-03-06,27.420000076293945,26.989999771118164,27.40999984741211,27.299999237060547,4701100.0,26.53099250793457
2020-03-09,25.420000076293945,23.860000610351562,24.81999969482422,23.90999984741211,4105000.0,23.23648452758789
2020-03-10,24.829999923706055,23.6200008392334,24.68000030517578,24.5,5217800.0,23.809865951538086
2020-03-11,24.1299991607666,23.25,23.989999771118164,23.420000076293945,5605000.0,22.76028823852539
2020-03-12,21.969999313354492,20.229999542236328,21.969999313354492,20.299999237060547,7006900.0,19.728172302246094
2020-03-13,22.520000457763672,20.510000228881836,21.520000457763672,22.5,6033800.0,21.86620330810547
2020-03-16,20.979999542236328,19.209999084472656,19.8700008392334,19.940000534057617,3277400.0,19.37831687927246
2020-03-17,21.030000686645508,19.559999465942383,20.149999618530273,19.559999465942383,6730700.0,19.009017944335938
2020-03-18,19.639999389648438,17.690000534057617,18.6200008392334,18.6200008392334,8389200.0,18.095497131347656
2020-03-19,19.260000228881836,17.899999618530273,18.440000534057617,19.010000228881836,6180400.0,18.474512100219727
2020-03-20,20.280000686645508,18.649999618530273,19.579999923706055,18.760000228881836,4144900.0,18.23155403137207
2020-03-23,18.829999923706055,17.59000015258789,18.719999313354492,17.649999618530273,4390500.0,17.152820587158203
2020-03-24,20.0,18.65999984741211,18.860000610351562,19.920000076293945,5409900.0,19.35887908935547
2020-03-25,22.1299991607666,19.979999542236328,20.15999984741211,21.079999923706055,6552100.0,20.486202239990234
2020-03-26,22.200000762939453,21.209999084472656,21.280000686645508,21.780000686645508,4392700.0,21.166486740112305
2020-03-27,21.299999237060547,20.530000686645508,21.049999237060547,20.65999984741211,2906400.0,20.078033447265625
2020-03-30,21.209999084472656,20.229999542236328,20.549999237060547,21.209999084472656,3678000.0,20.61254119873047
2020-03-31,22.059999465942383,21.049999237060547,21.170000076293945,21.850000381469727,2981300.0,21.234514236450195
2020-04-01,21.280000686645508,20.68000030517578,21.079999923706055,20.790000915527344,3959400.0,20.20437240600586
2020-04-02,21.670000076293945,20.770000457763672,20.920000076293945,21.170000076293945,2640400.0,20.573667526245117
2020-04-03,21.389999389648438,20.780000686645508,21.270000457763672,21.010000228881836,2844400.0,20.41817283630371
2020-04-06,22.18000030517578,21.530000686645508,21.600000381469727,22.100000381469727,3589600.0,21.47747039794922
2020-04-07,23.15999984741211,22.219999313354492,23.040000915527344,22.260000228881836,4789400.0,21.632963180541992
2020-04-08,22.829999923706055,22.18000030517578,22.530000686645508,22.739999771118164,2089800.0,22.099441528320312
2020-04-09,23.469999313354492,22.809999465942383,23.100000381469727,23.139999389648438,2138600.0,22.488174438476562
2020-04-13,23.290000915527344,22.739999771118164,23.239999771118164,23.200000762939453,2247000.0,22.546485900878906
2020-04-14,23.739999771118164,23.15999984741211,23.489999771118164,23.420000076293945,3656700.0,22.76028823852539
2020-04-15,22.850000381469727,22.489999771118164,22.709999084472656,22.600000381469727,2941000.0,21.9633846282959
2020-04-16,22.81999969482422,22.360000610351562,22.790000915527344,22.440000534057617,2315900.0,21.807893753051758
2020-04-17,23.440000534057617,22.850000381469727,22.850000381469727,23.3799991607666,2141500.0,22.721412658691406
2020-04-20,23.610000610351562,22.809999465942383,22.8799991607666,23.239999771118164,3006800.0,22.585355758666992
2020-04-21,23.079999923706055,22.389999389648438,22.68000030517578,22.489999771118164,2607900.0,21.85648536682129
2020-04-22,23.09000015258789,22.549999237060547,22.940000534057617,23.020000457763672,2014000.0,22.37155532836914
2020-04-23,23.489999771118164,23.100000381469727,23.239999771118164,23.110000610351562,1727300.0,22.459020614624023
2020-04-24,23.43000030517578,23.079999923706055,23.299999237060547,23.40999984741211,1368000.0,22.75057029724121
2020-04-27,23.84000015258789,23.389999389648438,23.579999923706055,23.799999237060547,2742700.0,23.129581451416016
2020-04-28,24.290000915527344,23.920000076293945,24.170000076293945,24.1200008392334,2359700.0,23.440570831298828
2020-04-29,25.170000076293945,24.639999389648438,24.729999542236328,25.110000610351562,2306300.0,24.402681350708008
2020-04-30,24.90999984741211,24.239999771118164,24.860000610351562,24.280000686645508,2457000.0,23.59606170654297
2020-05-01,23.829999923706055,23.56999969482422,23.729999542236328,23.739999771118164,2577500.0,23.07127571105957
2020-05-04,23.979999542236328,23.530000686645508,23.709999084472656,23.959999084472656,2336700.0,23.285076141357422
2020-05-05,24.40999984741211,24.030000686645508,24.239999771118164,24.1299991607666,1597500.0,23.450286865234375
2020-05-06,24.219999313354492,23.8700008392334,24.209999084472656,23.940000534057617,2051100.0,23.265640258789062
2020-05-07,24.469999313354492,24.139999389648438,24.34000015258789,24.139999389648438,1718000.0,23.460004806518555
2020-05-08,24.639999389648438,24.350000381469727,24.479999542236328,24.559999465942383,1597300.0,23.868173599243164
2020-05-11,24.68000030517578,24.219999313354492,24.299999237060547,24.639999389648438,1946200.0,23.9459228515625
2020-05-12,24.81999969482422,24.149999618530273,24.68000030517578,24.149999618530273,2901000.0,23.469724655151367
2020-05-13,24.299999237060547,23.3700008392334,24.229999542236328,23.530000686645508,3236500.0,22.867191314697266
2020-05-14,23.690000534057617,22.969999313354492,23.290000915527344,23.649999618530273,4841300.0,22.983810424804688
2020-05-15,23.84000015258789,23.469999313354492,23.56999969482422,23.729999542236328,2392900.0,23.061553955078125
2020-05-18,24.700000762939453,24.299999237060547,24.299999237060547,24.610000610351562,3515600.0,23.916767120361328
2020-05-19,24.670000076293945,24.350000381469727,24.65999984741211,24.399999618530273,3526100.0,23.71268081665039
2020-05-20,24.809999465942383,24.59000015258789,24.719999313354492,24.68000030517578,2176500.0,23.98479461669922
2020-05-21,24.700000762939453,24.200000762939453,24.68000030517578,24.389999389648438,1684900.0,23.702964782714844
2020-05-22,24.40999984741211,24.1299991607666,24.329999923706055,24.389999389648438,1873800.0,23.702964782714844
2020-05-26,25.229999542236328,24.989999771118164,25.040000915527344,25.18000030517578,3074500.0,24.4707088470459
2020-05-27,25.459999084472656,24.799999237060547,25.309999465942383,25.43000030517578,2921600.0,24.713668823242188
2020-05-28,25.65999984741211,25.329999923706055,25.649999618530273,25.3799991607666,2362900.0,24.665077209472656
2020-05-29,25.360000610351562,24.920000076293945,25.360000610351562,25.139999389648438,3296500.0,24.43183708190918
2020-06-01,25.729999542236328,25.25,25.290000915527344,25.649999618530273,2043300.0,24.927471160888672
2020-06-02,26.110000610351562,25.809999465942383,25.860000610351562,26.110000610351562,4463500.0,25.374515533447266
2020-06-03,26.549999237060547,26.229999542236328,26.299999237060547,26.43000030517578,1710600.0,25.68549919128418
2020-06-04,26.510000228881836,26.219999313354492,26.31999969482422,26.299999237060547,1655800.0,25.559162139892578
2020-06-05,27.09000015258789,26.799999237060547,26.829999923706055,26.940000534057617,3472500.0,26.181135177612305
2020-06-08,27.299999237060547,26.989999771118164,27.209999084472656,27.280000686645508,1813000.0,26.51155662536621
2020-06-09,27.139999389648438,26.770000457763672,26.799999237060547,27.010000228881836,2091300.0,26.249162673950195
2020-06-10,27.139999389648438,26.639999389648438,27.079999923706055,26.780000686645508,2528000.0,26.02564239501953
2020-06-11,26.110000610351562,25.190000534057617,26.06999969482422,25.239999771118164,5126700.0,24.529020309448242
2020-06-12,26.079999923706055,25.350000381469727,25.969999313354492,25.68000030517578,4403200.0,24.956626892089844
2020-06-15,25.829999923706055,24.799999237060547,24.940000534057617,25.649999618530273,3389700.0,25.180452346801758
2020-06-16,26.329999923706055,25.690000534057617,26.329999923706055,25.959999084472656,4445300.0,25.48477554321289
2020-06-17,26.110000610351562,25.719999313354492,26.110000610351562,25.770000457763672,1695300.0,25.298255920410156
2020-06-18,25.90999984741211,25.59000015258789,25.670000076293945,25.81999969482422,2381300.0,25.347341537475586
2020-06-19,26.219999313354492,25.68000030517578,26.18000030517578,25.690000534057617,3217200.0,25.2197208404541
2020-06-22,26.0,25.739999771118164,25.81999969482422,25.959999084472656,2591900.0,25.48477554321289
2020-06-23,26.299999237060547,25.979999542236328,26.229999542236328,26.020000457763672,2107900.0,25.54368019104004
2020-06-24,25.809999465942383,25.200000762939453,25.75,25.399999618530273,4282700.0,24.935028076171875
2020-06-25,25.65999984741211,25.190000534057617,25.31999969482422,25.65999984741211,3449900.0,25.190269470214844
2020-06-26,25.610000610351562,25.09000015258789,25.520000457763672,25.139999389648438,3577300.0,24.67978858947754
2020-06-29,25.56999969482422,25.149999618530273,25.34000015258789,25.5,3024500.0,25.033199310302734
2020-06-30,25.979999542236328,25.360000610351562,25.40999984741211,25.8799991607666,3650000.0,25.406240463256836
2020-07-01,26.06999969482422,25.709999084472656,25.860000610351562,25.920000076293945,3376700.0,25.44550895690918
2020-07-02,26.450000762939453,26.040000915527344,26.25,26.049999237060547,3249900.0,25.57312774658203
2020-07-06,26.440000534057617,26.149999618530273,26.329999923706055,26.209999084472656,2522000.0,25.730199813842773
2020-07-07,26.200000762939453,25.90999984741211,26.0,25.959999084472656,1550800.0,25.48477554321289
2020-07-08,26.260000228881836,25.93000030517578,26.0,26.170000076293945,2003800.0,25.690933227539062
2020-07-09,26.25,25.639999389648438,26.239999771118164,25.899999618530273,3370900.0,25.42587661743164
2020-07-10,26.190000534057617,25.860000610351562,25.959999084472656,26.18000030517578,3000000.0,25.70075035095215
2020-07-13,26.540000915527344,26.0,26.389999389648438,26.020000457763672,4903100.0,25.54368019104004
2020-07-14,26.520000457763672,25.90999984741211,25.940000534057617,26.520000457763672,4064000.0,26.034526824951172
2020-07-15,27.0,26.719999313354492,26.760000228881836,26.899999618530273,3384000.0,26.407567977905273
2020-07-16,26.920000076293945,26.68000030517578,26.719999313354492,26.75,2071600.0,26.260316848754883
2020-07-17,26.920000076293945,26.690000534057617,26.809999465942383,26.8799991607666,1510000.0,26.387935638427734
2020-07-20,27.079999923706055,26.860000610351562,26.889999389648438,27.049999237060547,1325100.0,26.55482292175293
2020-07-21,27.469999313354492,27.15999984741211,27.3700008392334,27.18000030517578,2148300.0,26.682443618774414
2020-07-22,27.309999465942383,27.139999389648438,27.209999084472656,27.309999465942383,1348900.0,26.810062408447266
2020-07-23,27.350000381469727,26.950000762939453,27.25,27.030000686645508,1831800.0,26.535192489624023
2020-07-24,27.0,26.829999923706055,26.8799991607666,26.959999084472656,1293900.0,26.46647071838379
2020-07-27,27.3799991607666,27.030000686645508,27.15999984741211,27.360000610351562,1574400.0,26.859149932861328
2020-07-28,27.3700008392334,27.15999984741211,27.270000457763672,27.25,1782100.0,26.751163482666016
2020-07-29,27.670000076293945,27.399999618530273,27.520000457763672,27.6200008392334,2012500.0,27.114389419555664
2020-07-30,27.450000762939453,26.90999984741211,27.149999618530273,27.440000534057617,2582500.0,26.937685012817383
2020-07-31,27.459999084472656,27.06999969482422,27.459999084472656,27.309999465942383,4484200.0,26.810062408447266
2020-08-03,27.489999771118164,27.290000915527344,27.469999313354492,27.3799991607666,2813700.0,26.878782272338867
2020-08-04,27.790000915527344,27.360000610351562,27.440000534057617,27.770000457763672,2526200.0,27.26164436340332
2020-08-05,28.190000534057617,28.020000457763672,28.030000686645508,28.09000015258789,1821800.0,27.575786590576172
2020-08-06,28.34000015258789,28.0,28.1299991607666,28.200000762939453,1405000.0,27.683773040771484
2020-08-07,28.040000915527344,27.829999923706055,28.0,27.950000762939453,1966100.0,27.4383487701416
2020-08-10,28.229999542236328,28.010000228881836,28.079999923706055,28.139999389648438,1486300.0,27.62487030029297
2020-08-11,28.389999389648438,28.09000015258789,28.309999465942383,28.1299991607666,1527200.0,27.615053176879883
2020-08-12,28.59000015258789,28.34000015258789,28.479999542236328,28.389999389648438,3047200.0,27.87029266357422
2020-08-13,28.469999313354492,28.200000762939453,28.31999969482422,28.31999969482422,1609200.0,27.80157470703125
2020-08-14,28.299999237060547,28.079999923706055,28.18000030517578,28.260000228881836,1119400.0,27.742673873901367
2020-08-17,28.6299991607666,28.5,28.549999237060547,28.6299991607666,992700.0,28.105899810791016
2020-08-18,28.780000686645508,28.469999313354492,28.719999313354492,28.600000381469727,1253400.0,28.07645034790039
2020-08-19,28.729999542236328,28.40999984741211,28.670000076293945,28.450000762939453,1033300.0,27.929197311401367
2020-08-20,28.600000381469727,28.219999313354492,28.219999313354492,28.530000686645508,1404300.0,28.007732391357422
2020-08-21,28.43000030517578,28.229999542236328,28.40999984741211,28.420000076293945,5726900.0,27.89974594116211
2020-08-24,28.700000762939453,28.440000534057617,28.68000030517578,28.5,1480500.0,27.978281021118164
2020-08-25,28.649999618530273,28.420000076293945,28.610000610351562,28.610000610351562,987400.0,28.086267471313477
2020-08-26,29.010000228881836,28.600000381469727,28.610000610351562,29.0,1824800.0,28.469127655029297
2020-08-27,29.15999984741211,28.780000686645508,29.15999984741211,28.950000762939453,1967700.0,28.4200439453125
2020-08-28,29.219999313354492,28.889999389648438,29.170000076293945,28.93000030517578,987200.0,28.400407791137695
2020-08-31,28.969999313354492,28.690000534057617,28.969999313354492,28.709999084472656,2100000.0,28.18443489074707
2020-09-01,28.899999618530273,28.600000381469727,28.770000457763672,28.899999618530273,1871200.0,28.37095832824707
2020-09-02,29.110000610351562,28.8700008392334,29.09000015258789,29.0,5486100.0,28.469127655029297
2020-09-03,28.989999771118164,28.290000915527344,28.889999389648438,28.43000030517578,5479300.0,27.909561157226562
2020-09-04,28.6200008392334,27.799999237060547,28.510000228881836,28.209999084472656,4346500.0,27.693588256835938
2020-09-08,27.8700008392334,27.420000076293945,27.739999771118164,27.59000015258789,5489400.0,27.084938049316406
2020-09-09,28.360000610351562,27.920000076293945,27.969999313354492,28.25,2787100.0,27.73285675048828
2020-09-10,28.399999618530273,27.739999771118164,28.399999618530273,27.799999237060547,3421600.0,27.291093826293945
2020-09-11,28.09000015258789,27.729999542236328,27.989999771118164,27.8799991607666,3265000.0,27.369630813598633
2020-09-14,28.200000762939453,28.049999237060547,28.110000610351562,28.139999389648438,1269600.0,27.62487030029297
2020-09-15,28.440000534057617,28.149999618530273,28.420000076293945,28.18000030517578,1560500.0,27.664138793945312
2020-09-16,28.360000610351562,27.940000534057617,28.350000381469727,27.940000534057617,2162000.0,27.428531646728516
2020-09-17,27.940000534057617,27.549999237060547,27.579999923706055,27.940000534057617,2274700.0,27.428531646728516
2020-09-18,27.979999542236328,27.670000076293945,27.889999389648438,27.709999084472656,1714600.0,27.202739715576172
2020-09-21,27.31999969482422,26.770000457763672,27.31999969482422,27.209999084472656,2462800.0,26.711894989013672
2020-09-22,27.559999465942383,27.15999984741211,27.360000610351562,27.520000457763672,2467600.0,27.01622200012207
2020-09-23,27.559999465942383,26.81999969482422,27.530000686645508,26.889999389648438,4337900.0,26.39775276184082
2020-09-24,27.229999542236328,26.6200008392334,26.75,27.06999969482422,5650900.0,26.574459075927734
2020-09-25,27.260000228881836,26.790000915527344,26.850000381469727,27.209999084472656,2676500.0,26.711894989013672
2020-09-28,27.649999618530273,27.459999084472656,27.579999923706055,27.56999969482422,1998200.0,27.065305709838867
2020-09-29,27.520000457763672,27.25,27.520000457763672,27.43000030517578,3147600.0,26.927867889404297
2020-09-30,27.65999984741211,27.360000610351562,27.489999771118164,27.40999984741211,4393500.0,26.908233642578125
2020-10-01,27.65999984741211,27.389999389648438,27.510000228881836,27.56999969482422,2305200.0,27.065305709838867
2020-10-02,27.6299991607666,27.18000030517578,27.209999084472656,27.540000915527344,3056400.0,27.03585433959961
2020-10-05,28.06999969482422,27.709999084472656,27.790000915527344,28.06999969482422,1887800.0,27.556150436401367
2020-10-06,28.1299991607666,27.579999923706055,28.079999923706055,27.639999389648438,3116200.0,27.134023666381836
2020-10-07,28.1299991607666,27.8799991607666,27.93000030517578,28.049999237060547,2071500.0,27.536518096923828
2020-10-08,28.469999313354492,28.25,28.270000457763672,28.459999084472656,5519200.0,27.93901252746582
2020-10-09,28.709999084472656,28.479999542236328,28.6299991607666,28.600000381469727,2077600.0,28.07645034790039
2020-10-12,28.799999237060547,28.6200008392334,28.780000686645508,28.68000030517578,2419700.0,28.154985427856445
2020-10-13,28.59000015258789,28.350000381469727,28.559999465942383,28.43000030517578,2175000.0,27.909561157226562
2020-10-14,28.610000610351562,28.309999465942383,28.510000228881836,28.350000381469727,1811300.0,27.831026077270508
2020-10-15,28.309999465942383,27.809999465942383,27.809999465942383,28.270000457763672,2153500.0,27.752490997314453
2020-10-16,28.399999618530273,28.190000534057617,28.34000015258789,28.200000762939453,1400300.0,27.683773040771484
2020-10-19,28.360000610351562,27.899999618530273,28.31999969482422,27.940000534057617,2136100.0,27.428531646728516
2020-10-20,28.229999542236328,27.959999084472656,28.049999237060547,28.040000915527344,2016800.0,27.526700973510742
2020-10-21,28.139999389648438,27.8799991607666,27.969999313354492,27.920000076293945,3723300.0,27.408899307250977
2020-10-22,28.06999969482422,27.760000228881836,27.950000762939453,28.020000457763672,2742700.0,27.507068634033203
2020-10-23,28.18000030517578,27.93000030517578,28.18000030517578,28.110000610351562,1293800.0,27.595420837402344
2020-10-26,27.84000015258789,27.360000610351562,27.790000915527344,27.59000015258789,2379100.0,27.084938049316406
2020-10-27,27.65999984741211,27.469999313354492,27.600000381469727,27.510000228881836,1493300.0,27.00640296936035
2020-10-28,26.989999771118164,26.479999542236328,26.93000030517578,26.5,4607700.0,26.014890670776367
2020-10-29,26.75,26.229999542236328,26.440000534057617,26.6200008392334,2989200.0,26.1326961517334
2020-10-30,26.59000015258789,26.170000076293945,26.530000686645508,26.469999313354492,3740300.0,25.985441207885742
2020-11-02,26.84000015258789,26.559999465942383,26.75,26.809999465942383,3967000.0,26.319215774536133
2020-11-03,27.510000228881836,27.1200008392334,27.170000076293945,27.40999984741211,2240800.0,26.908233642578125
2020-11-04,27.829999923706055,27.229999542236328,27.520000457763672,27.549999237060547,3785200.0,27.045669555664062
2020-11-05,28.329999923706055,28.09000015258789,28.149999618530273,28.219999313354492,2451100.0,27.703405380249023
2020-11-06,28.34000015258789,28.139999389648438,28.299999237060547,28.209999084472656,2209000.0,27.693588256835938
2020-11-09,29.360000610351562,28.639999389648438,29.209999084472656,28.649999618530273,4696300.0,28.12553596496582
2020-11-10,29.079999923706055,28.690000534057617,28.700000762939453,28.920000076293945,3151800.0,28.390592575073242
2020-11-11,29.209999084472656,29.020000457763672,29.100000381469727,29.1200008392334,1692000.0,28.586931228637695
2020-11-12,29.100000381469727,28.540000915527344,29.030000686645508,28.649999618530273,2585700.0,28.12553596496582
2020-11-13,28.920000076293945,28.760000228881836,28.81999969482422,28.790000915527344,2029000.0,28.262971878051758
2020-11-16,29.350000381469727,29.020000457763672,29.100000381469727,29.309999465942383,1859700.0,28.773452758789062
2020-11-17,29.469999313354492,29.079999923706055,29.139999389648438,29.450000762939453,1262600.0,28.910890579223633
2020-11-18,29.6200008392334,29.3700008392334,29.440000534057617,29.3700008392334,1813200.0,28.832355499267578
2020-11-19,29.5,29.18000030517578,29.309999465942383,29.489999771118164,1488100.0,28.950157165527344
2020-11-20,29.670000076293945,29.459999084472656,29.489999771118164,29.6200008392334,1378400.0,29.077777862548828
2020-11-23,29.8799991607666,29.639999389648438,29.719999313354492,29.809999465942383,1573300.0,29.264299392700195
2020-11-24,30.389999389648438,29.959999084472656,29.959999084472656,30.329999923706055,1753400.0,29.7747802734375
2020-11-25,30.420000076293945,30.139999389648438,30.260000228881836,30.399999618530273,1671200.0,29.8435001373291
2020-11-27,30.520000457763672,30.440000534057617,30.469999313354492,30.5,881800.0,29.941667556762695
2020-11-30,30.549999237060547,30.1299991607666,30.520000457763672,30.280000686645508,3231800.0,29.725696563720703
2020-12-01,30.729999542236328,30.440000534057617,30.639999389648438,30.450000762939453,3313700.0,29.8925838470459
2020-12-02,30.65999984741211,30.31999969482422,30.40999984741211,30.65999984741211,2926700.0,30.098739624023438
2020-12-03,30.969999313354492,30.68000030517578,30.68000030517578,30.8700008392334,2007700.0,30.304895401000977
2020-12-04,31.34000015258789,30.959999084472656,30.959999084472656,31.34000015258789,1281300.0,30.766292572021484
2020-12-07,31.420000076293945,31.110000610351562,31.239999771118164,31.360000610351562,1945600.0,30.785924911499023
2020-12-08,31.479999542236328,31.239999771118164,31.239999771118164,31.43000030517578,1374500.0,30.854644775390625
2020-12-09,31.549999237060547,31.139999389648438,31.530000686645508,31.350000381469727,2024600.0,30.776107788085938
2020-12-10,31.6299991607666,31.260000228881836,31.260000228881836,31.59000015258789,2129700.0,31.011714935302734
2020-12-11,31.469999313354492,31.260000228881836,31.350000381469727,31.43000030517578,2204500.0,30.854644775390625
2020-12-14,31.309999465942383,30.75,31.280000686645508,30.790000915527344,1512300.0,30.60120964050293
2020-12-15,31.170000076293945,30.899999618530273,30.969999313354492,31.139999389648438,1458400.0,30.94906234741211
2020-12-16,31.170000076293945,30.920000076293945,31.110000610351562,31.1200008392334,4429200.0,30.92918586730957
2020-12-17,31.440000534057617,31.239999771118164,31.34000015258789,31.329999923706055,2990700.0,31.137897491455078
2020-12-18,31.290000915527344,30.940000534057617,31.290000915527344,30.979999542236328,1993800.0,30.790042877197266
2020-12-21,30.809999465942383,30.329999923706055,30.420000076293945,30.75,6800500.0,30.561452865600586
2020-12-22,30.729999542236328,30.540000915527344,30.649999618530273,30.709999084472656,1748300.0,30.521697998046875
2020-12-23,31.020000457763672,30.8700008392334,30.90999984741211,30.920000076293945,1791900.0,30.730411529541016
2020-12-24,31.06999969482422,30.90999984741211,30.940000534057617,31.059999465942383,556000.0,30.869552612304688
2020-12-28,31.40999984741211,30.81999969482422,31.239999771118164,30.850000381469727,1466600.0,30.66084098815918
2020-12-29,31.239999771118164,30.84000015258789,31.110000610351562,30.93000030517578,1661400.0,30.7403507232666
2020-12-30,31.170000076293945,30.969999313354492,31.0,31.049999237060547,1255900.0,30.8596134185791
2020-12-31,31.1200008392334,30.84000015258789,31.06999969482422,30.84000015258789,2608600.0,30.650901794433594
2021-01-04,31.309999465942383,30.68000030517578,31.270000457763672,30.940000534057617,3934600.0,30.750289916992188
2021-01-05,31.520000457763672,30.989999771118164,31.0,31.520000457763672,5861900.0,31.326732635498047
2021-01-06,31.950000762939453,31.40999984741211,31.40999984741211,31.809999465942383,9396100.0,31.614953994750977
2021-01-07,32.189998626708984,31.760000228881836,31.760000228881836,32.150001525878906,2573500.0,31.952871322631836
2021-01-08,32.2599983215332,31.829999923706055,32.2400016784668,32.11000061035156,2261100.0,31.913114547729492
2021-01-11,31.899999618530273,31.610000610351562,31.68000030517578,31.780000686645508,1564500.0,31.58513832092285
2021-01-12,32.040000915527344,31.700000762939453,31.780000686645508,32.0,1924700.0,31.803789138793945
2021-01-13,32.060001373291016,31.780000686645508,31.920000076293945,31.950000762939453,2847300.0,31.75409698486328
2021-01-14,32.29999923706055,32.0099983215332,32.060001373291016,32.16999816894531,2442800.0,31.972745895385742
2021-01-15,31.989999771118164,31.600000381469727,31.940000534057617,31.829999923706055,1395900.0,31.63483238220215
2021-01-19,32.04999923706055,31.770000457763672,31.940000534057617,31.899999618530273,1517600.0,31.70440101623535
2021-01-20,32.20000076293945,31.979999542236328,32.04999923706055,32.189998626708984,1490100.0,31.99262237548828
2021-01-21,32.31999969482422,31.940000534057617,32.2599983215332,32.060001373291016,1304900.0,31.863422393798828
2021-01-22,31.809999465942383,31.559999465942383,31.739999771118164,31.639999389648438,5029700.0,31.445995330810547
2021-01-25,31.809999465942383,31.329999923706055,31.649999618530273,31.729999542236328,2243800.0,31.535444259643555
2021-01-26,31.969999313354492,31.559999465942383,31.969999313354492,31.6200008392334,2967700.0,31.42612075805664
2021-01-27,31.239999771118164,30.700000762939453,31.219999313354492,30.780000686645508,3343400.0,30.591270446777344
2021-01-28,31.280000686645508,30.770000457763672,30.81999969482422,31.139999389648438,3409200.0,30.94906234741211
2021-01-29,31.1200008392334,30.459999084472656,30.920000076293945,30.600000381469727,4546100.0,30.41237449645996
2021-02-01,31.059999465942383,30.719999313354492,30.920000076293945,30.940000534057617,3283100.0,30.750289916992188
2021-02-02,31.549999237060547,31.100000381469727,31.200000762939453,31.489999771118164,1687500.0,31.296916961669922
2021-02-03,31.709999084472656,31.360000610351562,31.579999923706055,31.600000381469727,1910400.0,31.40624237060547
2021-02-04,31.790000915527344,31.530000686645508,31.670000076293945,31.719999313354492,1487200.0,31.52550506591797
2021-02-05,32.06999969482422,31.8700008392334,31.90999984741211,32.040000915527344,1217500.0,31.843544006347656
2021-02-08,32.459999084472656,32.20000076293945,32.20000076293945,32.459999084472656,1486100.0,32.26096725463867
2021-02-09,32.70000076293945,32.369998931884766,32.459999084472656,32.68000030517578,1669900.0,32.479618072509766
2021-02-10,32.939998626708984,32.5,32.81999969482422,32.7599983215332,1679300.0,32.55912780761719
2021-02-11,32.9900016784668,32.619998931884766,32.97999954223633,32.790000915527344,2421800.0,32.58894729614258
2021-02-12,32.91999816894531,32.599998474121094,32.63999938964844,32.880001068115234,1787700.0,32.67839431762695
2021-02-16,33.20000076293945,32.91999816894531,33.0099983215332,33.029998779296875,1920800.0,32.82747268676758
2021-02-17,32.81999969482422,32.470001220703125,32.7599983215332,32.790000915527344,2733700.0,32.58894729614258
2021-02-18,32.7599983215332,32.439998626708984,32.630001068115234,32.70000076293945,2228900.0,32.49949645996094
2021-02-19,33.06999969482422,32.79999923706055,32.84000015258789,33.040000915527344,1873100.0,32.8374137878418
2021-02-22,33.25,32.849998474121094,32.939998626708984,33.119998931884766,2091100.0,32.91691970825195
2021-02-23,33.20000076293945,32.36000061035156,32.970001220703125,33.060001373291016,3845400.0,32.85729217529297
2021-02-24,33.66999816894531,32.90999984741211,33.0,33.56999969482422,12407400.0,33.36416244506836
2021-02-25,33.7400016784668,32.77000045776367,33.61000061035156,32.86000061035156,3035900.0,32.65851593017578
2021-02-26,32.81999969482422,32.13999938964844,32.81999969482422,32.16999816894531,5118400.0,31.972745895385742
2021-03-01,33.0099983215332,32.650001525878906,32.68000030517578,32.88999938964844,3833300.0,32.688331604003906
2021-03-02,33.31999969482422,32.93000030517578,32.95000076293945,33.2400016784668,3376300.0,33.03618621826172
2021-03-03,33.2400016784668,32.849998474121094,33.18000030517578,32.97999954223633,8008100.0,32.77777862548828
2021-03-04,33.15999984741211,32.2400016784668,33.0,32.630001068115234,8167700.0,32.429927825927734
2021-03-05,33.18000030517578,32.380001068115234,32.91999816894531,33.099998474121094,10593100.0,32.89704132080078
2021-03-08,33.529998779296875,33.040000915527344,33.119998931884766,33.209999084472656,4766600.0,33.006370544433594
2021-03-09,33.75,33.4900016784668,33.599998474121094,33.5,3782200.0,33.29458999633789
2021-03-10,33.880001068115234,33.5,33.720001220703125,33.7400016784668,3514600.0,33.53312301635742
2021-03-11,34.33000183105469,33.959999084472656,33.959999084472656,34.290000915527344,3359600.0,34.079750061035156
2021-03-12,34.4900016784668,34.09000015258789,34.099998474121094,34.47999954223633,1885300.0,34.26858139038086
2021-03-15,34.709999084472656,34.279998779296875,34.529998779296875,34.70000076293945,3709100.0,34.48723602294922
2021-03-16,34.7599983215332,34.5099983215332,34.70000076293945,34.650001525878906,2770700.0,34.43754196166992
2021-03-17,35.029998779296875,34.41999816894531,34.470001220703125,34.939998626708984,3716800.0,34.72576141357422
2021-03-18,34.90999984741211,34.34000015258789,34.75,34.38999938964844,5794100.0,34.179134368896484
2021-03-19,34.529998779296875,34.119998931884766,34.349998474121094,34.400001525878906,4364000.0,34.1890754699707
2021-03-22,34.5,34.20000076293945,34.439998626708984,34.2400016784668,5201200.0,34.03005599975586
2021-03-23,34.20000076293945,33.83000183105469,34.06999969482422,33.86000061035156,7023600.0,33.65238571166992
2021-03-24,34.2400016784668,33.849998474121094,34.0099983215332,33.86000061035156,3947200.0,33.65238571166992
2021-03-25,33.86000061035156,33.45000076293945,33.689998626708984,33.790000915527344,3635900.0,33.58281326293945
2021-03-26,34.13999938964844,33.72999954223633,34.0099983215332,34.119998931884766,3876900.0,33.910789489746094
2021-03-29,34.13999938964844,33.7599983215332,34.0,34.060001373291016,2923000.0,33.851158142089844
2021-03-30,34.0,33.75,33.880001068115234,33.91999816894531,3152400.0,33.712013244628906
2021-03-31,34.20000076293945,33.959999084472656,33.9900016784668,34.04999923706055,5485300.0,33.841217041015625
2021-04-01,34.63999938964844,34.20000076293945,34.29999923706055,34.63999938964844,3267800.0,34.4276008605957
2021-04-05,34.869998931884766,34.720001220703125,34.779998779296875,34.77000045776367,2663600.0,34.55680465698242
2021-04-06,34.900001525878906,34.68000030517578,34.7599983215332,34.70000076293945,1871200.0,34.48723602294922
2021-04-07,34.7599983215332,34.61000061035156,34.70000076293945,34.70000076293945,2982200.0,34.48723602294922
2021-04-08,34.959999084472656,34.630001068115234,34.790000915527344,34.959999084472656,3188300.0,34.74563980102539
2021-04-09,35.09000015258789,34.849998474121094,34.95000076293945,35.06999969482422,2748800.0,34.85496520996094
2021-04-12,35.11000061035156,34.90999984741211,34.959999084472656,34.95000076293945,1824800.0,34.73570251464844
2021-04-13,35.099998474121094,34.959999084472656,35.099998474121094,35.08000183105469,2425700.0,34.864906311035156
2021-04-14,35.2599983215332,35.0099983215332,35.029998779296875,35.08000183105469,2579500.0,34.864906311035156
2021-04-15,35.31999969482422,35.15999984741211,35.290000915527344,35.29999923706055,7375000.0,35.083553314208984
2021-04-16,35.47999954223633,35.290000915527344,35.43000030517578,35.380001068115234,1992700.0,35.16306686401367
2021-04-19,35.4900016784668,35.0099983215332,35.41999816894531,35.119998931884766,2806100.0,34.904659271240234
2021-04-20,34.95000076293945,34.380001068115234,34.900001525878906,34.47999954223633,2269600.0,34.26858139038086
2021-04-21,35.06999969482422,34.41999816894531,34.439998626708984,35.04999923706055,3710200.0,34.835086822509766
2021-04-22,35.0099983215332,34.720001220703125,34.970001220703125,34.81999969482422,2994000.0,34.60649871826172
2021-04-23,35.099998474121094,34.84000015258789,34.900001525878906,35.029998779296875,8504300.0,34.815208435058594
2021-04-26,35.41999816894531,35.119998931884766,35.119998931884766,35.38999938964844,1651800.0,35.173004150390625
2021-04-27,35.529998779296875,35.27000045776367,35.34000015258789,35.43000030517578,1590400.0,35.2127571105957
2021-04-28,36.099998474121094,35.5099983215332,35.5099983215332,36.029998779296875,3643000.0,35.809078216552734
2021-04-29,36.2599983215332,35.790000915527344,36.209999084472656,36.0,5035500.0,35.77926254272461
2021-04-30,35.869998931884766,35.56999969482422,35.77000045776367,35.61000061035156,2092200.0,35.39165496826172
2021-05-03,35.970001220703125,35.810001373291016,35.84000015258789,35.810001373291016,1368700.0,35.59042739868164
2021-05-04,35.810001373291016,35.400001525878906,35.630001068115234,35.75,1778600.0,35.53079605102539
2021-05-05,36.150001525878906,35.869998931884766,35.97999954223633,36.08000183105469,1720300.0,35.85877227783203
2021-05-06,36.38999938964844,35.970001220703125,36.16999816894531,36.38999938964844,1780400.0,36.1668701171875
2021-05-07,36.81999969482422,36.33000183105469,36.439998626708984,36.810001373291016,1331900.0,36.58429718017578
2021-05-10,37.09000015258789,36.779998779296875,36.9900016784668,36.810001373291016,4237800.0,36.58429718017578
2021-05-11,36.66999816894531,36.18000030517578,36.31999969482422,36.59000015258789,6198200.0,36.36564636230469
2021-05-12,36.70000076293945,36.189998626708984,36.5,36.220001220703125,2802500.0,35.9979133605957
2021-05-13,36.5,36.029998779296875,36.18000030517578,36.290000915527344,4005400.0,36.06748580932617
2021-05-14,36.90999984741211,36.58000183105469,36.58000183105469,36.84000015258789,3770600.0,36.614112854003906
2021-05-17,37.209999084472656,36.72999954223633,36.72999954223633,37.189998626708984,1982000.0,36.96196365356445
2021-05-18,37.369998931884766,37.060001373291016,37.220001220703125,37.25,2488100.0,37.02159881591797
2021-05-19,37.060001373291016,36.5,36.790000915527344,36.900001525878906,5008300.0,36.673744201660156
2021-05-20,37.41999816894531,36.970001220703125,36.9900016784668,37.34000015258789,4463300.0,37.111045837402344
2021-05-21,37.52000045776367,37.15999984741211,37.5,37.290000915527344,2578800.0,37.06135559082031
2021-05-24,37.65999984741211,37.34000015258789,37.52000045776367,37.58000183105469,2151700.0,37.34957504272461
2021-05-25,37.63999938964844,37.310001373291016,37.58000183105469,37.33000183105469,1886500.0,37.10110855102539
2021-05-26,37.59000015258789,37.31999969482422,37.33000183105469,37.529998779296875,2269500.0,37.29988098144531
2021-05-27,37.900001525878906,37.689998626708984,37.689998626708984,37.810001373291016,3288800.0,37.57816696166992
2021-05-28,37.97999954223633,37.79999923706055,37.810001373291016,37.869998931884766,1867400.0,37.637794494628906
2021-06-01,38.349998474121094,38.09000015258789,38.220001220703125,38.130001068115234,2687400.0,37.896202087402344
2021-06-02,38.2400016784668,38.09000015258789,38.2400016784668,38.220001220703125,3235900.0,37.985652923583984
2021-06-03,38.09000015258789,37.849998474121094,37.91999816894531,37.959999084472656,1751400.0,37.72724533081055
2021-06-04,38.22999954223633,38.04999923706055,38.20000076293945,38.209999084472656,1086300.0,37.975711822509766
2021-06-07,38.27000045776367,38.099998474121094,38.209999084472656,38.220001220703125,1492700.0,37.985652923583984
2021-06-08,38.25,38.060001373291016,38.20000076293945,38.16999816894531,2070400.0,37.93595504760742
2021-06-09,38.209999084472656,37.970001220703125,38.18000030517578,38.0,1340400.0,37.766998291015625
2021-06-10,37.970001220703125,37.70000076293945,37.86000061035156,37.869998931884766,1686100.0,37.869998931884766
2021-06-11,37.970001220703125,37.77000045776367,37.90999984741211,37.81999969482422,1612100.0,37.81999969482422
2021-06-14,37.9900016784668,37.79999923706055,37.849998474121094,37.9900016784668,1427400.0,37.9900016784668
2021-06-15,38.060001373291016,37.900001525878906,37.90999984741211,38.02000045776367,3444400.0,38.02000045776367
2021-06-16,38.130001068115234,37.689998626708984,37.9900016784668,37.7599983215332,2881600.0,37.7599983215332
2021-06-17,37.72999954223633,37.20000076293945,37.619998931884766,37.349998474121094,5922400.0,37.349998474121094
2021-06-18,37.130001068115234,36.83000183105469,36.97999954223633,36.869998931884766,7726600.0,36.869998931884766
2021-06-21,37.5099983215332,37.0,37.099998474121094,37.380001068115234,1965900.0,37.380001068115234
2021-06-22,37.689998626708984,37.22999954223633,37.290000915527344,37.59000015258789,2473700.0,37.59000015258789
2021-06-23,37.7599983215332,37.5,37.54999923706055,37.52000045776367,1505300.0,37.52000045776367
2021-06-24,37.7400016784668,37.52000045776367,37.68000030517578,37.58000183105469,1213500.0,37.58000183105469
2021-06-25,37.720001220703125,37.58000183105469,37.70000076293945,37.70000076293945,895500.0,37.70000076293945
2021-06-28,37.68000030517578,37.33000183105469,37.68000030517578,37.41999816894531,2142600.0,37.41999816894531
2021-06-29,37.470001220703125,37.27000045776367,37.439998626708984,37.31999969482422,1679600.0,37.31999969482422
2021-06-30,37.400001525878906,37.16999816894531,37.22999954223633,37.27000045776367,2754400.0,37.27000045776367
2021-07-01,37.63999938964844,37.310001373291016,37.380001068115234,37.630001068115234,3751300.0,37.630001068115234
2021-07-02,37.709999084472656,37.38999938964844,37.650001525878906,37.630001068115234,2347500.0,37.630001068115234
2021-07-06,37.529998779296875,37.04999923706055,37.5,37.34000015258789,3510500.0,37.34000015258789
2021-07-07,37.59000015258789,37.150001525878906,37.43000030517578,37.209999084472656,16805900.0,37.209999084472656
2021-07-08,36.779998779296875,36.4900016784668,36.63999938964844,36.68000030517578,2888000.0,36.68000030517578
2021-07-09,37.310001373291016,36.900001525878906,36.93000030517578,37.2599983215332,4148000.0,37.2599983215332
2021-07-12,37.33000183105469,37.099998474121094,37.119998931884766,37.25,1708600.0,37.25
2021-07-13,37.2400016784668,37.040000915527344,37.09000015258789,37.130001068115234,2406600.0,37.130001068115234
2021-07-14,37.38999938964844,36.86000061035156,37.36000061035156,36.91999816894531,2253200.0,36.91999816894531
2021-07-15,36.91999816894531,36.61000061035156,36.689998626708984,36.7599983215332,2084500.0,36.7599983215332
2021-07-16,36.849998474121094,36.31999969482422,36.84000015258789,36.33000183105469,1629600.0,36.33000183105469
2021-07-19,35.79999923706055,35.220001220703125,35.77000045776367,35.5,5452800.0,35.5
2021-07-20,36.13999938964844,35.38999938964844,35.52000045776367,36.06999969482422,5106400.0,36.06999969482422
2021-07-21,36.75,36.290000915527344,36.29999923706055,36.75,2493200.0,36.75
2021-07-22,36.790000915527344,36.54999923706055,36.790000915527344,36.709999084472656,1533000.0,36.709999084472656
2021-07-23,36.93000030517578,36.720001220703125,36.880001068115234,36.93000030517578,1697400.0,36.93000030517578
2021-07-26,37.0,36.81999969482422,36.83000183105469,36.91999816894531,2168500.0,36.91999816894531
2021-07-27,36.84000015258789,36.599998474121094,36.77000045776367,36.79999923706055,2645700.0,36.79999923706055
2021-07-28,37.08000183105469,36.66999816894531,36.849998474121094,37.060001373291016,1946100.0,37.060001373291016
2021-07-29,37.560001373291016,37.27000045776367,37.29999923706055,37.439998626708984,1601600.0,37.439998626708984
2021-07-30,37.47999954223633,37.099998474121094,37.25,37.33000183105469,2286800.0,37.33000183105469
2021-08-02,37.59000015258789,37.18000030517578,37.40999984741211,37.25,3700200.0,37.25
2021-08-03,37.34000015258789,36.959999084472656,37.34000015258789,37.27000045776367,2565800.0,37.27000045776367
2021-08-04,37.380001068115234,37.16999816894531,37.2400016784668,37.189998626708984,1365900.0,37.189998626708984
2021-08-05,37.54999923706055,37.33000183105469,37.33000183105469,37.43000030517578,1304600.0,37.43000030517578
2021-08-06,37.529998779296875,37.349998474121094,37.439998626708984,37.4900016784668,1311800.0,37.4900016784668
2021-08-09,37.43000030517578,37.2400016784668,37.41999816894531,37.369998931884766,1466600.0,37.369998931884766
2021-08-10,37.65999984741211,37.380001068115234,37.41999816894531,37.619998931884766,12689200.0,37.619998931884766
2021-08-11,37.84000015258789,37.68000030517578,37.810001373291016,37.810001373291016,3194900.0,37.810001373291016
2021-08-12,37.77000045776367,37.52000045776367,37.77000045776367,37.72999954223633,1766800.0,37.72999954223633
2021-08-13,37.790000915527344,37.630001068115234,37.7599983215332,37.709999084472656,998700.0,37.709999084472656
2021-08-16,37.4900016784668,37.33000183105469,37.43000030517578,37.4900016784668,2224200.0,37.4900016784668
2021-08-17,37.2400016784668,36.849998474121094,37.119998931884766,37.099998474121094,2309900.0,37.099998474121094
2021-08-18,37.15999984741211,36.880001068115234,37.06999969482422,36.88999938964844,1338500.0,36.88999938964844
2021-08-19,36.5,36.08000183105469,36.5,36.209999084472656,3194400.0,36.209999084472656
2021-08-20,36.5,36.0099983215332,36.06999969482422,36.47999954223633,1414200.0,36.47999954223633
2021-08-23,37.220001220703125,36.81999969482422,36.84000015258789,37.220001220703125,1667200.0,37.220001220703125
2021-08-24,37.54999923706055,37.25,37.2599983215332,37.4900016784668,1747300.0,37.4900016784668
2021-08-25,37.59000015258789,37.369998931884766,37.5099983215332,37.540000915527344,2286200.0,37.540000915527344
2021-08-26,37.4900016784668,37.06999969482422,37.4900016784668,37.06999969482422,2900200.0,37.06999969482422
2021-08-27,37.58000183105469,37.11000061035156,37.11000061035156,37.560001373291016,1827500.0,37.560001373291016
2021-08-30,37.650001525878906,37.439998626708984,37.650001525878906,37.5,1230500.0,37.5
2021-08-31,37.599998474121094,37.34000015258789,37.45000076293945,37.34000015258789,2845000.0,37.34000015258789
2021-09-01,37.689998626708984,37.4900016784668,37.5099983215332,37.58000183105469,1953300.0,37.58000183105469
2021-09-02,38.02000045776367,37.68000030517578,37.72999954223633,38.02000045776367,1581300.0,38.02000045776367
2021-09-03,38.189998626708984,37.90999984741211,37.970001220703125,38.099998474121094,1396100.0,38.099998474121094
2021-09-07,38.06999969482422,37.65999984741211,38.0,37.65999984741211,1365400.0,37.65999984741211
2021-09-08,37.779998779296875,37.400001525878906,37.619998931884766,37.41999816894531,1713200.0,37.41999816894531
2021-09-09,37.65999984741211,37.380001068115234,37.439998626708984,37.5,1624400.0,37.5
2021-09-10,37.77000045776367,37.2400016784668,37.689998626708984,37.2400016784668,1403700.0,37.2400016784668
2021-09-13,37.65999984741211,37.2400016784668,37.63999938964844,37.36000061035156,3042700.0,37.36000061035156
2021-09-14,37.540000915527344,37.029998779296875,37.540000915527344,37.06999969482422,1792800.0,37.06999969482422
2021-09-15,37.56999969482422,37.099998474121094,37.18000030517578,37.56999969482422,2636000.0,37.56999969482422
2021-09-16,37.41999816894531,37.09000015258789,37.369998931884766,37.2400016784668,9168900.0,37.2400016784668
2021-09-17,37.189998626708984,36.720001220703125,37.189998626708984,36.7599983215332,3948500.0,36.7599983215332
2021-09-20,36.20000076293945,35.619998931884766,36.150001525878906,36.0099983215332,4481100.0,36.0099983215332
2021-09-21,36.43000030517578,36.0099983215332,36.290000915527344,36.15999984741211,2916300.0,36.15999984741211
2021-09-22,36.90999984741211,36.38999938964844,36.38999938964844,36.61000061035156,5067100.0,36.61000061035156
2021-09-23,37.16999816894531,36.869998931884766,36.880001068115234,37.06999969482422,1653300.0,37.06999969482422
2021-09-24,36.95000076293945,36.7599983215332,36.81999969482422,36.900001525878906,1668200.0,36.900001525878906
2021-09-27,37.25,36.959999084472656,37.0099983215332,37.20000076293945,2047900.0,37.20000076293945
2021-09-28,36.90999984741211,36.369998931884766,36.880001068115234,36.5,4726700.0,36.5
2021-09-29,36.619998931884766,36.27000045776367,36.540000915527344,36.310001373291016,2409200.0,36.310001373291016
2021-09-30,36.66999816894531,36.220001220703125,36.459999084472656,36.29999923706055,4713400.0,36.29999923706055
2021-10-01,36.720001220703125,36.150001525878906,36.349998474121094,36.630001068115234,3356300.0,36.630001068115234
2021-10-04,36.869998931884766,36.45000076293945,36.59000015258789,36.650001525878906,2849300.0,36.650001525878906
2021-10-05,37.029998779296875,36.63999938964844,36.77000045776367,36.900001525878906,2523200.0,36.900001525878906
2021-10-06,36.88999938964844,36.400001525878906,36.54999923706055,36.869998931884766,3914000.0,36.869998931884766
2021-10-07,37.5099983215332,37.099998474121094,37.099998474121094,37.45000076293945,3677300.0,37.45000076293945
2021-10-08,37.79999923706055,37.540000915527344,37.58000183105469,37.709999084472656,4821200.0,37.709999084472656
2021-10-11,38.04999923706055,37.61000061035156,37.83000183105469,37.61000061035156,2901600.0,37.61000061035156
2021-10-12,37.86000061035156,37.560001373291016,37.599998474121094,37.75,5983800.0,37.75
2021-10-13,38.15999984741211,37.68000030517578,37.77000045776367,38.15999984741211,3757600.0,38.15999984741211
2021-10-14,38.77000045776367,38.47999954223633,38.54999923706055,38.709999084472656,4966600.0,38.709999084472656
2021-10-15,39.0,38.779998779296875,38.86000061035156,38.9900016784668,3194300.0,38.9900016784668
2021-10-18,39.09000015258789,38.779998779296875,38.84000015258789,39.04999923706055,3155700.0,39.04999923706055
2021-10-19,39.34000015258789,39.15999984741211,39.279998779296875,39.33000183105469,2054700.0,39.33000183105469
2021-10-20,39.689998626708984,39.36000061035156,39.36000061035156,39.650001525878906,3492600.0,39.650001525878906
2021-10-21,39.689998626708984,39.45000076293945,39.58000183105469,39.5,3430800.0,39.5
2021-10-22,39.7400016784668,39.310001373291016,39.59000015258789,39.560001373291016,2960900.0,39.560001373291016
2021-10-25,39.68000030517578,39.45000076293945,39.560001373291016,39.619998931884766,4152400.0,39.619998931884766
2021-10-26,39.7599983215332,39.310001373291016,39.7599983215332,39.31999969482422,2837900.0,39.31999969482422
2021-10-27,39.380001068115234,39.0,39.2599983215332,39.0,4230100.0,39.0
2021-10-28,39.599998474121094,39.099998474121094,39.150001525878906,39.599998474121094,3148300.0,39.599998474121094
2021-10-29,39.369998931884766,39.16999816894531,39.34000015258789,39.18000030517578,3430600.0,39.18000030517578
2021-11-01,39.650001525878906,39.22999954223633,39.2400016784668,39.63999938964844,3480400.0,39.63999938964844
2021-11-02,39.56999969482422,39.310001373291016,39.47999954223633,39.33000183105469,3596200.0,39.33000183105469
2021-11-03,39.619998931884766,39.16999816894531,39.2400016784668,39.61000061035156,1927700.0,39.61000061035156
2021-11-04,39.689998626708984,39.27000045776367,39.58000183105469,39.45000076293945,3287800.0,39.45000076293945
2021-11-05,39.72999954223633,39.56999969482422,39.65999984741211,39.65999984741211,1827500.0,39.65999984741211
2021-11-08,39.90999984741211,39.77000045776367,39.849998474121094,39.86000061035156,2757000.0,39.86000061035156
2021-11-09,39.90999984741211,39.529998779296875,39.849998474121094,39.86000061035156,4336700.0,39.86000061035156
2021-11-10,40.04999923706055,39.41999816894531,39.939998626708984,39.47999954223633,6073900.0,39.47999954223633
2021-11-11,39.54999923706055,39.40999984741211,39.5099983215332,39.459999084472656,2868600.0,39.459999084472656
2021-11-12,40.0,39.45000076293945,39.529998779296875,40.0,3142900.0,40.0
2021-11-15,40.08000183105469,39.849998474121094,40.02000045776367,39.900001525878906,2426600.0,39.900001525878906
2021-11-16,40.04999923706055,39.810001373291016,39.93000030517578,39.81999969482422,1130900.0,39.81999969482422
2021-11-17,39.86000061035156,39.5,39.810001373291016,39.529998779296875,3412100.0,39.529998779296875
2021-11-18,39.650001525878906,39.33000183105469,39.599998474121094,39.630001068115234,3227800.0,39.630001068115234
2021-11-19,39.52000045776367,39.2400016784668,39.45000076293945,39.25,1854400.0,39.25
2021-11-22,39.310001373291016,38.849998474121094,39.29999923706055,38.849998474121094,2251900.0,38.849998474121094
2021-11-23,39.119998931884766,38.720001220703125,38.779998779296875,39.11000061035156,1821000.0,39.11000061035156
2021-11-24,39.31999969482422,38.790000915527344,38.84000015258789,39.310001373291016,1992200.0,39.310001373291016
2021-11-26,38.560001373291016,38.09000015258789,38.560001373291016,38.189998626708984,5368200.0,38.189998626708984
2021-11-29,38.68000030517578,37.9900016784668,38.61000061035156,38.27000045776367,3347500.0,38.27000045776367
2021-11-30,38.20000076293945,37.27000045776367,38.040000915527344,37.380001068115234,8003700.0,37.380001068115234
2021-12-01,38.06999969482422,36.86000061035156,38.02000045776367,36.86000061035156,14496700.0,36.86000061035156
2021-12-02,37.65999984741211,36.93000030517578,37.0099983215332,37.52000045776367,7533600.0,37.52000045776367
2021-12-03,37.849998474121094,36.939998626708984,37.849998474121094,37.15999984741211,4692800.0,37.15999984741211
2021-12-06,37.90999984741211,37.22999954223633,37.52000045776367,37.86000061035156,5784400.0,37.86000061035156
2021-12-07,38.83000183105469,38.38999938964844,38.38999938964844,38.75,4214200.0,38.75
2021-12-08,38.7599983215332,38.470001220703125,38.7599983215332,38.4900016784668,3908800.0,38.4900016784668
2021-12-09,38.369998931884766,38.06999969482422,38.33000183105469,38.06999969482422,3348800.0,38.06999969482422
2021-12-10,38.34000015258789,37.90999984741211,38.25,38.029998779296875,2315200.0,38.029998779296875
2021-12-13,37.38999938964844,36.91999816894531,37.34000015258789,36.93000030517578,5207700.0,36.93000030517578
2021-12-14,37.09000015258789,36.689998626708984,36.72999954223633,36.7400016784668,3876400.0,36.7400016784668
2021-12-15,37.119998931884766,36.40999984741211,36.709999084472656,37.06999969482422,4917700.0,37.06999969482422
2021-12-16,37.58000183105469,37.040000915527344,37.349998474121094,37.189998626708984,3818600.0,37.189998626708984
2021-12-17,37.2400016784668,36.720001220703125,36.939998626708984,36.790000915527344,3667800.0,36.790000915527344
2021-12-20,36.459999084472656,36.02000045776367,36.459999084472656,36.27000045776367,8229100.0,36.27000045776367
2021-12-21,37.099998474121094,36.54999923706055,36.619998931884766,37.099998474121094,5478700.0,37.099998474121094
2021-12-22,37.59000015258789,37.029998779296875,37.04999923706055,37.59000015258789,3288700.0,37.59000015258789
2021-12-23,37.97999954223633,37.61000061035156,37.61000061035156,37.95000076293945,2316300.0,37.95000076293945
2021-12-27,38.310001373291016,37.91999816894531,37.9900016784668,38.310001373291016,3327100.0,38.310001373291016
2021-12-28,38.47999954223633,38.16999816894531,38.33000183105469,38.2400016784668,4232400.0,38.2400016784668
2021-12-29,38.33000183105469,38.04999923706055,38.18000030517578,38.130001068115234,4388000.0,38.130001068115234
2021-12-30,38.400001525878906,38.189998626708984,38.189998626708984,38.25,4073900.0,38.25
2021-12-31,38.4900016784668,38.25,38.27000045776367,38.43000030517578,2307700.0,38.43000030517578
2022-01-03,38.650001525878906,38.310001373291016,38.5,38.56999969482422,5066300.0,38.56999969482422
2022-01-04,38.75,38.189998626708984,38.75,38.189998626708984,6485300.0,38.189998626708984
2022-01-05,38.41999816894531,37.709999084472656,38.279998779296875,37.720001220703125,8081000.0,37.720001220703125
2022-01-06,38.13999938964844,37.54999923706055,37.66999816894531,38.0099983215332,11405300.0,38.0099983215332
2022-01-07,38.34000015258789,37.88999938964844,38.0,38.310001373291016,4367800.0,38.310001373291016
2022-01-10,38.220001220703125,37.630001068115234,38.029998779296875,38.16999816894531,7122500.0,38.16999816894531
2022-01-11,38.880001068115234,38.099998474121094,38.2400016784668,38.86000061035156,5263700.0,38.86000061035156
2022-01-12,39.36000061035156,39.06999969482422,39.130001068115234,39.36000061035156,7925600.0,39.36000061035156
2022-01-13,39.599998474121094,39.02000045776367,39.470001220703125,39.029998779296875,5978700.0,39.029998779296875
2022-01-14,39.15999984741211,38.70000076293945,38.900001525878906,39.130001068115234,4158800.0,39.130001068115234
2022-01-18,39.29999923706055,38.79999923706055,39.209999084472656,39.04999923706055,18747200.0,39.04999923706055
2022-01-19,39.33000183105469,38.86000061035156,39.189998626708984,38.95000076293945,7068000.0,38.95000076293945
2022-01-20,39.400001525878906,38.61000061035156,39.11000061035156,38.61000061035156,5616900.0,38.61000061035156
2022-01-21,38.560001373291016,37.4900016784668,38.540000915527344,37.599998474121094,14193400.0,37.599998474121094
2022-01-24,37.459999084472656,36.029998779296875,36.959999084472656,37.369998931884766,14932600.0,37.369998931884766
2022-01-25,37.849998474121094,36.5099983215332,37.029998779296875,37.56999969482422,11797100.0,37.56999969482422
2022-01-26,38.16999816894531,37.13999938964844,37.93000030517578,37.33000183105469,10683800.0,37.33000183105469
2022-01-27,37.900001525878906,37.0,37.7599983215332,37.040000915527344,7482400.0,37.040000915527344
2022-01-28,37.33000183105469,36.689998626708984,36.970001220703125,37.31999969482422,7056900.0,37.31999969482422
2022-01-31,38.189998626708984,37.2599983215332,37.2599983215332,38.189998626708984,8767200.0,38.189998626708984
2022-02-01,38.68000030517578,38.06999969482422,38.20000076293945,38.68000030517578,7892800.0,38.68000030517578
2022-02-02,38.90999984741211,38.560001373291016,38.790000915527344,38.84000015258789,6348200.0,38.84000015258789
2022-02-03,38.529998779296875,38.18000030517578,38.33000183105469,38.18000030517578,6377200.0,38.18000030517578
2022-02-04,38.52000045776367,38.04999923706055,38.11000061035156,38.38999938964844,4428400.0,38.38999938964844
2022-02-07,38.709999084472656,38.33000183105469,38.43000030517578,38.560001373291016,4325600.0,38.560001373291016
2022-02-08,38.779998779296875,38.369998931884766,38.439998626708984,38.7599983215332,4279100.0,38.7599983215332
2022-02-09,39.310001373291016,39.060001373291016,39.06999969482422,39.279998779296875,6252700.0,39.279998779296875
2022-02-10,39.619998931884766,38.84000015258789,38.88999938964844,38.91999816894531,6293700.0,38.91999816894531
2022-02-11,39.290000915527344,38.630001068115234,38.939998626708984,38.84000015258789,11868100.0,38.84000015258789
2022-02-14,38.75,38.349998474121094,38.70000076293945,38.5099983215332,6861100.0,38.5099983215332
2022-02-15,38.849998474121094,38.470001220703125,38.68000030517578,38.849998474121094,4380400.0,38.849998474121094
2022-02-16,38.86000061035156,38.58000183105469,38.70000076293945,38.720001220703125,5048100.0,38.720001220703125
2022-02-17,38.66999816894531,38.189998626708984,38.54999923706055,38.209999084472656,5100800.0,38.209999084472656
2022-02-18,38.29999923706055,37.7400016784668,38.2599983215332,37.75,7126600.0,37.75
2022-02-22,37.939998626708984,37.20000076293945,37.66999816894531,37.540000915527344,10349200.0,37.540000915527344
2022-02-23,37.93000030517578,37.25,37.880001068115234,37.279998779296875,6751600.0,37.279998779296875
2022-02-24,37.209999084472656,36.31999969482422,36.349998474121094,37.099998474121094,14660400.0,37.099998474121094
2022-02-25,38.150001525878906,37.27000045776367,37.349998474121094,38.150001525878906,12127800.0,38.150001525878906
2022-02-28,38.290000915527344,37.66999816894531,37.66999816894531,38.220001220703125,10055800.0,38.220001220703125
2022-03-01,38.40999984741211,37.59000015258789,38.2400016784668,37.70000076293945,9774800.0,37.70000076293945
2022-03-02,38.619998931884766,38.040000915527344,38.11000061035156,38.58000183105469,11700400.0,38.58000183105469
2022-03-03,38.779998779296875,38.31999969482422,38.560001373291016,38.439998626708984,6586500.0,38.439998626708984
2022-03-04,38.56999969482422,37.70000076293945,37.70000076293945,38.540000915527344,11257100.0,38.540000915527344
2022-03-07,38.7599983215332,38.060001373291016,38.619998931884766,38.060001373291016,9724700.0,38.060001373291016
2022-03-08,38.279998779296875,37.66999816894531,38.16999816894531,37.689998626708984,12681300.0,37.689998626708984
2022-03-09,38.52000045776367,37.91999816894531,38.119998931884766,38.45000076293945,7570400.0,38.45000076293945
2022-03-10,38.7599983215332,38.20000076293945,38.20000076293945,38.720001220703125,6660000.0,38.720001220703125
2022-03-11,39.0,38.5099983215332,38.81999969482422,38.52000045776367,5297100.0,38.52000045776367
2022-03-14,38.52000045776367,37.79999923706055,38.41999816894531,37.91999816894531,11528000.0,37.91999816894531
2022-03-15,38.11000061035156,37.5099983215332,37.720001220703125,38.099998474121094,6701600.0,38.099998474121094
2022-03-16,38.91999816894531,38.06999969482422,38.380001068115234,38.849998474121094,6824800.0,38.849998474121094
2022-03-17,39.63999938964844,38.900001525878906,38.959999084472656,39.630001068115234,8638000.0,39.630001068115234
2022-03-18,39.869998931884766,39.369998931884766,39.38999938964844,39.779998779296875,5873100.0,39.779998779296875
2022-03-21,40.22999954223633,39.880001068115234,39.95000076293945,40.209999084472656,5056100.0,40.209999084472656
2022-03-22,40.5099983215332,40.209999084472656,40.310001373291016,40.380001068115234,7382300.0,40.380001068115234
2022-03-23,40.45000076293945,40.060001373291016,40.279998779296875,40.060001373291016,6908200.0,40.060001373291016
2022-03-24,40.349998474121094,40.02000045776367,40.209999084472656,40.189998626708984,7328700.0,40.189998626708984
2022-03-25,40.59000015258789,40.20000076293945,40.2400016784668,40.59000015258789,5828300.0,40.59000015258789
2022-03-28,40.459999084472656,40.029998779296875,40.459999084472656,40.369998931884766,4141400.0,40.369998931884766
2022-03-29,40.68000030517578,40.25,40.4900016784668,40.59000015258789,9825900.0,40.59000015258789
2022-03-30,40.849998474121094,40.529998779296875,40.720001220703125,40.65999984741211,14440300.0,40.65999984741211
2022-03-31,40.779998779296875,40.209999084472656,40.470001220703125,40.209999084472656,7406900.0,40.209999084472656
2022-04-01,40.470001220703125,39.95000076293945,40.400001525878906,40.220001220703125,4927700.0,40.220001220703125
2022-04-04,40.630001068115234,40.279998779296875,40.459999084472656,40.619998931884766,6003100.0,40.619998931884766
2022-04-05,41.119998931884766,40.27000045776367,40.7400016784668,40.33000183105469,8778400.0,40.33000183105469
2022-04-06,40.310001373291016,39.720001220703125,40.2599983215332,39.900001525878906,5461900.0,39.900001525878906
2022-04-07,39.90999984741211,39.36000061035156,39.81999969482422,39.790000915527344,4337100.0,39.790000915527344
2022-04-08,40.0099983215332,39.65999984741211,39.7599983215332,39.88999938964844,3948700.0,39.88999938964844
2022-04-11,39.79999923706055,39.470001220703125,39.79999923706055,39.56999969482422,3116900.0,39.56999969482422
2022-04-12,39.91999816894531,39.34000015258789,39.75,39.400001525878906,4800700.0,39.400001525878906
2022-04-13,39.900001525878906,39.369998931884766,39.380001068115234,39.810001373291016,5945700.0,39.810001373291016
2022-04-14,39.91999816894531,39.619998931884766,39.810001373291016,39.68000030517578,2881700.0,39.68000030517578
2022-04-18,39.91999816894531,39.619998931884766,39.66999816894531,39.709999084472656,4311800.0,39.709999084472656
2022-04-19,40.04999923706055,39.56999969482422,39.61000061035156,40.02000045776367,4297000.0,40.02000045776367
2022-04-20,40.47999954223633,40.16999816894531,40.33000183105469,40.34000015258789,4993400.0,40.34000015258789
2022-04-21,40.58000183105469,39.369998931884766,40.54999923706055,39.45000076293945,7033400.0,39.45000076293945
2022-04-22,39.09000015258789,38.150001525878906,39.060001373291016,38.18000030517578,9333500.0,38.18000030517578
2022-04-25,38.0,37.099998474121094,37.650001525878906,37.84000015258789,9967800.0,37.84000015258789
2022-04-26,37.63999938964844,37.0099983215332,37.4900016784668,37.0099983215332,9298100.0,37.0099983215332
2022-04-27,37.349998474121094,36.779998779296875,37.0,37.09000015258789,6890800.0,37.09000015258789
2022-04-28,38.02000045776367,37.13999938964844,37.25,37.880001068115234,7905400.0,37.880001068115234
2022-04-29,38.13999938964844,37.02000045776367,37.880001068115234,37.04999923706055,10967500.0,37.04999923706055
2022-05-02,37.02000045776367,36.40999984741211,36.849998474121094,36.959999084472656,11175700.0,36.959999084472656
2022-05-03,37.689998626708984,37.04999923706055,37.04999923706055,37.459999084472656,9473600.0,37.459999084472656
2022-05-04,38.29999923706055,37.25,37.56999969482422,38.290000915527344,13718100.0,38.290000915527344
2022-05-05,38.04999923706055,36.790000915527344,38.04999923706055,37.06999969482422,14826700.0,37.06999969482422
2022-05-06,37.060001373291016,36.43000030517578,36.970001220703125,36.81999969482422,11723900.0,36.81999969482422
2022-05-09,36.369998931884766,35.33000183105469,36.31999969482422,35.38999938964844,12636600.0,35.38999938964844
2022-05-10,36.0,34.86000061035156,35.88999938964844,35.15999984741211,14857400.0,35.15999984741211
2022-05-11,35.97999954223633,35.06999969482422,35.349998474121094,35.189998626708984,13174400.0,35.189998626708984
2022-05-12,35.13999938964844,34.400001525878906,34.810001373291016,34.880001068115234,17429000.0,34.880001068115234
2022-05-13,36.04999923706055,35.029998779296875,35.029998779296875,35.900001525878906,8578500.0,35.900001525878906
2022-05-16,36.40999984741211,35.7400016784668,35.810001373291016,36.2400016784668,6732800.0,36.2400016784668
2022-05-17,36.849998474121094,36.41999816894531,36.58000183105469,36.84000015258789,6767700.0,36.84000015258789
2022-05-18,36.650001525878906,35.810001373291016,36.619998931884766,35.90999984741211,9279100.0,35.90999984741211
2022-05-19,36.630001068115234,35.7400016784668,35.77000045776367,36.31999969482422,8273700.0,36.31999969482422
2022-05-20,36.689998626708984,35.70000076293945,36.630001068115234,36.209999084472656,7641100.0,36.209999084472656
2022-05-23,37.029998779296875,36.349998474121094,36.59000015258789,36.84000015258789,6877400.0,36.84000015258789
2022-05-24,36.59000015258789,36.06999969482422,36.52000045776367,36.470001220703125,8769000.0,36.470001220703125
2022-05-25,36.779998779296875,36.27000045776367,36.27000045776367,36.650001525878906,6467800.0,36.650001525878906
2022-05-26,37.18000030517578,36.63999938964844,36.650001525878906,37.029998779296875,3989000.0,37.029998779296875
2022-05-27,37.66999816894531,37.220001220703125,37.290000915527344,37.619998931884766,6017100.0,37.619998931884766
2022-05-31,38.150001525878906,37.72999954223633,37.93000030517578,37.83000183105469,6418200.0,37.83000183105469
2022-06-01,38.16999816894531,37.52000045776367,38.060001373291016,37.75,3346700.0,37.75
2022-06-02,38.599998474121094,37.68000030517578,37.68000030517578,38.58000183105469,5070200.0,38.58000183105469
2022-06-03,38.400001525878906,37.959999084472656,38.310001373291016,38.02000045776367,3648600.0,38.02000045776367
2022-06-06,38.459999084472656,38.09000015258789,38.400001525878906,38.15999984741211,2233800.0,38.15999984741211
2022-06-07,38.47999954223633,37.84000015258789,37.849998474121094,38.47999954223633,2626900.0,38.47999954223633
2022-06-08,38.459999084472656,37.939998626708984,38.310001373291016,38.119998931884766,9586500.0,38.119998931884766
2022-06-09,37.70000076293945,37.02000045776367,37.599998474121094,37.02000045776367,5198600.0,37.02000045776367
2022-06-10,36.619998931884766,36.040000915527344,36.52000045776367,36.22999954223633,10593500.0,36.22999954223633
2022-06-13,35.470001220703125,34.81999969482422,35.40999984741211,35.0,11794900.0,35.0
2022-06-14,35.189998626708984,34.349998474121094,35.060001373291016,34.58000183105469,5967900.0,34.58000183105469
2022-06-15,35.189998626708984,34.16999816894531,34.93000030517578,34.88999938964844,7744600.0,34.88999938964844
2022-06-16,34.2599983215332,33.58000183105469,34.13999938964844,33.689998626708984,7373400.0,33.689998626708984
2022-06-17,33.7599983215332,32.959999084472656,33.56999969482422,33.310001373291016,5507900.0,33.310001373291016
2022-06-21,34.459999084472656,34.09000015258789,34.09000015258789,34.22999954223633,4842900.0,34.22999954223633
2022-06-22,34.04999923706055,33.439998626708984,33.709999084472656,33.709999084472656,5588900.0,33.709999084472656
2022-06-23,33.84000015258789,32.939998626708984,33.81999969482422,33.060001373291016,9456800.0,33.060001373291016
2022-06-24,33.939998626708984,33.310001373291016,33.349998474121094,33.93000030517578,7080600.0,33.93000030517578
2022-06-27,34.41999816894531,33.88999938964844,33.95000076293945,34.34000015258789,4911500.0,34.34000015258789
2022-06-28,34.880001068115234,34.189998626708984,34.54999923706055,34.290000915527344,4516400.0,34.290000915527344
2022-06-29,34.54999923706055,33.93000030517578,34.54999923706055,33.9900016784668,3858900.0,33.9900016784668
2022-06-30,33.7599983215332,33.20000076293945,33.61000061035156,33.68000030517578,5817900.0,33.68000030517578
2022-07-01,34.119998931884766,33.29999923706055,33.630001068115234,34.040000915527344,6846700.0,34.040000915527344
2022-07-05,33.40999984741211,32.560001373291016,33.31999969482422,33.20000076293945,10921800.0,33.20000076293945
2022-07-06,33.34000015258789,32.619998931884766,33.2599983215332,33.02000045776367,5765600.0,33.02000045776367
2022-07-07,33.81999969482422,33.33000183105469,33.34000015258789,33.7599983215332,8046500.0,33.7599983215332
2022-07-08,33.93000030517578,33.45000076293945,33.70000076293945,33.75,2495800.0,33.75
2022-07-11,33.47999954223633,33.20000076293945,33.43000030517578,33.27000045776367,3873300.0,33.27000045776367
2022-07-12,33.290000915527344,32.84000015258789,33.0099983215332,33.0,5545100.0,33.0
2022-07-13,33.13999938964844,32.4900016784668,32.70000076293945,33.0099983215332,7778700.0,33.0099983215332
2022-07-14,32.27000045776367,31.65999984741211,32.189998626708984,32.04999923706055,5545200.0,32.04999923706055
2022-07-15,32.540000915527344,32.13999938964844,32.40999984741211,32.38999938964844,3981600.0,32.38999938964844
2022-07-18,33.2599983215332,32.779998779296875,32.779998779296875,32.88999938964844,3194100.0,32.88999938964844
2022-07-19,33.77000045776367,33.18000030517578,33.2599983215332,33.7599983215332,3336200.0,33.7599983215332
2022-07-20,33.959999084472656,33.52000045776367,33.65999984741211,33.88999938964844,3778000.0,33.88999938964844
2022-07-21,33.97999954223633,33.470001220703125,33.75,33.959999084472656,2411600.0,33.959999084472656
2022-07-22,34.2400016784668,33.59000015258789,34.060001373291016,33.72999954223633,1943100.0,33.72999954223633
2022-07-25,34.189998626708984,33.849998474121094,33.939998626708984,34.189998626708984,3233300.0,34.189998626708984
2022-07-26,34.119998931884766,33.68000030517578,34.040000915527344,33.77000045776367,1987600.0,33.77000045776367
2022-07-27,34.65999984741211,33.970001220703125,34.08000183105469,34.54999923706055,4735100.0,34.54999923706055
2022-07-28,34.88999938964844,34.220001220703125,34.630001068115234,34.86000061035156,2496600.0,34.86000061035156
2022-07-29,35.36000061035156,34.880001068115234,34.880001068115234,35.310001373291016,3522300.0,35.310001373291016
2022-08-01,35.209999084472656,34.79999923706055,35.060001373291016,34.959999084472656,4159200.0,34.959999084472656
2022-08-02,35.189998626708984,34.66999816894531,34.849998474121094,34.7599983215332,2584100.0,34.7599983215332
2022-08-03,35.040000915527344,34.7400016784668,34.959999084472656,34.970001220703125,1601200.0,34.970001220703125
2022-08-04,35.04999923706055,34.849998474121094,34.91999816894531,34.939998626708984,1315300.0,34.939998626708984
