Date,High,Low,Open,Close,Volume,Adj Close
2017-08-07,20.200000762939453,20.06999969482422,20.149999618530273,20.149999618530273,7177100.0,15.733648300170898
2017-08-08,20.139999389648438,19.709999084472656,20.010000228881836,19.75,10587500.0,15.421321868896484
2017-08-09,19.799999237060547,19.59000015258789,19.75,19.75,10680000.0,15.421321868896484
2017-08-10,19.850000381469727,19.31999969482422,19.770000457763672,19.389999389648438,12089800.0,15.140223503112793
2017-08-11,19.420000076293945,18.979999542236328,19.31999969482422,19.06999969482422,8612600.0,14.890356063842773
2017-08-14,19.280000686645508,18.959999084472656,19.190000534057617,19.030000686645508,8107100.0,14.859125137329102
2017-08-15,19.030000686645508,18.780000686645508,19.020000457763672,18.850000381469727,9785200.0,14.718574523925781
2017-08-16,18.969999313354492,18.670000076293945,18.889999389648438,18.709999084472656,8460400.0,14.609260559082031
2017-08-17,18.68000030517578,18.389999389648438,18.649999618530273,18.399999618530273,9062900.0,14.367203712463379
2017-08-18,18.65999984741211,18.229999542236328,18.3700008392334,18.549999237060547,11593900.0,14.484329223632812
2017-08-21,18.6200008392334,18.440000534057617,18.579999923706055,18.549999237060547,12272100.0,14.484329223632812
2017-08-22,18.84000015258789,18.540000915527344,18.559999465942383,18.790000915527344,8245100.0,14.67172622680664
2017-08-23,19.1299991607666,18.719999313354492,18.729999542236328,19.010000228881836,8394800.0,14.84350872039795
2017-08-24,19.1200008392334,18.899999618530273,19.010000228881836,19.049999237060547,7708400.0,14.874741554260254
2017-08-25,19.260000228881836,19.059999465942383,19.1200008392334,19.170000076293945,7981700.0,14.968440055847168
2017-08-28,19.219999313354492,18.940000534057617,19.209999084472656,19.010000228881836,7887000.0,14.84350872039795
2017-08-29,19.040000915527344,18.889999389648438,18.920000076293945,19.020000457763672,8202000.0,14.851317405700684
2017-08-30,19.209999084472656,18.920000076293945,19.010000228881836,19.06999969482422,9498300.0,14.890356063842773
2017-08-31,19.399999618530273,19.09000015258789,19.1299991607666,19.329999923706055,11783200.0,15.093372344970703
2017-09-01,19.440000534057617,19.100000381469727,19.329999923706055,19.360000610351562,14322500.0,15.116796493530273
2017-09-05,19.600000381469727,19.229999542236328,19.399999618530273,19.350000381469727,10741100.0,15.108987808227539
2017-09-06,19.489999771118164,19.1299991607666,19.139999389648438,19.329999923706055,12714300.0,15.093372344970703
2017-09-07,19.3700008392334,19.100000381469727,19.329999923706055,19.139999389648438,6834800.0,14.945015907287598
2017-09-08,19.18000030517578,18.950000762939453,19.100000381469727,19.139999389648438,7987600.0,14.945015907287598
2017-09-11,19.549999237060547,19.200000762939453,19.219999313354492,19.440000534057617,8813800.0,15.179264068603516
2017-09-12,19.540000915527344,19.299999237060547,19.440000534057617,19.360000610351562,5994100.0,15.116796493530273
2017-09-13,19.479999542236328,19.290000915527344,19.360000610351562,19.440000534057617,5356800.0,15.179264068603516
2017-09-14,19.579999923706055,19.31999969482422,19.3799991607666,19.34000015258789,7746400.0,15.101177215576172
2017-09-15,19.40999984741211,19.229999542236328,19.399999618530273,19.360000610351562,9389600.0,15.116796493530273
2017-09-18,19.479999542236328,19.280000686645508,19.360000610351562,19.389999389648438,8201200.0,15.140223503112793
2017-09-19,19.600000381469727,19.360000610351562,19.440000534057617,19.559999465942383,7370800.0,15.27295970916748
2017-09-20,19.850000381469727,19.559999465942383,19.600000381469727,19.770000457763672,11068700.0,15.436938285827637
2017-09-21,19.75,19.229999542236328,19.75,19.31999969482422,9822500.0,15.085564613342285
2017-09-22,19.360000610351562,19.1200008392334,19.290000915527344,19.270000457763672,7744200.0,15.046523094177246
2017-09-25,19.75,19.290000915527344,19.360000610351562,19.690000534057617,9568900.0,15.374473571777344
2017-09-26,19.670000076293945,19.450000762939453,19.610000610351562,19.520000457763672,8493900.0,15.241729736328125
2017-09-27,19.540000915527344,19.239999771118164,19.530000686645508,19.329999923706055,6868500.0,15.093372344970703
2017-09-28,19.309999465942383,19.15999984741211,19.290000915527344,19.309999465942383,8349000.0,15.077754020690918
2017-09-29,19.350000381469727,19.110000610351562,19.280000686645508,19.18000030517578,8608100.0,14.976249694824219
2017-10-02,19.149999618530273,18.959999084472656,19.059999465942383,19.100000381469727,9306100.0,14.913784980773926
2017-10-03,19.110000610351562,18.850000381469727,19.100000381469727,18.850000381469727,12888500.0,14.718574523925781
2017-10-04,18.90999984741211,18.670000076293945,18.850000381469727,18.81999969482422,10162900.0,14.695151329040527
2017-10-05,19.1299991607666,18.81999969482422,18.850000381469727,19.100000381469727,11233900.0,14.913784980773926
2017-10-06,19.059999465942383,18.799999237060547,18.950000762939453,19.020000457763672,10325000.0,14.851317405700684
2017-10-09,19.170000076293945,19.0,19.020000457763672,19.030000686645508,5475400.0,14.859125137329102
2017-10-10,19.149999618530273,18.940000534057617,19.100000381469727,18.950000762939453,7105800.0,14.79665756225586
2017-10-11,19.06999969482422,18.940000534057617,18.979999542236328,19.049999237060547,9369700.0,14.874741554260254
2017-10-12,19.0,18.790000915527344,18.920000076293945,18.8799991607666,7513900.0,14.7420015335083
2017-10-13,19.010000228881836,18.75,19.0,18.760000228881836,7515700.0,14.648305892944336
2017-10-16,18.940000534057617,18.739999771118164,18.90999984741211,18.809999465942383,7374800.0,14.68734359741211
2017-10-17,18.75,18.530000686645508,18.639999389648438,18.68000030517578,13074800.0,14.585838317871094
2017-10-18,18.739999771118164,18.469999313354492,18.6200008392334,18.579999923706055,18359200.0,14.507756233215332
2017-10-19,18.770000457763672,18.420000076293945,18.510000228881836,18.649999618530273,16578700.0,14.562409400939941
2017-10-20,18.760000228881836,18.3799991607666,18.75,18.420000076293945,10159700.0,14.382821083068848
2017-10-23,18.399999618530273,18.040000915527344,18.360000610351562,18.1200008392334,14055100.0,14.148575782775879
2017-10-24,18.309999465942383,18.049999237060547,18.170000076293945,18.270000457763672,18149300.0,14.265695571899414
2017-10-25,18.290000915527344,17.84000015258789,18.190000534057617,17.959999084472656,17815300.0,14.023643493652344
2017-10-26,18.110000610351562,17.8700008392334,18.010000228881836,18.0,14522500.0,14.054878234863281
2017-10-27,18.309999465942383,17.81999969482422,17.899999618530273,18.030000686645508,17199900.0,14.078298568725586
2017-10-30,18.25,17.920000076293945,17.969999313354492,18.100000381469727,10822300.0,14.231624603271484
2017-10-31,18.149999618530273,17.90999984741211,18.06999969482422,18.110000610351562,14474500.0,14.239485740661621
2017-11-01,18.3799991607666,18.049999237060547,18.25,18.1299991607666,10526300.0,14.255213737487793
2017-11-02,18.1200008392334,17.729999542236328,18.06999969482422,17.799999237060547,12594900.0,13.99573802947998
2017-11-03,17.84000015258789,17.59000015258789,17.799999237060547,17.739999771118164,13227400.0,13.948563575744629
2017-11-06,18.1299991607666,17.799999237060547,17.809999465942383,18.079999923706055,12685300.0,14.215899467468262
2017-11-07,18.200000762939453,17.959999084472656,18.1200008392334,18.040000915527344,9192800.0,14.184449195861816
2017-11-08,18.09000015258789,17.90999984741211,18.010000228881836,18.0,10239500.0,14.152998924255371
2017-11-09,18.030000686645508,17.81999969482422,17.899999618530273,17.90999984741211,10060300.0,14.082229614257812
2017-11-10,17.899999618530273,17.649999618530273,17.860000610351562,17.670000076293945,9152100.0,13.893525123596191
2017-11-13,17.690000534057617,17.40999984741211,17.639999389648438,17.459999084472656,9465200.0,13.72840404510498
2017-11-14,17.540000915527344,17.270000457763672,17.420000076293945,17.43000030517578,15039800.0,13.704817771911621
2017-11-15,17.299999237060547,17.0,17.25,17.030000686645508,18971800.0,13.390307426452637
2017-11-16,17.100000381469727,16.809999465942383,17.049999237060547,16.829999923706055,15395900.0,13.233049392700195
2017-11-17,17.030000686645508,16.700000762939453,16.829999923706055,17.010000228881836,12236900.0,13.374579429626465
2017-11-20,17.170000076293945,16.93000030517578,16.979999542236328,17.059999465942383,9987600.0,13.413895606994629
2017-11-21,17.170000076293945,16.809999465942383,17.149999618530273,16.8700008392334,10450300.0,13.264503479003906
2017-11-22,17.200000762939453,16.920000076293945,16.920000076293945,17.100000381469727,9398500.0,13.445348739624023
2017-11-24,17.389999389648438,17.15999984741211,17.18000030517578,17.190000534057617,5146100.0,13.51611328125
2017-11-27,17.170000076293945,16.84000015258789,17.149999618530273,16.959999084472656,11961900.0,13.33526611328125
2017-11-28,17.200000762939453,16.920000076293945,17.0,17.030000686645508,16091900.0,13.390307426452637
2017-11-29,17.079999923706055,16.68000030517578,17.0,16.760000228881836,21742600.0,13.178011894226074
2017-11-30,17.260000228881836,16.770000457763672,16.770000457763672,17.229999542236328,28363300.0,13.547561645507812
2017-12-01,17.450000762939453,17.190000534057617,17.299999237060547,17.40999984741211,15082300.0,13.689091682434082
2017-12-04,17.5,17.239999771118164,17.399999618530273,17.25,16108300.0,13.563286781311035
2017-12-05,17.350000381469727,17.06999969482422,17.1299991607666,17.139999389648438,13974200.0,13.476799011230469
2017-12-06,17.239999771118164,16.889999389648438,17.09000015258789,17.110000610351562,15331100.0,13.453208923339844
2017-12-07,17.440000534057617,17.059999465942383,17.110000610351562,17.360000610351562,17648900.0,13.649776458740234
2017-12-08,17.850000381469727,17.3799991607666,17.420000076293945,17.790000915527344,21169500.0,13.987878799438477
2017-12-11,18.1200008392334,17.75,17.760000228881836,17.959999084472656,14200200.0,14.121546745300293
2017-12-12,18.020000457763672,17.719999313354492,17.75,17.75,13881200.0,13.956426620483398
2017-12-13,17.93000030517578,17.729999542236328,17.760000228881836,17.850000381469727,13765200.0,14.035049438476562
2017-12-14,17.989999771118164,17.780000686645508,17.799999237060547,17.84000015258789,13307700.0,14.027191162109375
2017-12-15,18.149999618530273,17.899999618530273,17.90999984741211,17.93000030517578,22931000.0,14.097957611083984
2017-12-18,18.190000534057617,17.969999313354492,17.989999771118164,18.0,13292500.0,14.152998924255371
2017-12-19,18.139999389648438,17.899999618530273,18.100000381469727,17.920000076293945,11268900.0,14.090092658996582
2017-12-20,17.93000030517578,17.68000030517578,17.93000030517578,17.760000228881836,18573300.0,13.964286804199219
2017-12-21,18.100000381469727,17.649999618530273,17.719999313354492,18.06999969482422,16184700.0,14.208035469055176
2017-12-22,18.139999389648438,18.020000457763672,18.030000686645508,18.049999237060547,8094500.0,14.192306518554688
2017-12-26,18.18000030517578,18.049999237060547,18.049999237060547,18.110000610351562,7586400.0,14.239485740661621
2017-12-27,18.190000534057617,18.049999237060547,18.1299991607666,18.1200008392334,11044400.0,14.247350692749023
2017-12-28,18.329999923706055,18.100000381469727,18.139999389648438,18.309999465942383,10501300.0,14.39674186706543
2017-12-29,18.34000015258789,18.059999465942383,18.309999465942383,18.06999969482422,10474300.0,14.208035469055176
2018-01-02,18.84000015258789,18.190000534057617,18.31999969482422,18.799999237060547,16189100.0,14.782013893127441
2018-01-03,19.0,18.700000762939453,18.8700008392334,18.959999084472656,13893600.0,14.907822608947754
2018-01-04,19.100000381469727,18.860000610351562,18.989999771118164,19.010000228881836,12718900.0,14.947135925292969
2018-01-05,19.079999923706055,18.75,19.06999969482422,18.950000762939453,11225300.0,14.899957656860352
2018-01-08,18.979999542236328,18.799999237060547,18.899999618530273,18.860000610351562,12309100.0,14.82919692993164
2018-01-09,19.0,18.81999969482422,18.850000381469727,18.940000534057617,10734400.0,14.892098426818848
2018-01-10,19.059999465942383,18.8799991607666,19.0,18.8799991607666,12593900.0,14.84492015838623
2018-01-11,19.219999313354492,18.75,18.799999237060547,19.200000762939453,17387600.0,15.096527099609375
2018-01-12,19.65999984741211,19.15999984741211,19.239999771118164,19.520000457763672,16117000.0,15.348136901855469
2018-01-16,19.829999923706055,19.3799991607666,19.670000076293945,19.389999389648438,20322000.0,15.245922088623047
2018-01-17,19.639999389648438,19.31999969482422,19.520000457763672,19.56999969482422,19501400.0,15.38745403289795
2018-01-18,19.520000457763672,18.770000457763672,19.5,19.010000228881836,37007800.0,14.947135925292969
2018-01-19,19.200000762939453,18.889999389648438,19.040000915527344,19.010000228881836,18004600.0,14.947135925292969
2018-01-22,19.639999389648438,19.010000228881836,19.049999237060547,19.6299991607666,15649300.0,15.434623718261719
2018-01-23,19.709999084472656,19.399999618530273,19.65999984741211,19.450000762939453,19891300.0,15.29310131072998
2018-01-24,19.559999465942383,19.1299991607666,19.520000457763672,19.139999389648438,17061900.0,15.049352645874023
2018-01-25,19.31999969482422,18.790000915527344,19.200000762939453,18.81999969482422,16503200.0,14.79774284362793
2018-01-26,18.989999771118164,18.690000534057617,18.979999542236328,18.770000457763672,17126900.0,14.758429527282715
2018-01-29,18.829999923706055,18.56999969482422,18.770000457763672,18.709999084472656,17204700.0,14.71125316619873
2018-01-30,18.540000915527344,18.219999313354492,18.5,18.229999542236328,18488200.0,14.430245399475098
2018-01-31,18.3799991607666,17.950000762939453,18.270000457763672,17.979999542236328,18709600.0,14.232352256774902
2018-02-01,18.079999923706055,17.809999465942383,18.020000457763672,18.059999465942383,13857900.0,14.295680046081543
2018-02-02,17.93000030517578,17.459999084472656,17.899999618530273,17.5,18493500.0,13.85240364074707
2018-02-05,17.479999542236328,16.56999969482422,17.280000686645508,16.809999465942383,23411900.0,13.306222915649414
2018-02-06,17.3799991607666,16.559999465942383,16.600000381469727,17.329999923706055,28022000.0,13.717836380004883
2018-02-07,17.540000915527344,17.229999542236328,17.299999237060547,17.290000915527344,19359700.0,13.686174392700195
2018-02-08,17.559999465942383,16.799999237060547,17.329999923706055,16.799999237060547,16484100.0,13.298306465148926
2018-02-09,17.389999389648438,16.6200008392334,16.959999084472656,17.239999771118164,30841800.0,13.64659595489502
2018-02-12,17.440000534057617,17.049999237060547,17.350000381469727,17.299999237060547,17074200.0,13.694087982177734
2018-02-13,17.450000762939453,17.139999389648438,17.200000762939453,17.389999389648438,9058300.0,13.765331268310547
2018-02-14,17.579999923706055,17.149999618530273,17.209999084472656,17.450000762939453,10854100.0,13.812826156616211
2018-02-15,17.649999618530273,17.149999618530273,17.579999923706055,17.309999465942383,14914000.0,13.702005386352539
2018-02-16,17.34000015258789,16.959999084472656,17.260000228881836,17.059999465942383,15042500.0,13.504115104675293
2018-02-20,17.190000534057617,16.899999618530273,17.049999237060547,17.0,13406600.0,13.456620216369629
2018-02-21,17.059999465942383,16.75,16.969999313354492,16.75,13464500.0,13.2587308883667
2018-02-22,17.040000915527344,16.610000610351562,16.84000015258789,16.65999984741211,10561700.0,13.18748664855957
2018-02-23,17.030000686645508,16.639999389648438,16.700000762939453,17.010000228881836,9748900.0,13.4645357131958
2018-02-26,17.059999465942383,16.760000228881836,17.059999465942383,16.920000076293945,12715300.0,13.393293380737305
2018-02-27,16.950000762939453,16.639999389648438,16.93000030517578,16.639999389648438,11665300.0,13.171656608581543
2018-02-28,16.760000228881836,16.190000534057617,16.75,16.200000762939453,16956900.0,12.823368072509766
2018-03-01,16.290000915527344,15.960000038146973,16.18000030517578,16.209999084472656,15126400.0,12.831283569335938
2018-03-02,16.18000030517578,15.859999656677246,16.1200008392334,16.100000381469727,13356400.0,12.744210243225098
2018-03-05,16.280000686645508,15.949999809265137,16.030000686645508,16.209999084472656,13559700.0,12.831283569335938
2018-03-06,16.290000915527344,16.0,16.280000686645508,16.110000610351562,13083200.0,12.752127647399902
2018-03-07,16.15999984741211,15.970000267028809,16.020000457763672,16.049999237060547,9583400.0,12.704632759094238
2018-03-08,16.100000381469727,15.949999809265137,16.100000381469727,16.010000228881836,11030700.0,12.672971725463867
2018-03-09,16.329999923706055,16.100000381469727,16.1200008392334,16.329999923706055,8484700.0,12.926271438598633
2018-03-12,16.610000610351562,16.209999084472656,16.309999465942383,16.549999237060547,11294800.0,13.100415229797363
2018-03-13,16.610000610351562,16.399999618530273,16.610000610351562,16.5,9944700.0,13.060839653015137
2018-03-14,16.600000381469727,16.350000381469727,16.59000015258789,16.420000076293945,9659900.0,12.997509956359863
2018-03-15,16.510000228881836,15.069999694824219,16.450000762939453,16.309999465942383,72457200.0,12.910440444946289
2018-03-16,16.5,16.1200008392334,16.270000457763672,16.40999984741211,21259000.0,12.98959732055664
2018-03-19,16.399999618530273,15.869999885559082,16.399999618530273,16.0,20386500.0,12.665054321289062
2018-03-20,16.190000534057617,15.470000267028809,16.049999237060547,15.609999656677246,23064900.0,12.356343269348145
2018-03-21,16.0,15.6899995803833,15.90999984741211,15.90999984741211,21448400.0,12.593811988830566
2018-03-22,15.789999961853027,15.359999656677246,15.739999771118164,15.359999656677246,18754700.0,12.158452987670898
2018-03-23,15.470000267028809,14.989999771118164,15.399999618530273,15.010000228881836,20378000.0,11.881403923034668
2018-03-26,15.180000305175781,14.819999694824219,15.100000381469727,15.130000114440918,18038200.0,11.976391792297363
2018-03-27,15.40999984741211,14.920000076293945,15.1899995803833,15.09000015258789,20579500.0,11.944729804992676
2018-03-28,15.1899995803833,14.760000228881836,15.09000015258789,14.8100004196167,23041600.0,11.723093032836914
2018-03-29,15.119999885559082,14.789999961853027,14.84000015258789,15.0600004196167,16265800.0,11.92098331451416
2018-04-02,15.15999984741211,14.770000457763672,15.020000457763672,14.899999618530273,13307800.0,11.794331550598145
2018-04-03,15.020000457763672,14.6899995803833,14.960000038146973,15.010000228881836,17176400.0,11.881403923034668
2018-04-04,15.210000038146973,14.729999542236328,14.890000343322754,15.15999984741211,13408500.0,12.000140190124512
2018-04-05,15.630000114440918,15.170000076293945,15.239999771118164,15.5,11549900.0,12.269272804260254
2018-04-06,15.460000038146973,15.029999732971191,15.40999984741211,15.170000076293945,10589100.0,12.008054733276367
2018-04-09,15.40999984741211,14.979999542236328,15.270000457763672,15.100000381469727,15866200.0,11.952646255493164
2018-04-10,15.680000305175781,15.079999923706055,15.149999618530273,15.609999656677246,23847200.0,12.356343269348145
2018-04-11,15.65999984741211,15.289999961853027,15.489999771118164,15.350000381469727,15816000.0,12.150537490844727
2018-04-12,15.420000076293945,15.229999542236328,15.399999618530273,15.34000015258789,16922700.0,12.142621040344238
2018-04-13,15.430000305175781,15.25,15.399999618530273,15.329999923706055,11745200.0,12.134703636169434
2018-04-16,15.75,15.289999961853027,15.390000343322754,15.680000305175781,13595000.0,12.41175365447998
2018-04-17,16.049999237060547,15.75,15.779999732971191,16.020000457763672,14451100.0,12.680886268615723
2018-04-18,16.31999969482422,16.1200008392334,16.149999618530273,16.170000076293945,17786300.0,12.799620628356934
2018-04-19,16.979999542236328,16.43000030517578,16.799999237060547,16.540000915527344,21268500.0,13.092500686645508
2018-04-20,16.6200008392334,16.3700008392334,16.579999923706055,16.469999313354492,14922500.0,13.037088394165039
2018-04-23,16.479999542236328,16.260000228881836,16.399999618530273,16.440000534057617,10180600.0,13.013345718383789
2018-04-24,16.510000228881836,16.18000030517578,16.5,16.270000457763672,11046300.0,12.878775596618652
2018-04-25,16.290000915527344,15.970000267028809,16.200000762939453,16.260000228881836,11536600.0,12.870861053466797
2018-04-26,16.329999923706055,16.059999465942383,16.299999237060547,16.219999313354492,11383700.0,12.839198112487793
2018-04-27,16.1299991607666,15.829999923706055,15.970000267028809,15.949999809265137,9826500.0,12.783099174499512
2018-04-30,16.020000457763672,15.819999694824219,15.9399995803833,15.819999694824219,14201600.0,12.678910255432129
2018-05-01,16.020000457763672,15.770000457763672,15.789999961853027,16.020000457763672,10253500.0,12.83919906616211
2018-05-02,16.209999084472656,15.899999618530273,15.960000038146973,16.15999984741211,14992900.0,12.951401710510254
2018-05-03,16.219999313354492,15.6899995803833,16.170000076293945,15.819999694824219,17124700.0,12.678910255432129
2018-05-04,16.18000030517578,15.739999771118164,15.75,16.110000610351562,14511800.0,12.91132926940918
2018-05-07,16.479999542236328,16.18000030517578,16.190000534057617,16.209999084472656,13680000.0,12.991472244262695
2018-05-08,16.299999237060547,16.040000915527344,16.299999237060547,16.06999969482422,17513400.0,12.879271507263184
2018-05-09,16.520000457763672,16.18000030517578,16.209999084472656,16.450000762939453,17015500.0,13.183821678161621
2018-05-10,16.670000076293945,16.399999618530273,16.549999237060547,16.5,14148900.0,13.223895072937012
2018-05-11,16.649999618530273,16.459999084472656,16.56999969482422,16.510000228881836,15939600.0,13.23190975189209
2018-05-14,16.700000762939453,16.520000457763672,16.549999237060547,16.639999389648438,9110700.0,13.336095809936523
2018-05-15,16.670000076293945,16.40999984741211,16.649999618530273,16.440000534057617,12467500.0,13.17580795288086
2018-05-16,16.479999542236328,16.31999969482422,16.440000534057617,16.399999618530273,10032200.0,13.143750190734863
2018-05-17,16.510000228881836,16.239999771118164,16.450000762939453,16.299999237060547,14536000.0,13.063605308532715
2018-05-18,16.329999923706055,16.020000457763672,16.290000915527344,16.06999969482422,12329300.0,12.879271507263184
2018-05-21,16.15999984741211,15.949999809265137,16.110000610351562,15.979999542236328,13106200.0,12.807140350341797
2018-05-22,16.139999389648438,15.869999885559082,16.0,15.9399995803833,13340400.0,12.7750825881958
2018-05-23,16.209999084472656,15.800000190734863,15.850000381469727,16.190000534057617,14377100.0,12.975444793701172
2018-05-24,16.139999389648438,15.850000381469727,16.139999389648438,15.880000114440918,13410800.0,12.726996421813965
2018-05-25,15.899999618530273,15.579999923706055,15.75,15.890000343322754,17522000.0,12.735011100769043
2018-05-29,16.459999084472656,15.989999771118164,16.350000381469727,16.040000915527344,26449700.0,12.855229377746582
2018-05-30,16.649999618530273,16.100000381469727,16.110000610351562,16.559999465942383,17941000.0,13.271980285644531
2018-05-31,16.739999771118164,16.450000762939453,16.520000457763672,16.68000030517578,24678200.0,13.368154525756836
2018-06-01,16.979999542236328,16.65999984741211,16.729999542236328,16.899999618530273,16805200.0,13.544471740722656
2018-06-04,17.06999969482422,16.799999237060547,16.940000534057617,16.940000534057617,18695800.0,13.576531410217285
2018-06-05,17.110000610351562,16.829999923706055,16.860000610351562,16.84000015258789,23440100.0,13.49638843536377
2018-06-06,16.959999084472656,16.670000076293945,16.889999389648438,16.719999313354492,17558100.0,13.400211334228516
2018-06-07,17.100000381469727,16.75,16.770000457763672,17.059999465942383,11120200.0,13.672706604003906
2018-06-08,17.100000381469727,16.75,17.06999969482422,16.850000381469727,10346200.0,13.504402160644531
2018-06-11,17.209999084472656,16.770000457763672,16.829999923706055,17.149999618530273,14213500.0,13.74483585357666
2018-06-12,17.200000762939453,16.90999984741211,17.139999389648438,16.93000030517578,12117000.0,13.568517684936523
2018-06-13,16.93000030517578,16.65999984741211,16.90999984741211,16.739999771118164,9435800.0,13.416240692138672
2018-06-14,16.969999313354492,16.760000228881836,16.790000915527344,16.950000762939453,12080000.0,13.584546089172363
2018-06-15,16.959999084472656,16.709999084472656,16.8799991607666,16.770000457763672,15486300.0,13.44028377532959
2018-06-18,17.190000534057617,16.770000457763672,16.799999237060547,17.15999984741211,12863300.0,13.752848625183105
2018-06-19,17.43000030517578,17.0,17.020000457763672,17.350000381469727,15071600.0,13.90512466430664
2018-06-20,17.65999984741211,17.399999618530273,17.469999313354492,17.489999771118164,13132400.0,14.017327308654785
2018-06-21,17.450000762939453,17.110000610351562,17.40999984741211,17.15999984741211,10463300.0,13.752848625183105
2018-06-22,17.65999984741211,17.3700008392334,17.440000534057617,17.389999389648438,15632700.0,13.93718433380127
2018-06-25,17.43000030517578,17.100000381469727,17.399999618530273,17.170000076293945,12750500.0,13.760863304138184
2018-06-26,17.6200008392334,17.270000457763672,17.420000076293945,17.549999237060547,12651000.0,14.065413475036621
2018-06-27,17.860000610351562,17.600000381469727,17.600000381469727,17.639999389648438,13172200.0,14.137544631958008
2018-06-28,17.770000457763672,17.40999984741211,17.649999618530273,17.479999542236328,11868300.0,14.009312629699707
2018-06-29,17.760000228881836,17.459999084472656,17.549999237060547,17.670000076293945,9772700.0,14.161588668823242
2018-07-02,17.600000381469727,17.31999969482422,17.600000381469727,17.43000030517578,7982300.0,13.96924114227295
2018-07-03,17.75,17.559999465942383,17.59000015258789,17.690000534057617,5716700.0,14.177617073059082
2018-07-05,17.81999969482422,17.579999923706055,17.760000228881836,17.579999923706055,7754400.0,14.089456558227539
2018-07-06,17.979999542236328,17.600000381469727,17.600000381469727,17.93000030517578,9307600.0,14.369966506958008
2018-07-09,18.149999618530273,17.93000030517578,17.989999771118164,18.100000381469727,8862900.0,14.506211280822754
2018-07-10,18.25,18.079999923706055,18.149999618530273,18.219999313354492,8600300.0,14.602384567260742
2018-07-11,18.25,17.75,18.049999237060547,17.860000610351562,10205700.0,14.313865661621094
2018-07-12,18.040000915527344,17.770000457763672,17.90999984741211,18.030000686645508,7365600.0,14.450108528137207
2018-07-13,18.149999618530273,17.8700008392334,17.989999771118164,17.90999984741211,8442000.0,14.353936195373535
2018-07-16,18.0,17.729999542236328,17.920000076293945,17.799999237060547,10771600.0,14.265774726867676
2018-07-17,17.780000686645508,17.559999465942383,17.709999084472656,17.690000534057617,12253200.0,14.177617073059082
2018-07-18,17.8799991607666,17.520000457763672,17.600000381469727,17.780000686645508,7864700.0,14.249749183654785
2018-07-19,18.450000762939453,17.899999618530273,17.989999771118164,17.989999771118164,19240100.0,14.41805362701416
2018-07-20,18.06999969482422,17.68000030517578,17.969999313354492,17.690000534057617,11396000.0,14.177617073059082
2018-07-23,17.84000015258789,17.59000015258789,17.770000457763672,17.700000762939453,8773200.0,14.18563175201416
2018-07-24,17.81999969482422,17.579999923706055,17.739999771118164,17.649999618530273,17547700.0,14.145562171936035
2018-07-25,17.940000534057617,17.40999984741211,17.520000457763672,17.899999618530273,14261000.0,14.34592056274414
2018-07-26,18.15999984741211,17.8799991607666,17.920000076293945,18.030000686645508,10606800.0,14.450108528137207
2018-07-27,18.139999389648438,17.719999313354492,18.030000686645508,17.899999618530273,12034800.0,14.34592056274414
2018-07-30,17.959999084472656,17.690000534057617,17.829999923706055,17.75,11211800.0,14.386445999145508
2018-07-31,17.899999618530273,17.600000381469727,17.770000457763672,17.780000686645508,19026700.0,14.410761833190918
2018-08-01,17.729999542236328,17.40999984741211,17.700000762939453,17.530000686645508,9874200.0,14.208136558532715
2018-08-02,17.770000457763672,17.350000381469727,17.450000762939453,17.68000030517578,17189600.0,14.3297119140625
2018-08-03,17.780000686645508,17.530000686645508,17.670000076293945,17.6200008392334,19225700.0,14.281081199645996
2018-08-06,18.020000457763672,17.600000381469727,17.65999984741211,17.950000762939453,12284500.0,14.548548698425293
2018-08-07,18.15999984741211,17.940000534057617,18.049999237060547,17.979999542236328,14014100.0,14.572861671447754
2018-08-08,18.0,17.8700008392334,17.920000076293945,17.920000076293945,9039900.0,14.524234771728516
2018-08-09,18.09000015258789,17.920000076293945,17.959999084472656,17.940000534057617,11918900.0,14.54044246673584
2018-08-10,18.25,17.860000610351562,17.90999984741211,18.170000076293945,12690600.0,14.72685718536377
2018-08-13,18.170000076293945,17.799999237060547,18.149999618530273,17.84000015258789,11398800.0,14.459394454956055
2018-08-14,18.110000610351562,17.899999618530273,17.940000534057617,17.950000762939453,7728500.0,14.548548698425293
2018-08-15,17.889999389648438,17.479999542236328,17.8700008392334,17.729999542236328,11341700.0,14.37023639678955
2018-08-16,18.040000915527344,17.790000915527344,17.850000381469727,17.81999969482422,10225300.0,14.443183898925781
2018-08-17,18.010000228881836,17.75,17.799999237060547,17.950000762939453,8150700.0,14.548548698425293
2018-08-20,18.020000457763672,17.850000381469727,18.0,17.90999984741211,8589900.0,14.51612663269043
2018-08-21,18.1200008392334,17.950000762939453,18.010000228881836,17.959999084472656,6507700.0,14.55665397644043
2018-08-22,18.329999923706055,17.989999771118164,18.0,18.280000686645508,9857300.0,14.816014289855957
2018-08-23,18.270000457763672,17.959999084472656,18.229999542236328,17.979999542236328,9733700.0,14.572861671447754
2018-08-24,18.18000030517578,17.90999984741211,18.059999465942383,17.969999313354492,9537300.0,14.564756393432617
2018-08-27,18.09000015258789,17.860000610351562,17.989999771118164,17.969999313354492,8176300.0,14.564756393432617
2018-08-28,18.0,17.790000915527344,17.940000534057617,17.809999465942383,6884200.0,14.435078620910645
2018-08-29,17.969999313354492,17.75,17.84000015258789,17.8799991607666,7969600.0,14.491812705993652
2018-08-30,17.899999618530273,17.600000381469727,17.8799991607666,17.780000686645508,9709700.0,14.410761833190918
2018-08-31,17.760000228881836,17.600000381469727,17.760000228881836,17.700000762939453,8973100.0,14.345921516418457
2018-09-04,17.700000762939453,17.540000915527344,17.65999984741211,17.6200008392334,9023600.0,14.281081199645996
2018-09-05,17.84000015258789,17.290000915527344,17.549999237060547,17.790000915527344,13386500.0,14.418867111206055
2018-09-06,17.8700008392334,17.59000015258789,17.739999771118164,17.670000076293945,10598600.0,14.321603775024414
2018-09-07,17.860000610351562,17.510000228881836,17.559999465942383,17.81999969482422,9290900.0,14.443183898925781
2018-09-10,18.010000228881836,17.68000030517578,17.8700008392334,17.690000534057617,11768100.0,14.33781623840332
2018-09-11,18.110000610351562,17.600000381469727,17.68000030517578,18.010000228881836,10708200.0,14.59717845916748
2018-09-12,18.299999237060547,18.010000228881836,18.049999237060547,18.15999984741211,14955800.0,14.71875286102295
2018-09-13,18.299999237060547,18.100000381469727,18.209999084472656,18.299999237060547,8203900.0,14.832221984863281
2018-09-14,18.270000457763672,17.84000015258789,18.260000228881836,18.059999465942383,10557300.0,14.637701034545898
2018-09-17,18.34000015258789,18.06999969482422,18.200000762939453,18.170000076293945,8621600.0,14.72685718536377
2018-09-18,18.399999618530273,18.100000381469727,18.209999084472656,18.1200008392334,10705500.0,14.686334609985352
2018-09-19,18.299999237060547,18.020000457763672,18.15999984741211,18.260000228881836,8459600.0,14.79980182647705
2018-09-20,18.350000381469727,18.020000457763672,18.329999923706055,18.040000915527344,13265200.0,14.62149429321289
2018-09-21,18.200000762939453,17.979999542236328,18.049999237060547,18.059999465942383,16882500.0,14.637701034545898
2018-09-24,18.209999084472656,17.700000762939453,18.15999984741211,17.889999389648438,15613100.0,14.499917030334473
2018-09-25,17.989999771118164,17.700000762939453,17.920000076293945,17.8799991607666,15233400.0,14.491812705993652
2018-09-26,17.8700008392334,17.600000381469727,17.829999923706055,17.610000610351562,9733400.0,14.27297592163086
2018-09-27,17.65999984741211,17.43000030517578,17.6200008392334,17.559999465942383,17119900.0,14.232449531555176
2018-09-28,17.90999984741211,17.540000915527344,17.56999969482422,17.729999542236328,14474500.0,14.37023639678955
2018-10-01,18.190000534057617,17.709999084472656,17.760000228881836,18.18000030517578,12650200.0,14.734964370727539
2018-10-02,18.270000457763672,17.959999084472656,18.139999389648438,18.079999923706055,9606700.0,14.653913497924805
2018-10-03,18.3799991607666,18.06999969482422,18.110000610351562,18.239999771118164,8861800.0,14.783595085144043
2018-10-04,18.360000610351562,18.079999923706055,18.25,18.270000457763672,10073000.0,14.807909965515137
2018-10-05,18.31999969482422,17.93000030517578,18.260000228881836,18.059999465942383,16178300.0,14.637701034545898
2018-10-08,18.239999771118164,17.940000534057617,17.969999313354492,18.209999084472656,10719700.0,14.759279251098633
2018-10-09,18.610000610351562,18.229999542236328,18.3700008392334,18.56999969482422,16049300.0,15.051058769226074
2018-10-10,18.670000076293945,17.979999542236328,18.56999969482422,18.0,26033400.0,14.589075088500977
2018-10-11,17.940000534057617,17.34000015258789,17.93000030517578,17.420000076293945,25720600.0,14.118979454040527
2018-10-12,17.760000228881836,17.219999313354492,17.600000381469727,17.510000228881836,19669700.0,14.191927909851074
2018-10-15,17.719999313354492,17.469999313354492,17.559999465942383,17.540000915527344,13041900.0,14.216242790222168
2018-10-16,18.020000457763672,17.520000457763672,17.610000610351562,17.920000076293945,11531300.0,14.524234771728516
2018-10-17,18.06999969482422,17.770000457763672,17.899999618530273,17.950000762939453,15484100.0,14.548548698425293
2018-10-18,18.469999313354492,17.780000686645508,17.829999923706055,17.940000534057617,21507100.0,14.54044246673584
2018-10-19,18.18000030517578,17.84000015258789,17.90999984741211,17.979999542236328,19574600.0,14.572861671447754
2018-10-22,18.020000457763672,17.40999984741211,18.0,17.440000534057617,17902500.0,14.1351900100708
2018-10-23,17.239999771118164,16.709999084472656,17.219999313354492,17.040000915527344,24566500.0,13.810988426208496
2018-10-24,17.079999923706055,16.479999542236328,17.049999237060547,16.510000228881836,20303000.0,13.381422996520996
2018-10-25,16.799999237060547,16.5,16.729999542236328,16.579999923706055,22189700.0,13.438155174255371
2018-10-26,16.75,16.239999771118164,16.549999237060547,16.59000015258789,30124900.0,13.44626235961914
2018-10-29,16.8700008392334,16.280000686645508,16.719999313354492,16.459999084472656,18091800.0,13.34089469909668
2018-10-30,16.780000686645508,16.270000457763672,16.270000457763672,16.760000228881836,20923100.0,13.751134872436523
2018-10-31,17.200000762939453,16.829999923706055,16.889999389648438,17.020000457763672,19937700.0,13.964457511901855
2018-11-01,17.350000381469727,16.969999313354492,17.09000015258789,17.15999984741211,13184900.0,14.07932186126709
2018-11-02,17.31999969482422,16.75,17.229999542236328,16.860000610351562,14811500.0,13.83318042755127
2018-11-05,17.290000915527344,16.979999542236328,17.030000686645508,17.260000228881836,11203500.0,14.161369323730469
2018-11-06,17.459999084472656,17.149999618530273,17.290000915527344,17.450000762939453,9787800.0,14.3172607421875
2018-11-07,17.760000228881836,17.329999923706055,17.649999618530273,17.5,9684900.0,14.358283996582031
2018-11-08,17.790000915527344,17.420000076293945,17.440000534057617,17.559999465942383,14210500.0,14.407511711120605
2018-11-09,17.649999618530273,17.329999923706055,17.399999618530273,17.530000686645508,10120200.0,14.382899284362793
2018-11-12,17.709999084472656,17.450000762939453,17.649999618530273,17.469999313354492,13007100.0,14.33366870880127
2018-11-13,17.690000534057617,17.100000381469727,17.5,17.18000030517578,14875900.0,14.095731735229492
2018-11-14,17.440000534057617,16.8799991607666,17.350000381469727,16.940000534057617,14933200.0,13.898820877075195
2018-11-15,17.229999542236328,16.700000762939453,16.8799991607666,17.170000076293945,18448000.0,14.087525367736816
2018-11-16,17.350000381469727,17.1200008392334,17.15999984741211,17.280000686645508,10178400.0,14.177779197692871
2018-11-19,17.459999084472656,17.18000030517578,17.200000762939453,17.420000076293945,16311500.0,14.292645454406738
2018-11-20,17.329999923706055,16.8700008392334,17.25,16.959999084472656,15553500.0,13.915227890014648
2018-11-21,17.40999984741211,16.93000030517578,17.040000915527344,17.170000076293945,13309700.0,14.087525367736816
2018-11-23,16.940000534057617,16.540000915527344,16.899999618530273,16.610000610351562,8137600.0,13.628063201904297
2018-11-26,16.8700008392334,16.690000534057617,16.700000762939453,16.719999313354492,12750300.0,13.71831226348877
2018-11-27,16.770000457763672,16.530000686645508,16.729999542236328,16.729999542236328,12342100.0,13.726518630981445
2018-11-28,16.8700008392334,16.31999969482422,16.709999084472656,16.860000610351562,17048000.0,13.83318042755127
2018-11-29,17.0,16.729999542236328,16.81999969482422,16.8700008392334,15474200.0,13.841385841369629
2018-11-30,17.079999923706055,16.729999542236328,16.8700008392334,17.06999969482422,20395300.0,14.005477905273438
2018-12-03,17.440000534057617,17.149999618530273,17.219999313354492,17.299999237060547,15765500.0,14.194188117980957
2018-12-04,17.3799991607666,16.639999389648438,17.280000686645508,16.68000030517578,21066300.0,13.68549633026123
2018-12-06,16.489999771118164,15.979999542236328,16.440000534057617,16.459999084472656,22289200.0,13.50499153137207
2018-12-07,16.8799991607666,16.34000015258789,16.68000030517578,16.350000381469727,15298900.0,13.414740562438965
2018-12-10,16.25,15.720000267028809,16.190000534057617,16.040000915527344,16803400.0,13.160392761230469
2018-12-11,16.360000610351562,15.979999542236328,16.270000457763672,16.1200008392334,12089900.0,13.226031303405762
2018-12-12,16.479999542236328,16.200000762939453,16.290000915527344,16.229999542236328,16007100.0,13.316280364990234
2018-12-13,16.670000076293945,16.209999084472656,16.239999771118164,16.40999984741211,16420200.0,13.463966369628906
2018-12-14,16.450000762939453,16.1299991607666,16.260000228881836,16.170000076293945,10709200.0,13.267054557800293
2018-12-17,16.360000610351562,15.729999542236328,16.139999389648438,15.84000015258789,15838700.0,12.996298789978027
2018-12-18,15.960000038146973,15.449999809265137,15.850000381469727,15.529999732971191,17581600.0,12.741950988769531
2018-12-19,16.020000457763672,15.390000343322754,15.579999923706055,15.569999694824219,20368300.0,12.77476978302002
2018-12-20,15.789999961853027,15.359999656677246,15.569999694824219,15.550000190734863,26602600.0,12.758360862731934
2018-12-21,15.9399995803833,15.420000076293945,15.430000305175781,15.569999694824219,29108600.0,12.77476978302002
2018-12-24,15.489999771118164,14.710000038146973,15.34000015258789,14.710000038146973,14096200.0,12.069161415100098
2018-12-26,15.640000343322754,14.619999885559082,14.8100004196167,15.640000343322754,17290200.0,12.832204818725586
2018-12-27,15.550000190734863,14.970000267028809,15.369999885559082,15.510000228881836,20730400.0,12.725542068481445
2018-12-28,15.579999923706055,15.140000343322754,15.510000228881836,15.289999961853027,17755400.0,12.545037269592285
2018-12-31,15.460000038146973,15.149999618530273,15.3100004196167,15.380000114440918,17005500.0,12.618880271911621
2019-01-02,15.9399995803833,15.100000381469727,15.199999809265137,15.800000190734863,15676500.0,12.963479995727539
2019-01-03,16.049999237060547,15.529999732971191,15.869999885559082,15.710000038146973,18259000.0,12.88963794708252
2019-01-04,16.309999465942383,15.949999809265137,15.970000267028809,16.239999771118164,12821300.0,13.324487686157227
2019-01-07,16.6299991607666,16.209999084472656,16.299999237060547,16.59000015258789,13515900.0,13.611654281616211
2019-01-08,17.170000076293945,16.65999984741211,16.75,17.139999389648438,20422300.0,14.06291389465332
2019-01-09,17.3700008392334,17.049999237060547,17.299999237060547,17.260000228881836,20096900.0,14.161369323730469
2019-01-10,17.3700008392334,17.020000457763672,17.18000030517578,17.360000610351562,16987600.0,14.243419647216797
2019-01-11,17.399999618530273,16.950000762939453,17.209999084472656,17.110000610351562,26792200.0,14.038299560546875
2019-01-14,17.309999465942383,16.90999984741211,16.90999984741211,17.229999542236328,17797300.0,14.136754989624023
2019-01-15,17.40999984741211,17.170000076293945,17.219999313354492,17.31999969482422,16187000.0,14.21059799194336
2019-01-16,17.610000610351562,17.290000915527344,17.34000015258789,17.469999313354492,18946700.0,14.33366870880127
2019-01-17,17.989999771118164,16.93000030517578,17.110000610351562,17.719999313354492,23621900.0,14.538785934448242
2019-01-18,18.049999237060547,17.68000030517578,17.8799991607666,18.010000228881836,17833900.0,14.776723861694336
2019-01-22,17.920000076293945,17.559999465942383,17.889999389648438,17.6299991607666,24361700.0,14.464945793151855
2019-01-23,17.760000228881836,17.049999237060547,17.719999313354492,17.239999771118164,21019300.0,14.144960403442383
2019-01-24,17.549999237060547,17.200000762939453,17.209999084472656,17.479999542236328,14817900.0,14.341874122619629
2019-01-25,17.899999618530273,17.56999969482422,17.600000381469727,17.739999771118164,15189900.0,14.555195808410645
2019-01-28,17.920000076293945,17.540000915527344,17.600000381469727,17.889999389648438,13721000.0,14.678267478942871
2019-01-29,18.110000610351562,17.799999237060547,17.969999313354492,18.049999237060547,15680000.0,14.809541702270508
2019-01-30,18.190000534057617,17.940000534057617,17.950000762939453,18.09000015258789,14595600.0,15.008663177490234
2019-01-31,18.15999984741211,17.940000534057617,18.139999389648438,18.100000381469727,13933200.0,15.016959190368652
2019-02-01,18.360000610351562,18.030000686645508,18.100000381469727,18.350000381469727,11041400.0,15.224376678466797
2019-02-04,18.3700008392334,18.209999084472656,18.229999542236328,18.360000610351562,11746200.0,15.232675552368164
2019-02-05,18.479999542236328,18.270000457763672,18.31999969482422,18.469999313354492,11186200.0,15.323938369750977
2019-02-06,18.3700008392334,18.010000228881836,18.31999969482422,18.059999465942383,13230100.0,14.98377513885498
2019-02-07,18.06999969482422,17.709999084472656,18.020000457763672,17.959999084472656,11599400.0,14.90080738067627
2019-02-08,18.020000457763672,17.770000457763672,17.90999984741211,18.020000457763672,8613300.0,14.950590133666992
2019-02-11,18.299999237060547,17.8799991607666,17.950000762939453,18.270000457763672,13701200.0,15.158001899719238
2019-02-12,18.559999465942383,18.350000381469727,18.440000534057617,18.479999542236328,14593900.0,15.332233428955078
2019-02-13,18.790000915527344,18.520000457763672,18.530000686645508,18.739999771118164,18725100.0,15.547944068908691
2019-02-14,18.920000076293945,18.649999618530273,18.700000762939453,18.8799991607666,13248200.0,15.664097785949707
2019-02-15,18.979999542236328,18.760000228881836,18.959999084472656,18.799999237060547,19219700.0,15.597724914550781
2019-02-19,19.219999313354492,18.729999542236328,18.75,19.149999618530273,18435400.0,15.888110160827637
2019-02-20,19.31999969482422,19.1200008392334,19.139999389648438,19.170000076293945,13786900.0,15.904701232910156
2019-02-21,19.260000228881836,19.059999465942383,19.149999618530273,19.190000534057617,15212800.0,15.921296119689941
2019-02-22,19.469999313354492,19.110000610351562,19.31999969482422,19.31999969482422,15291800.0,16.029151916503906
2019-02-25,19.43000030517578,19.190000534057617,19.290000915527344,19.299999237060547,14741500.0,16.01255989074707
2019-02-26,19.440000534057617,19.190000534057617,19.299999237060547,19.219999313354492,16229900.0,15.946183204650879
2019-02-27,19.350000381469727,18.969999313354492,19.309999465942383,19.280000686645508,9682100.0,15.995967864990234
2019-02-28,19.31999969482422,19.1299991607666,19.299999237060547,19.15999984741211,11822500.0,15.896404266357422
2019-03-01,19.739999771118164,19.190000534057617,19.200000762939453,19.739999771118164,19780200.0,16.377613067626953
2019-03-04,19.860000610351562,19.520000457763672,19.81999969482422,19.850000381469727,17989400.0,16.468873977661133
2019-03-05,20.0,19.690000534057617,19.899999618530273,19.969999313354492,14184800.0,16.568435668945312
2019-03-06,20.010000228881836,19.81999969482422,19.950000762939453,20.0,15263000.0,16.593326568603516
2019-03-07,20.0,19.780000686645508,19.979999542236328,19.84000015258789,17013100.0,16.46057891845703
2019-03-08,19.770000457763672,19.469999313354492,19.739999771118164,19.729999542236328,17677400.0,16.36931800842285
2019-03-11,20.020000457763672,19.81999969482422,19.8799991607666,19.899999618530273,12887000.0,16.510360717773438
2019-03-12,20.0,19.760000228881836,19.8799991607666,19.860000610351562,18940600.0,16.477174758911133
2019-03-13,20.059999465942383,19.889999389648438,19.950000762939453,19.979999542236328,17137900.0,16.576732635498047
2019-03-14,20.09000015258789,19.889999389648438,20.0,19.979999542236328,13336700.0,16.576732635498047
2019-03-15,20.0,19.799999237060547,19.899999618530273,19.8700008392334,28630200.0,16.485469818115234
2019-03-18,20.010000228881836,19.84000015258789,19.860000610351562,19.989999771118164,16565600.0,16.58502769470215
2019-03-19,20.18000030517578,19.90999984741211,20.030000686645508,20.049999237060547,19594400.0,16.634809494018555
2019-03-20,20.299999237060547,19.969999313354492,20.059999465942383,20.09000015258789,15680000.0,16.667993545532227
2019-03-21,20.440000534057617,19.950000762939453,20.049999237060547,20.420000076293945,17873700.0,16.941783905029297
2019-03-22,20.219999313354492,19.8799991607666,20.219999313354492,19.899999618530273,18977400.0,16.510360717773438
2019-03-25,20.170000076293945,19.729999542236328,19.889999389648438,20.1299991607666,14471200.0,16.701183319091797
2019-03-26,20.399999618530273,20.010000228881836,20.290000915527344,20.09000015258789,10840700.0,16.667993545532227
2019-03-27,20.1200008392334,19.790000915527344,19.989999771118164,19.979999542236328,13129300.0,16.576732635498047
2019-03-28,19.959999084472656,19.690000534057617,19.899999618530273,19.950000762939453,15986200.0,16.551843643188477
2019-03-29,20.190000534057617,19.899999618530273,20.049999237060547,20.010000228881836,12665800.0,16.601621627807617
2019-04-01,20.209999084472656,19.959999084472656,20.06999969482422,20.040000915527344,23043800.0,16.626516342163086
2019-04-02,20.079999923706055,19.899999618530273,20.020000457763672,20.049999237060547,13659300.0,16.634809494018555
2019-04-03,20.09000015258789,19.809999465942383,20.06999969482422,19.889999389648438,11839900.0,16.502059936523438
2019-04-04,19.940000534057617,19.760000228881836,19.899999618530273,19.920000076293945,13201100.0,16.526952743530273
2019-04-05,20.06999969482422,19.84000015258789,19.899999618530273,20.049999237060547,9349800.0,16.634809494018555
2019-04-08,20.110000610351562,19.860000610351562,20.049999237060547,19.940000534057617,10194900.0,16.543546676635742
2019-04-09,19.920000076293945,19.670000076293945,19.809999465942383,19.889999389648438,9516200.0,16.502059936523438
2019-04-10,19.959999084472656,19.760000228881836,19.959999084472656,19.84000015258789,9980900.0,16.46057891845703
2019-04-11,19.950000762939453,19.75,19.81999969482422,19.920000076293945,6844300.0,16.526952743530273
2019-04-12,20.030000686645508,19.780000686645508,19.989999771118164,19.81999969482422,12234400.0,16.443986892700195
2019-04-15,19.84000015258789,19.690000534057617,19.809999465942383,19.790000915527344,8894000.0,16.419097900390625
2019-04-16,19.920000076293945,19.719999313354492,19.799999237060547,19.809999465942383,10665300.0,16.435688018798828
2019-04-17,19.8700008392334,19.68000030517578,19.8700008392334,19.690000534057617,11622600.0,16.33613395690918
2019-04-18,19.829999923706055,19.149999618530273,19.610000610351562,19.389999389648438,23450100.0,16.08722686767578
2019-04-22,20.100000381469727,19.520000457763672,19.579999923706055,20.030000686645508,20438700.0,16.61821746826172
2019-04-23,20.100000381469727,19.84000015258789,20.049999237060547,20.079999923706055,14768000.0,16.659698486328125
2019-04-24,20.1200008392334,19.950000762939453,20.020000457763672,20.079999923706055,12995800.0,16.659698486328125
2019-04-25,20.239999771118164,19.969999313354492,20.040000915527344,19.969999313354492,12878400.0,16.568435668945312
2019-04-26,20.239999771118164,19.899999618530273,19.959999084472656,20.229999542236328,15682400.0,16.784149169921875
2019-04-29,20.0,19.670000076293945,19.93000030517578,19.860000610351562,12905200.0,16.683345794677734
2019-04-30,20.079999923706055,19.770000457763672,19.90999984741211,19.8700008392334,18959600.0,16.69174575805664
2019-05-01,19.940000534057617,19.59000015258789,19.860000610351562,19.59000015258789,10815500.0,16.456531524658203
2019-05-02,19.6299991607666,19.350000381469727,19.549999237060547,19.360000610351562,12380300.0,16.263320922851562
2019-05-03,19.690000534057617,19.459999084472656,19.489999771118164,19.530000686645508,11857700.0,16.406129837036133
2019-05-06,19.59000015258789,19.3799991607666,19.40999984741211,19.440000534057617,11380200.0,16.33052635192871
2019-05-07,19.670000076293945,19.239999771118164,19.260000228881836,19.559999465942383,15226900.0,16.43132781982422
2019-05-08,19.799999237060547,19.440000534057617,19.520000457763672,19.670000076293945,12798600.0,16.52373504638672
2019-05-09,19.799999237060547,19.469999313354492,19.59000015258789,19.729999542236328,10568200.0,16.57413673400879
2019-05-10,19.719999313354492,19.309999465942383,19.389999389648438,19.700000762939453,22458200.0,16.548933029174805
2019-05-13,19.739999771118164,19.40999984741211,19.600000381469727,19.670000076293945,12008000.0,16.52373504638672
2019-05-14,20.06999969482422,19.719999313354492,19.770000457763672,19.93000030517578,13180300.0,16.742145538330078
2019-05-15,20.280000686645508,19.90999984741211,19.940000534057617,20.139999389648438,11610200.0,16.918556213378906
2019-05-16,20.459999084472656,20.15999984741211,20.229999542236328,20.420000076293945,11815000.0,17.15376853942871
2019-05-17,20.549999237060547,20.149999618530273,20.290000915527344,20.209999084472656,12568400.0,16.977359771728516
2019-05-20,20.329999923706055,20.1200008392334,20.219999313354492,20.290000915527344,12507900.0,17.044567108154297
2019-05-21,20.56999969482422,20.260000228881836,20.299999237060547,20.34000015258789,10707300.0,17.086566925048828
2019-05-22,20.389999389648438,20.170000076293945,20.260000228881836,20.34000015258789,12994500.0,17.086566925048828
2019-05-23,20.200000762939453,19.809999465942383,20.18000030517578,19.959999084472656,17335700.0,16.767351150512695
2019-05-24,20.1200008392334,19.979999542236328,20.040000915527344,20.059999465942383,9645300.0,16.851350784301758
2019-05-28,20.229999542236328,19.770000457763672,20.110000610351562,19.8799991607666,15454200.0,16.700145721435547
2019-05-29,19.969999313354492,19.579999923706055,19.719999313354492,19.90999984741211,13586500.0,16.725345611572266
2019-05-30,20.270000457763672,19.940000534057617,20.0,20.059999465942383,23522000.0,16.851350784301758
2019-05-31,20.100000381469727,19.770000457763672,19.860000610351562,19.950000762939453,14576800.0,16.758949279785156
2019-06-03,20.15999984741211,19.899999618530273,20.06999969482422,20.139999389648438,17651000.0,16.918556213378906
2019-06-04,20.420000076293945,20.1299991607666,20.149999618530273,20.34000015258789,12118500.0,17.086566925048828
2019-06-05,20.530000686645508,20.190000534057617,20.3700008392334,20.469999313354492,14187300.0,17.195770263671875
2019-06-06,21.1200008392334,20.459999084472656,20.5,20.860000610351562,17335200.0,17.523393630981445
2019-06-07,21.25,20.850000381469727,20.850000381469727,21.1299991607666,27581700.0,17.75020408630371
2019-06-10,21.190000534057617,20.84000015258789,21.18000030517578,20.8799991607666,13990800.0,17.540191650390625
2019-06-11,20.989999771118164,20.56999969482422,20.989999771118164,20.780000686645508,13338500.0,17.45619010925293
2019-06-12,20.65999984741211,20.309999465942383,20.59000015258789,20.3799991607666,13500700.0,17.120166778564453
2019-06-13,20.600000381469727,20.3799991607666,20.479999542236328,20.520000457763672,10054900.0,17.237777709960938
2019-06-14,20.700000762939453,20.459999084472656,20.610000610351562,20.530000686645508,7534300.0,17.24617576599121
2019-06-17,20.579999923706055,20.270000457763672,20.420000076293945,20.520000457763672,10170900.0,17.237777709960938
2019-06-18,20.850000381469727,20.6299991607666,20.649999618530273,20.799999237060547,10490400.0,17.472984313964844
2019-06-19,21.020000457763672,20.68000030517578,20.799999237060547,20.940000534057617,10637200.0,17.59059715270996
2019-06-20,21.31999969482422,21.020000457763672,21.149999618530273,21.100000381469727,11726300.0,17.725004196166992
2019-06-21,21.399999618530273,21.100000381469727,21.110000610351562,21.3799991607666,20937100.0,17.960214614868164
2019-06-24,21.5,21.1299991607666,21.440000534057617,21.15999984741211,9477900.0,17.77540397644043
2019-06-25,21.1200008392334,20.540000915527344,21.079999923706055,20.579999923706055,18208400.0,17.288177490234375
2019-06-26,20.809999465942383,20.600000381469727,20.65999984741211,20.639999389648438,13960600.0,17.338581085205078
2019-06-27,20.649999618530273,20.299999237060547,20.610000610351562,20.40999984741211,16180200.0,17.145368576049805
2019-06-28,20.8799991607666,20.469999313354492,20.510000228881836,20.8799991607666,15049100.0,17.540191650390625
2019-07-01,21.059999465942383,20.860000610351562,21.010000228881836,20.8799991607666,9671800.0,17.540191650390625
2019-07-02,21.100000381469727,20.8700008392334,20.899999618530273,20.989999771118164,8805300.0,17.63259506225586
2019-07-03,21.09000015258789,20.860000610351562,21.0,21.079999923706055,5638000.0,17.708202362060547
2019-07-05,21.1200008392334,20.920000076293945,21.020000457763672,21.110000610351562,5317400.0,17.7334041595459
2019-07-08,21.239999771118164,21.010000228881836,21.059999465942383,21.059999465942383,8368800.0,17.69139862060547
2019-07-09,21.260000228881836,20.989999771118164,21.030000686645508,21.239999771118164,8998100.0,17.842609405517578
2019-07-10,21.3799991607666,21.149999618530273,21.280000686645508,21.18000030517578,13145000.0,17.792205810546875
2019-07-11,21.280000686645508,21.059999465942383,21.239999771118164,21.270000457763672,12844400.0,17.867813110351562
2019-07-12,21.40999984741211,21.209999084472656,21.299999237060547,21.290000915527344,9298300.0,17.884613037109375
2019-07-15,21.3700008392334,21.209999084472656,21.299999237060547,21.239999771118164,10602300.0,17.842609405517578
2019-07-16,21.239999771118164,20.8799991607666,21.200000762939453,20.90999984741211,13494400.0,17.565393447875977
2019-07-17,21.0,20.579999923706055,20.950000762939453,20.59000015258789,12659200.0,17.29657554626465
2019-07-18,20.43000030517578,20.079999923706055,20.110000610351562,20.420000076293945,23602000.0,17.15376853942871
2019-07-19,20.649999618530273,20.280000686645508,20.459999084472656,20.5,14109800.0,17.22097396850586
2019-07-22,20.81999969482422,20.489999771118164,20.520000457763672,20.770000457763672,8897000.0,17.447786331176758
2019-07-23,20.860000610351562,20.559999465942383,20.790000915527344,20.59000015258789,9347300.0,17.29657554626465
2019-07-24,20.75,20.540000915527344,20.56999969482422,20.649999618530273,9142300.0,17.346981048583984
2019-07-25,20.84000015258789,20.520000457763672,20.84000015258789,20.579999923706055,9062200.0,17.288177490234375
2019-07-26,20.899999618530273,20.700000762939453,20.770000457763672,20.850000381469727,16583800.0,17.51499366760254
2019-07-29,20.940000534057617,20.649999618530273,20.860000610351562,20.889999389648438,15285100.0,17.54859161376953
2019-07-30,20.709999084472656,20.420000076293945,20.549999237060547,20.690000534057617,14444300.0,17.59110450744629
2019-07-31,20.770000457763672,20.389999389648438,20.690000534057617,20.6200008392334,20274000.0,17.531587600708008
2019-08-01,20.90999984741211,20.520000457763672,20.549999237060547,20.770000457763672,21456400.0,17.659122467041016
2019-08-02,20.829999923706055,20.18000030517578,20.770000457763672,20.209999084472656,15042800.0,17.18299674987793
2019-08-05,20.049999237060547,19.56999969482422,19.90999984741211,19.84000015258789,18919500.0,16.8684139251709
2019-08-06,20.059999465942383,19.729999542236328,19.8799991607666,20.030000686645508,13971400.0,17.029958724975586
2019-08-07,20.020000457763672,19.510000228881836,19.799999237060547,19.969999313354492,20533700.0,16.97894287109375
2019-08-08,20.3700008392334,20.020000457763672,20.079999923706055,20.3700008392334,18487900.0,17.31903076171875
2019-08-09,20.510000228881836,20.270000457763672,20.360000610351562,20.3700008392334,14481300.0,17.31903076171875
2019-08-12,20.350000381469727,20.1299991607666,20.34000015258789,20.34000015258789,17046600.0,17.29352378845215
2019-08-13,20.639999389648438,20.260000228881836,20.360000610351562,20.510000228881836,15399500.0,17.43806266784668
2019-08-14,20.309999465942383,19.799999237060547,20.190000534057617,19.799999237060547,15012600.0,16.83440589904785
2019-08-15,19.969999313354492,19.670000076293945,19.920000076293945,19.8799991607666,10636000.0,16.902421951293945
2019-08-16,20.200000762939453,19.809999465942383,19.90999984741211,20.1299991607666,10532400.0,17.114980697631836
2019-08-19,20.489999771118164,20.270000457763672,20.299999237060547,20.40999984741211,11649700.0,17.35304069519043
2019-08-20,20.450000762939453,20.110000610351562,20.420000076293945,20.139999389648438,11233700.0,17.12348175048828
2019-08-21,20.549999237060547,20.309999465942383,20.40999984741211,20.389999389648438,14030100.0,17.33603286743164
2019-08-22,20.40999984741211,20.139999389648438,20.399999618530273,20.200000762939453,12004300.0,17.17449378967285
2019-08-23,20.18000030517578,19.5,20.049999237060547,19.56999969482422,16647200.0,16.63885498046875
2019-08-26,20.020000457763672,19.670000076293945,19.770000457763672,19.920000076293945,9681100.0,16.936431884765625
2019-08-27,20.1299991607666,19.81999969482422,20.049999237060547,20.040000915527344,17853600.0,17.038461685180664
2019-08-28,20.329999923706055,20.020000457763672,20.139999389648438,20.260000228881836,10081300.0,17.225505828857422
2019-08-29,20.489999771118164,20.15999984741211,20.43000030517578,20.399999618530273,9894900.0,17.344539642333984
2019-08-30,20.469999313354492,20.15999984741211,20.43000030517578,20.270000457763672,13755700.0,17.234010696411133
2019-09-03,20.1299991607666,19.899999618530273,20.059999465942383,20.1200008392334,12318100.0,17.106475830078125
2019-09-04,20.459999084472656,20.209999084472656,20.280000686645508,20.329999923706055,7697700.0,17.28502082824707
2019-09-05,20.649999618530273,20.40999984741211,20.440000534057617,20.510000228881836,10107800.0,17.43806266784668
2019-09-06,20.559999465942383,20.329999923706055,20.489999771118164,20.40999984741211,7077400.0,17.35304069519043
2019-09-09,20.559999465942383,20.239999771118164,20.510000228881836,20.40999984741211,10638000.0,17.35304069519043
2019-09-10,20.3799991607666,20.020000457763672,20.31999969482422,20.229999542236328,16417700.0,17.200000762939453
2019-09-11,20.5,20.239999771118164,20.290000915527344,20.450000762939453,9579600.0,17.38705062866211
2019-09-12,20.540000915527344,20.350000381469727,20.469999313354492,20.420000076293945,10131300.0,17.361543655395508
2019-09-13,20.549999237060547,20.309999465942383,20.440000534057617,20.469999313354492,21171300.0,17.404052734375
2019-09-16,20.989999771118164,20.56999969482422,20.829999923706055,20.670000076293945,20590600.0,17.5740966796875
2019-09-17,20.90999984741211,20.549999237060547,20.639999389648438,20.739999771118164,15570400.0,17.63361358642578
2019-09-18,20.729999542236328,20.579999923706055,20.649999618530273,20.670000076293945,6926600.0,17.5740966796875
2019-09-19,20.84000015258789,20.59000015258789,20.799999237060547,20.690000534057617,8588400.0,17.59110450744629
2019-09-20,20.959999084472656,20.6299991607666,20.780000686645508,20.920000076293945,14678000.0,17.786653518676758
2019-09-23,20.959999084472656,20.770000457763672,20.790000915527344,20.780000686645508,5832100.0,17.667625427246094
2019-09-24,20.860000610351562,20.420000076293945,20.780000686645508,20.56999969482422,10448000.0,17.48907470703125
2019-09-25,20.65999984741211,20.469999313354492,20.56999969482422,20.510000228881836,7519900.0,17.43806266784668
2019-09-26,20.579999923706055,20.299999237060547,20.489999771118164,20.520000457763672,6735400.0,17.446569442749023
2019-09-27,20.760000228881836,20.469999313354492,20.559999465942383,20.670000076293945,7434800.0,17.5740966796875
2019-09-30,20.709999084472656,20.549999237060547,20.600000381469727,20.610000610351562,7114700.0,17.52308464050293
2019-10-01,20.739999771118164,20.239999771118164,20.700000762939453,20.290000915527344,9124300.0,17.251014709472656
2019-10-02,20.31999969482422,20.110000610351562,20.25,20.170000076293945,10052700.0,17.148988723754883
2019-10-03,20.469999313354492,19.93000030517578,20.139999389648438,20.3799991607666,8894100.0,17.327533721923828
2019-10-04,20.540000915527344,20.309999465942383,20.399999618530273,20.520000457763672,6372000.0,17.446569442749023
2019-10-07,20.56999969482422,20.290000915527344,20.540000915527344,20.299999237060547,6852900.0,17.259517669677734
2019-10-08,20.270000457763672,19.969999313354492,20.190000534057617,20.010000228881836,10209200.0,17.01295280456543
2019-10-09,20.290000915527344,20.100000381469727,20.1200008392334,20.18000030517578,7999600.0,17.157489776611328
2019-10-10,20.309999465942383,20.110000610351562,20.200000762939453,20.239999771118164,7224200.0,17.2085018157959
2019-10-11,20.420000076293945,20.200000762939453,20.389999389648438,20.229999542236328,10394100.0,17.200000762939453
2019-10-14,20.170000076293945,19.989999771118164,20.110000610351562,20.139999389648438,8104600.0,17.12348175048828
2019-10-15,20.31999969482422,20.040000915527344,20.100000381469727,20.18000030517578,13819300.0,17.157489776611328
2019-10-16,20.18000030517578,20.0,20.1299991607666,20.020000457763672,17041600.0,17.02145767211914
2019-10-17,20.1299991607666,19.6299991607666,19.950000762939453,20.06999969482422,14347900.0,17.063961029052734
2019-10-18,20.18000030517578,19.950000762939453,20.049999237060547,20.020000457763672,13167600.0,17.02145767211914
2019-10-21,20.350000381469727,20.06999969482422,20.15999984741211,20.15999984741211,10712400.0,17.140485763549805
2019-10-22,20.559999465942383,20.149999618530273,20.200000762939453,20.31999969482422,10341200.0,17.276521682739258
2019-10-23,20.40999984741211,20.18000030517578,20.290000915527344,20.399999618530273,8392400.0,17.344539642333984
2019-10-24,20.709999084472656,20.40999984741211,20.459999084472656,20.440000534057617,10368000.0,17.3785457611084
2019-10-25,20.469999313354492,20.09000015258789,20.239999771118164,20.420000076293945,10813800.0,17.361543655395508
2019-10-28,20.530000686645508,20.170000076293945,20.5,20.18000030517578,10192300.0,17.157489776611328
2019-10-29,20.3799991607666,20.06999969482422,20.15999984741211,20.170000076293945,11717900.0,17.148988723754883
2019-10-30,20.149999618530273,19.850000381469727,19.920000076293945,20.0,13624300.0,17.217859268188477
2019-10-31,20.040000915527344,19.829999923706055,19.989999771118164,19.979999542236328,16191700.0,17.200641632080078
2019-11-01,20.5,20.049999237060547,20.079999923706055,20.5,10812200.0,17.648305892944336
2019-11-04,20.729999542236328,20.469999313354492,20.540000915527344,20.559999465942383,12401500.0,17.6999568939209
2019-11-05,20.670000076293945,20.219999313354492,20.579999923706055,20.520000457763672,12327000.0,17.66552734375
2019-11-06,20.559999465942383,20.18000030517578,20.5,20.209999084472656,10078700.0,17.39864730834961
2019-11-07,20.34000015258789,19.989999771118164,20.34000015258789,20.040000915527344,11991100.0,17.252296447753906
2019-11-08,20.110000610351562,19.8799991607666,20.0,20.030000686645508,11920100.0,17.243688583374023
2019-11-11,20.049999237060547,19.860000610351562,19.899999618530273,19.940000534057617,9692900.0,17.16620635986328
2019-11-12,20.18000030517578,19.90999984741211,19.979999542236328,20.06999969482422,11715600.0,17.278118133544922
2019-11-13,20.43000030517578,20.040000915527344,20.040000915527344,20.350000381469727,17233300.0,17.51917266845703
2019-11-14,20.510000228881836,20.1200008392334,20.3700008392334,20.219999313354492,15853600.0,17.40725326538086
2019-11-15,20.520000457763672,20.290000915527344,20.350000381469727,20.440000534057617,23110500.0,17.596651077270508
2019-11-18,20.43000030517578,20.09000015258789,20.299999237060547,20.139999389648438,11152000.0,17.33838653564453
2019-11-19,20.170000076293945,19.979999542236328,20.149999618530273,20.010000228881836,11201000.0,17.226470947265625
2019-11-20,20.170000076293945,19.959999084472656,20.0,20.059999465942383,12223500.0,17.269514083862305
2019-11-21,20.200000762939453,20.040000915527344,20.100000381469727,20.15999984741211,11577400.0,17.355602264404297
2019-11-22,20.229999542236328,19.950000762939453,20.200000762939453,19.959999084472656,9727400.0,17.183422088623047
2019-11-25,20.09000015258789,19.899999618530273,20.049999237060547,19.959999084472656,14192100.0,17.183422088623047
2019-11-26,20.049999237060547,19.610000610351562,19.950000762939453,19.700000762939453,23962500.0,16.959590911865234
2019-11-27,19.799999237060547,19.510000228881836,19.75,19.729999542236328,12139500.0,16.98541831970215
2019-11-29,19.719999313354492,19.5,19.719999313354492,19.610000610351562,7196200.0,16.882112503051758
2019-12-02,19.639999389648438,19.399999618530273,19.610000610351562,19.399999618530273,10745800.0,16.701322555541992
2019-12-03,19.350000381469727,19.1299991607666,19.329999923706055,19.149999618530273,13395000.0,16.486101150512695
2019-12-04,19.34000015258789,19.139999389648438,19.25,19.299999237060547,11296000.0,16.615236282348633
2019-12-05,19.700000762939453,19.309999465942383,19.329999923706055,19.68000030517578,17301800.0,16.942373275756836
2019-12-06,19.8700008392334,19.670000076293945,19.709999084472656,19.75,11642300.0,17.002635955810547
2019-12-09,19.969999313354492,19.600000381469727,19.6200008392334,19.940000534057617,12351100.0,17.16620635986328
2019-12-10,20.219999313354492,19.8700008392334,19.8799991607666,20.1200008392334,12785800.0,17.3211669921875
2019-12-11,20.219999313354492,20.079999923706055,20.1200008392334,20.200000762939453,9534700.0,17.390037536621094
2019-12-12,20.459999084472656,20.09000015258789,20.200000762939453,20.149999618530273,15906200.0,17.346994400024414
2019-12-13,20.3700008392334,20.079999923706055,20.149999618530273,20.200000762939453,13741300.0,17.390037536621094
2019-12-16,20.59000015258789,20.270000457763672,20.34000015258789,20.579999923706055,11817600.0,17.71717643737793
2019-12-17,20.709999084472656,20.469999313354492,20.579999923706055,20.510000228881836,10447200.0,17.65691375732422
2019-12-18,20.790000915527344,20.469999313354492,20.489999771118164,20.719999313354492,16324100.0,17.837703704833984
2019-12-19,20.850000381469727,20.68000030517578,20.719999313354492,20.84000015258789,8582900.0,17.941007614135742
2019-12-20,21.010000228881836,20.790000915527344,21.0,20.969999313354492,19257600.0,18.05292510986328
2019-12-23,21.260000228881836,20.8799991607666,20.950000762939453,21.200000762939453,9969700.0,18.250932693481445
2019-12-24,21.190000534057617,21.049999237060547,21.18000030517578,21.1299991607666,3476400.0,18.1906681060791
2019-12-26,21.360000610351562,21.170000076293945,21.190000534057617,21.200000762939453,7086800.0,18.250932693481445
2019-12-27,21.309999465942383,21.059999465942383,21.260000228881836,21.079999923706055,8172500.0,18.147624969482422
2019-12-30,21.190000534057617,20.950000762939453,21.100000381469727,21.030000686645508,7926500.0,18.104581832885742
2019-12-31,21.18000030517578,20.950000762939453,21.0,21.170000076293945,10033500.0,18.2251033782959
2020-01-02,21.25,20.989999771118164,21.25,21.040000915527344,10373100.0,18.113189697265625
2020-01-03,21.209999084472656,21.020000457763672,21.06999969482422,21.200000762939453,10148700.0,18.250932693481445
2020-01-06,21.459999084472656,21.059999465942383,21.100000381469727,21.280000686645508,13978300.0,18.31980323791504
2020-01-07,21.350000381469727,21.09000015258789,21.34000015258789,21.329999923706055,14736900.0,18.36284637451172
2020-01-08,21.360000610351562,21.139999389648438,21.270000457763672,21.15999984741211,10651500.0,18.216495513916016
2020-01-09,21.549999237060547,21.059999465942383,21.170000076293945,21.549999237060547,16251400.0,18.552242279052734
2020-01-10,21.68000030517578,21.31999969482422,21.43000030517578,21.510000228881836,16032400.0,18.517807006835938
2020-01-13,21.649999618530273,21.329999923706055,21.510000228881836,21.549999237060547,12536500.0,18.552242279052734
2020-01-14,21.56999969482422,21.229999542236328,21.5,21.459999084472656,12631500.0,18.474763870239258
2020-01-15,21.5,21.299999237060547,21.3700008392334,21.40999984741211,9684100.0,18.431716918945312
2020-01-16,21.549999237060547,21.309999465942383,21.5,21.3700008392334,11522900.0,18.39728355407715
2020-01-17,21.40999984741211,21.270000457763672,21.389999389648438,21.360000610351562,10242000.0,18.388675689697266
2020-01-21,21.34000015258789,20.920000076293945,21.270000457763672,20.93000030517578,14430400.0,18.01848793029785
2020-01-22,21.1200008392334,20.93000030517578,20.989999771118164,20.959999084472656,10219900.0,18.044315338134766
2020-01-23,21.8799991607666,21.219999313354492,21.3799991607666,21.760000228881836,25959700.0,18.733030319213867
2020-01-24,21.770000457763672,21.43000030517578,21.770000457763672,21.559999465942383,16731800.0,18.560850143432617
2020-01-27,21.530000686645508,21.239999771118164,21.299999237060547,21.290000915527344,14226500.0,18.328413009643555
2020-01-28,21.56999969482422,21.360000610351562,21.40999984741211,21.459999084472656,9144900.0,18.474763870239258
2020-01-29,21.530000686645508,21.139999389648438,21.440000534057617,21.190000534057617,12419900.0,18.24232292175293
2020-01-30,21.459999084472656,21.0,21.0,21.420000076293945,19972900.0,18.440326690673828
2020-01-31,21.15999984741211,20.760000228881836,21.020000457763672,20.8700008392334,20696100.0,18.179012298583984
2020-02-03,21.040000915527344,20.709999084472656,20.860000610351562,20.809999465942383,13293400.0,18.126747131347656
2020-02-04,21.219999313354492,20.950000762939453,21.040000915527344,21.0,13540600.0,18.292245864868164
2020-02-05,21.3799991607666,21.149999618530273,21.149999618530273,21.290000915527344,12061400.0,18.54485511779785
2020-02-06,21.479999542236328,21.209999084472656,21.309999465942383,21.329999923706055,8197800.0,18.579696655273438
2020-02-07,21.31999969482422,21.079999923706055,21.25,21.1200008392334,7202000.0,18.396774291992188
2020-02-10,21.34000015258789,21.049999237060547,21.06999969482422,21.31999969482422,9681300.0,18.57098388671875
2020-02-11,21.5,21.360000610351562,21.459999084472656,21.459999084472656,9409200.0,18.692935943603516
2020-02-12,21.8700008392334,21.559999465942383,21.579999923706055,21.809999465942383,10774100.0,18.997806549072266
2020-02-13,21.989999771118164,21.790000915527344,21.8700008392334,21.940000534057617,13643900.0,19.111045837402344
2020-02-14,22.09000015258789,21.889999389648438,22.0,22.0,8824300.0,19.163305282592773
2020-02-18,22.020000457763672,21.850000381469727,21.979999542236328,22.010000228881836,11007400.0,19.172016143798828
2020-02-19,22.350000381469727,21.959999084472656,22.06999969482422,22.15999984741211,11498800.0,19.302675247192383
2020-02-20,22.579999923706055,22.190000534057617,22.360000610351562,22.239999771118164,18830400.0,19.37236213684082
2020-02-21,22.229999542236328,21.899999618530273,22.100000381469727,22.139999389648438,14432400.0,19.285253524780273
2020-02-24,22.020000457763672,21.6200008392334,21.709999084472656,21.770000457763672,19068300.0,18.962966918945312
2020-02-25,21.940000534057617,21.010000228881836,21.850000381469727,21.049999237060547,19427000.0,18.335798263549805
2020-02-26,21.040000915527344,20.450000762939453,21.020000457763672,20.520000457763672,17465600.0,17.874143600463867
2020-02-27,20.3799991607666,19.510000228881836,20.190000534057617,19.520000457763672,23662500.0,17.003080368041992
2020-02-28,19.280000686645508,18.399999618530273,19.020000457763672,19.170000076293945,32726800.0,16.698209762573242
2020-03-02,20.290000915527344,19.100000381469727,19.360000610351562,20.239999771118164,22540300.0,17.63024139404297
2020-03-03,20.690000534057617,19.59000015258789,20.350000381469727,19.850000381469727,20242700.0,17.290529251098633
2020-03-04,20.3799991607666,19.979999542236328,20.15999984741211,20.229999542236328,18485700.0,17.621532440185547
2020-03-05,20.100000381469727,19.3799991607666,19.809999465942383,19.700000762939453,16981900.0,17.159868240356445
2020-03-06,19.440000534057617,18.600000381469727,19.190000534057617,19.329999923706055,23715800.0,16.83757972717285
2020-03-09,17.399999618530273,16.0,17.25,16.100000381469727,43807500.0,14.024056434631348
2020-03-10,17.239999771118164,14.949999809265137,16.700000762939453,16.040000915527344,33913900.0,13.971792221069336
2020-03-11,16.040000915527344,15.130000114440918,15.520000457763672,15.5,31677900.0,13.501420974731445
2020-03-12,14.600000381469727,13.449999809265137,14.220000267028809,13.859999656677246,35722200.0,12.072882652282715
2020-03-13,15.130000114440918,13.220000267028809,15.029999732971191,14.779999732971191,40427800.0,12.874258041381836
2020-03-16,13.880000114440918,12.649999618530273,13.119999885559082,12.729999542236328,26557400.0,11.088586807250977
2020-03-17,13.399999618530273,12.319999694824219,12.880000114440918,12.640000343322754,26658900.0,11.010190963745117
2020-03-18,11.869999885559082,9.4399995803833,11.789999961853027,9.979999542236328,46226100.0,8.693172454833984
2020-03-19,11.449999809265137,9.420000076293945,10.029999732971191,11.199999809265137,34340100.0,9.755865097045898
2020-03-20,12.4399995803833,11.149999618530273,11.84000015258789,12.350000381469727,40081000.0,10.757583618164062
2020-03-23,12.319999694824219,11.010000228881836,12.020000457763672,11.029999732971191,25384600.0,9.60778522491455
2020-03-24,12.9399995803833,11.359999656677246,12.010000228881836,12.880000114440918,20610000.0,11.219245910644531
2020-03-25,14.75,12.449999809265137,13.039999961853027,13.729999542236328,28456500.0,11.95964527130127
2020-03-26,14.850000381469727,13.760000228881836,13.9399995803833,14.479999542236328,25315900.0,12.612939834594727
2020-03-27,14.359999656677246,13.59000015258789,13.760000228881836,13.75,21313100.0,11.977066993713379
2020-03-30,13.5,12.640000343322754,13.399999618530273,13.270000457763672,24655700.0,11.5589599609375
2020-03-31,14.199999809265137,13.170000076293945,13.460000038146973,13.920000076293945,23995400.0,12.125146865844727
2020-04-01,13.279999732971191,12.5,13.050000190734863,12.729999542236328,17770600.0,11.088586807250977
2020-04-02,14.130000114440918,12.989999771118164,13.180000305175781,13.449999809265137,20015700.0,11.71574878692627
2020-04-03,13.770000457763672,12.880000114440918,13.449999809265137,13.40999984741211,26863800.0,11.680906295776367
2020-04-06,14.199999809265137,13.619999885559082,13.960000038146973,13.989999771118164,19274300.0,12.18612003326416
2020-04-07,14.770000457763672,14.020000457763672,14.649999618530273,14.199999809265137,19149400.0,12.369043350219727
2020-04-08,14.890000343322754,14.180000305175781,14.380000114440918,14.829999923706055,13820100.0,12.917811393737793
2020-04-09,15.890000343322754,14.899999618530273,15.199999809265137,15.359999656677246,17469900.0,13.379471778869629
2020-04-13,15.880000114440918,14.729999542236328,15.75,14.949999809265137,13918900.0,13.022336959838867
2020-04-14,15.239999771118164,14.829999923706055,14.989999771118164,15.119999885559082,17458500.0,13.170418739318848
2020-04-15,14.770000457763672,14.020000457763672,14.369999885559082,14.350000381469727,15941700.0,12.499702453613281
2020-04-16,14.390000343322754,13.9399995803833,14.239999771118164,14.109999656677246,14946400.0,12.29064655303955
2020-04-17,15.0,14.300000190734863,14.359999656677246,14.970000267028809,18663000.0,13.039758682250977
2020-04-20,15.15999984741211,14.029999732971191,14.140000343322754,14.6899995803833,17581900.0,12.795862197875977
2020-04-21,14.710000038146973,13.979999542236328,14.199999809265137,14.460000038146973,17292100.0,12.59552001953125
2020-04-22,15.039999961853027,14.239999771118164,15.0,14.670000076293945,16835600.0,12.7784423828125
2020-04-23,15.229999542236328,13.949999809265137,14.930000305175781,14.210000038146973,24468000.0,12.377754211425781
2020-04-24,14.859999656677246,14.130000114440918,14.4399995803833,14.619999885559082,18682500.0,12.734889030456543
2020-04-27,15.220000267028809,14.470000267028809,14.5,15.020000457763672,13026400.0,13.08331298828125
2020-04-28,15.489999771118164,14.920000076293945,15.3100004196167,15.1899995803833,14502700.0,13.231391906738281
2020-04-29,15.949999809265137,15.520000457763672,15.680000305175781,15.710000038146973,19466300.0,13.684344291687012
2020-04-30,15.619999885559082,15.100000381469727,15.609999656677246,15.229999542236328,20850400.0,13.2662353515625
2020-05-01,14.90999984741211,14.359999656677246,14.850000381469727,14.5600004196167,16490300.0,12.905484199523926
2020-05-04,14.789999961853027,14.289999961853027,14.329999923706055,14.649999618530273,16134100.0,12.985257148742676
2020-05-05,15.15999984741211,14.800000190734863,14.800000190734863,14.949999809265137,14603400.0,13.251166343688965
2020-05-06,15.170000076293945,14.600000381469727,15.0,14.720000267028809,10674200.0,13.04730224609375
2020-05-07,15.239999771118164,14.819999694824219,14.989999771118164,14.9399995803833,12556700.0,13.242302894592285
2020-05-08,15.399999618530273,15.100000381469727,15.220000267028809,15.350000381469727,10993100.0,13.605714797973633
2020-05-11,15.460000038146973,15.15999984741211,15.170000076293945,15.359999656677246,10008400.0,13.61457633972168
2020-05-12,15.529999732971191,14.960000038146973,15.40999984741211,14.989999771118164,10375400.0,13.28662109375
2020-05-13,14.989999771118164,14.640000343322754,14.930000305175781,14.729999542236328,12381800.0,13.05616569519043
2020-05-14,14.890000343322754,14.15999984741211,14.470000267028809,14.84000015258789,12761900.0,13.153666496276855
2020-05-15,15.039999961853027,14.65999984741211,14.869999885559082,14.84000015258789,18656100.0,13.153666496276855
2020-05-18,15.680000305175781,15.329999923706055,15.529999732971191,15.489999771118164,18883500.0,13.729802131652832
2020-05-19,15.510000228881836,15.220000267028809,15.449999809265137,15.34000015258789,10795200.0,13.59684944152832
2020-05-20,15.770000457763672,15.420000076293945,15.609999656677246,15.649999618530273,16743300.0,13.871621131896973
2020-05-21,15.770000457763672,15.3100004196167,15.680000305175781,15.359999656677246,9708700.0,13.61457633972168
2020-05-22,15.4399995803833,14.960000038146973,15.220000267028809,15.40999984741211,8303300.0,13.658895492553711
2020-05-26,15.979999542236328,15.720000267028809,15.8100004196167,15.800000190734863,10353300.0,14.00457763671875
2020-05-27,16.079999923706055,15.460000038146973,16.0,15.970000267028809,11162300.0,14.155259132385254
2020-05-28,16.1200008392334,15.649999618530273,16.079999923706055,15.720000267028809,10905400.0,13.933669090270996
2020-05-29,15.850000381469727,15.3100004196167,15.59000015258789,15.800000190734863,16079100.0,14.00457763671875
2020-06-01,15.819999694824219,15.539999961853027,15.770000457763672,15.770000457763672,8452000.0,13.977987289428711
2020-06-02,15.949999809265137,15.720000267028809,15.869999885559082,15.880000114440918,9581300.0,14.07548713684082
2020-06-03,16.18000030517578,15.890000343322754,16.020000457763672,16.149999618530273,11732600.0,14.314805030822754
2020-06-04,16.25,16.010000228881836,16.1299991607666,16.229999542236328,10676100.0,14.385713577270508
2020-06-05,16.959999084472656,16.579999923706055,16.75,16.719999313354492,14209700.0,14.820033073425293
2020-06-08,17.969999313354492,17.040000915527344,17.059999465942383,17.969999313354492,21611600.0,15.927989959716797
2020-06-09,17.510000228881836,17.149999618530273,17.479999542236328,17.290000915527344,19012500.0,15.325263977050781
2020-06-10,17.25,16.81999969482422,17.1299991607666,16.93000030517578,18755300.0,15.006170272827148
2020-06-11,16.260000228881836,15.449999809265137,16.059999465942383,15.510000228881836,27110700.0,13.747530937194824
2020-06-12,16.0,15.15999984741211,15.989999771118164,15.5,17371000.0,13.738667488098145
2020-06-15,16.040000915527344,14.84000015258789,14.970000267028809,15.850000381469727,14474100.0,14.048894882202148
2020-06-16,16.3799991607666,15.609999656677246,16.34000015258789,15.970000267028809,13193400.0,14.155259132385254
2020-06-17,16.010000228881836,15.670000076293945,15.920000076293945,15.680000305175781,9871300.0,13.898213386535645
2020-06-18,15.90999984741211,15.510000228881836,15.5600004196167,15.770000457763672,12326100.0,13.977987289428711
2020-06-19,16.139999389648438,15.510000228881836,16.139999389648438,15.520000457763672,23956200.0,13.756394386291504
2020-06-22,15.619999885559082,15.3100004196167,15.449999809265137,15.609999656677246,11062900.0,13.83616828918457
2020-06-23,15.859999656677246,15.40999984741211,15.819999694824219,15.4399995803833,8689300.0,13.68548583984375
2020-06-24,15.279999732971191,14.609999656677246,15.260000228881836,14.8100004196167,13438600.0,13.127076148986816
2020-06-25,15.079999923706055,14.680000305175781,14.75,14.960000038146973,10540700.0,13.260028839111328
2020-06-26,14.890000343322754,14.369999885559082,14.890000343322754,14.470000267028809,15547100.0,12.82571029663086
2020-06-29,14.789999961853027,14.470000267028809,14.539999961853027,14.65999984741211,11274200.0,12.994120597839355
2020-06-30,15.229999542236328,14.5,14.550000190734863,15.170000076293945,14057300.0,13.446167945861816
2020-07-01,15.40999984741211,14.890000343322754,15.199999809265137,14.90999984741211,9407500.0,13.215712547302246
2020-07-02,15.319999694824219,15.069999694824219,15.149999618530273,15.119999885559082,9427800.0,13.401848793029785
2020-07-06,15.579999923706055,14.970000267028809,15.4399995803833,15.1899995803833,13630300.0,13.463894844055176
2020-07-07,15.0600004196167,14.569999694824219,14.779999732971191,14.670000076293945,14989100.0,13.002985000610352
2020-07-08,14.859999656677246,14.470000267028809,14.699999809265137,14.520000457763672,11047800.0,12.870030403137207
2020-07-09,14.529999732971191,13.899999618530273,14.529999732971191,13.90999984741211,19032900.0,12.329345703125
2020-07-10,14.25,13.850000381469727,13.9399995803833,14.239999771118164,14214100.0,12.621846199035645
2020-07-13,14.420000076293945,14.09000015258789,14.270000457763672,14.1899995803833,9942600.0,12.577528953552246
2020-07-14,14.59000015258789,14.069999694824219,14.170000076293945,14.550000190734863,14080300.0,12.896620750427246
2020-07-15,15.039999961853027,14.699999809265137,14.84000015258789,14.960000038146973,8562900.0,13.260028839111328
2020-07-16,15.079999923706055,14.729999542236328,14.899999618530273,14.989999771118164,9480800.0,13.28662109375
2020-07-17,15.270000457763672,14.789999961853027,15.079999923706055,14.920000076293945,9688600.0,13.224576950073242
2020-07-20,14.869999885559082,14.5,14.850000381469727,14.5,9660000.0,12.852301597595215
2020-07-21,15.220000267028809,14.600000381469727,14.649999618530273,15.09000015258789,11467700.0,13.375258445739746
2020-07-22,14.949999809265137,14.699999809265137,14.869999885559082,14.890000343322754,14072400.0,13.197983741760254
2020-07-23,14.579999923706055,14.0600004196167,14.319999694824219,14.489999771118164,24054400.0,12.843438148498535
2020-07-24,14.550000190734863,14.199999809265137,14.550000190734863,14.25,12321000.0,12.630711555480957
2020-07-27,14.329999923706055,14.079999923706055,14.3100004196167,14.199999809265137,12081300.0,12.586392402648926
2020-07-28,14.260000228881836,14.100000381469727,14.180000305175781,14.119999885559082,8493600.0,12.515482902526855
2020-07-29,14.550000190734863,14.020000457763672,14.050000190734863,14.529999732971191,9019900.0,12.878891944885254
2020-07-30,14.390000343322754,14.15999984741211,14.329999923706055,14.319999694824219,10995700.0,12.692755699157715
2020-07-31,14.119999885559082,13.800000190734863,14.039999961853027,14.100000381469727,15700800.0,12.731130599975586
2020-08-03,14.210000038146973,13.930000305175781,14.039999961853027,14.029999732971191,11792800.0,12.667926788330078
2020-08-04,14.520000457763672,14.0,14.079999923706055,14.5,16369700.0,13.09229564666748
2020-08-05,14.75,14.359999656677246,14.729999542236328,14.4399995803833,12284900.0,13.038121223449707
2020-08-06,14.569999694824219,14.260000228881836,14.390000343322754,14.300000190734863,8942000.0,12.911714553833008
2020-08-07,14.34000015258789,14.0600004196167,14.199999809265137,14.319999694824219,10458900.0,12.929771423339844
2020-08-10,14.59000015258789,14.319999694824219,14.319999694824219,14.539999961853027,11242100.0,13.128414154052734
2020-08-11,14.819999694824219,14.380000114440918,14.75,14.420000076293945,17560600.0,13.020063400268555
2020-08-12,14.739999771118164,14.40999984741211,14.649999618530273,14.489999771118164,11171400.0,13.083267211914062
2020-08-13,14.539999961853027,14.1899995803833,14.479999542236328,14.270000457763672,12923000.0,12.884626388549805
2020-08-14,14.449999809265137,14.140000343322754,14.140000343322754,14.289999961853027,7216800.0,12.902684211730957
2020-08-17,14.470000267028809,14.270000457763672,14.430000305175781,14.4399995803833,8857200.0,13.038121223449707
2020-08-18,14.609999656677246,14.319999694824219,14.430000305175781,14.380000114440918,12091100.0,12.983946800231934
2020-08-19,14.470000267028809,14.069999694824219,14.399999618530273,14.119999885559082,10511600.0,12.749188423156738
2020-08-20,14.180000305175781,14.0,14.010000228881836,14.0600004196167,9523000.0,12.695013999938965
2020-08-21,14.130000114440918,13.880000114440918,14.069999694824219,14.109999656677246,11168500.0,12.740158081054688
2020-08-24,14.380000114440918,14.0600004196167,14.149999618530273,14.239999771118164,10888000.0,12.857537269592285
2020-08-25,14.329999923706055,13.90999984741211,14.329999923706055,13.960000038146973,12968400.0,12.604721069335938
2020-08-26,14.020000457763672,13.720000267028809,14.020000457763672,13.729999542236328,12019200.0,12.397048950195312
2020-08-27,13.930000305175781,13.699999809265137,13.729999542236328,13.859999656677246,11193400.0,12.514429092407227
2020-08-28,14.210000038146973,13.850000381469727,13.960000038146973,14.180000305175781,11873700.0,12.803363800048828
2020-08-31,14.210000038146973,13.8100004196167,14.170000076293945,13.819999694824219,11957900.0,12.478312492370605
2020-09-01,13.960000038146973,13.630000114440918,13.779999732971191,13.869999885559082,10603100.0,12.523458480834961
2020-09-02,13.970000267028809,13.770000457763672,13.800000190734863,13.84000015258789,9951800.0,12.49637222290039
2020-09-03,13.979999542236328,13.520000457763672,13.859999656677246,13.640000343322754,12168900.0,12.315788269042969
2020-09-04,13.819999694824219,13.260000228881836,13.75,13.520000457763672,13156200.0,12.207439422607422
2020-09-08,13.5,13.1899995803833,13.380000114440918,13.25,16932600.0,11.963650703430176
2020-09-09,13.520000457763672,13.220000267028809,13.319999694824219,13.220000267028809,15813800.0,11.936563491821289
2020-09-10,13.289999961853027,12.869999885559082,13.289999961853027,12.90999984741211,13911900.0,11.656658172607422
2020-09-11,13.0600004196167,12.800000190734863,12.949999809265137,12.819999694824219,17235000.0,11.575395584106445
2020-09-14,13.149999618530273,12.850000381469727,12.899999618530273,13.0600004196167,10478500.0,11.792097091674805
2020-09-15,13.15999984741211,12.880000114440918,13.050000190734863,12.90999984741211,13958300.0,11.656658172607422
2020-09-16,13.489999771118164,12.960000038146973,13.0600004196167,13.350000381469727,16047700.0,12.053942680358887
2020-09-17,13.430000305175781,13.079999923706055,13.180000305175781,13.289999961853027,13541700.0,11.999767303466797
2020-09-18,13.260000228881836,13.020000457763672,13.210000038146973,13.079999923706055,16727500.0,11.810154914855957
2020-09-21,12.960000038146973,12.649999618530273,12.90999984741211,12.859999656677246,11849100.0,11.611513137817383
2020-09-22,13.109999656677246,12.729999542236328,12.90999984741211,12.800000190734863,10369000.0,11.55733871459961
2020-09-23,12.920000076293945,12.220000267028809,12.869999885559082,12.229999542236328,15044200.0,11.042675018310547
2020-09-24,12.4399995803833,11.970000267028809,12.25,12.279999732971191,14378500.0,11.087821006774902
2020-09-25,12.4399995803833,12.050000190734863,12.100000381469727,12.369999885559082,12728600.0,11.169083595275879
2020-09-28,12.760000228881836,12.449999809265137,12.579999923706055,12.609999656677246,11306900.0,11.385782241821289
2020-09-29,12.720000267028809,12.329999923706055,12.600000381469727,12.449999809265137,8408000.0,11.241316795349121
2020-09-30,12.609999656677246,12.270000457763672,12.5600004196167,12.329999923706055,18563700.0,11.132966995239258
2020-10-01,12.319999694824219,12.050000190734863,12.199999809265137,12.239999771118164,14358200.0,11.051704406738281
2020-10-02,12.4399995803833,12.029999732971191,12.050000190734863,12.3100004196167,12093000.0,11.114909172058105
2020-10-05,12.680000305175781,12.3100004196167,12.430000305175781,12.600000381469727,11307800.0,11.376754760742188
2020-10-06,12.760000228881836,12.25,12.729999542236328,12.270000457763672,15546800.0,11.078792572021484
2020-10-07,12.670000076293945,12.1899995803833,12.279999732971191,12.59000015258789,21463600.0,11.367725372314453
2020-10-08,13.149999618530273,12.600000381469727,12.699999809265137,13.130000114440918,15306500.0,11.855299949645996
2020-10-09,13.25,12.75,13.199999809265137,12.819999694824219,15740700.0,11.575395584106445
2020-10-12,12.880000114440918,12.65999984741211,12.850000381469727,12.779999732971191,12017200.0,11.539278984069824
2020-10-13,12.850000381469727,12.520000457763672,12.720000267028809,12.609999656677246,12153700.0,11.385782241821289
2020-10-14,13.119999885559082,12.649999618530273,12.710000038146973,12.960000038146973,14121300.0,11.701804161071777
2020-10-15,13.010000228881836,12.680000305175781,12.8100004196167,12.989999771118164,13602600.0,11.728891372680664
2020-10-16,13.069999694824219,12.84000015258789,12.989999771118164,12.859999656677246,13081600.0,11.611513137817383
2020-10-19,13.0,12.6899995803833,12.899999618530273,12.710000038146973,13447800.0,11.476076126098633
2020-10-20,12.859999656677246,12.579999923706055,12.800000190734863,12.680000305175781,16344000.0,11.448988914489746
2020-10-21,12.670000076293945,12.479999542236328,12.600000381469727,12.529999732971191,14619900.0,11.313549995422363
2020-10-22,12.989999771118164,12.479999542236328,12.5,12.960000038146973,20769200.0,11.701804161071777
2020-10-23,13.0,12.600000381469727,12.989999771118164,12.779999732971191,16228600.0,11.539278984069824
2020-10-26,12.6899995803833,12.1899995803833,12.670000076293945,12.380000114440918,16125800.0,11.17811393737793
2020-10-27,12.369999885559082,12.15999984741211,12.350000381469727,12.170000076293945,14473300.0,10.988499641418457
2020-10-28,12.119999885559082,11.8100004196167,11.979999542236328,11.829999923706055,19961500.0,10.68150806427002
2020-10-29,12.09000015258789,11.5,11.779999732971191,12.0600004196167,19845600.0,10.889179229736328
2020-10-30,11.899999618530273,11.609999656677246,11.75,11.899999618530273,17063200.0,10.983787536621094
2020-11-02,12.069999694824219,11.779999732971191,12.029999732971191,11.890000343322754,13369000.0,10.974557876586914
2020-11-03,12.140000343322754,11.930000305175781,12.039999961853027,11.989999771118164,12182900.0,11.066858291625977
2020-11-04,12.270000457763672,11.779999732971191,12.109999656677246,11.829999923706055,14333400.0,10.919178009033203
2020-11-05,12.1899995803833,11.829999923706055,11.829999923706055,11.899999618530273,13630100.0,10.983787536621094
2020-11-06,12.079999923706055,11.449999809265137,11.90999984741211,11.479999542236328,14255400.0,10.596123695373535
2020-11-09,12.710000038146973,12.09000015258789,12.34000015258789,12.300000190734863,31595700.0,11.35299015045166
2020-11-10,12.890000343322754,12.270000457763672,12.470000267028809,12.890000343322754,21224100.0,11.897564888000488
2020-11-11,13.079999923706055,12.859999656677246,13.069999694824219,13.029999732971191,22495800.0,12.026785850524902
2020-11-12,13.079999923706055,12.579999923706055,12.899999618530273,12.710000038146973,20115100.0,11.731424331665039
2020-11-13,13.220000267028809,12.779999732971191,12.859999656677246,13.130000114440918,13552100.0,12.119086265563965
2020-11-16,13.819999694824219,13.390000343322754,13.739999771118164,13.670000076293945,22637800.0,12.617509841918945
2020-11-17,14.050000190734863,13.420000076293945,13.449999809265137,14.029999732971191,19219700.0,12.949793815612793
2020-11-18,14.229999542236328,13.760000228881836,14.020000457763672,13.760000228881836,20243100.0,12.700581550598145
2020-11-19,14.399999618530273,13.609999656677246,13.699999809265137,14.399999618530273,27429000.0,13.291305541992188
2020-11-20,14.420000076293945,14.170000076293945,14.399999618530273,14.25,20405300.0,13.152854919433594
2020-11-23,14.670000076293945,14.300000190734863,14.399999618530273,14.619999885559082,20103200.0,13.494367599487305
2020-11-24,15.119999885559082,14.869999885559082,14.989999771118164,14.970000267028809,17315200.0,13.81742000579834
2020-11-25,15.050000190734863,14.649999618530273,14.899999618530273,14.850000381469727,13157100.0,13.706660270690918
2020-11-27,14.859999656677246,14.649999618530273,14.720000267028809,14.75,6336200.0,13.614358901977539
2020-11-30,14.680000305175781,14.300000190734863,14.529999732971191,14.380000114440918,36296700.0,13.272847175598145
2020-12-01,14.680000305175781,14.029999732971191,14.670000076293945,14.100000381469727,20046100.0,13.014404296875
2020-12-02,14.550000190734863,14.0,14.0600004196167,14.34000015258789,22358300.0,13.235925674438477
2020-12-03,14.65999984741211,14.300000190734863,14.4399995803833,14.489999771118164,17671200.0,13.374377250671387
2020-12-04,15.100000381469727,14.670000076293945,14.680000305175781,14.930000305175781,17456100.0,13.780501365661621
2020-12-07,14.979999542236328,14.569999694824219,14.899999618530273,14.800000190734863,16745700.0,13.66050910949707
2020-12-08,15.0,14.649999618530273,14.6899995803833,14.760000228881836,18874200.0,13.623588562011719
2020-12-09,14.9399995803833,14.420000076293945,14.819999694824219,14.609999656677246,23780900.0,13.485137939453125
2020-12-10,14.880000114440918,14.600000381469727,14.649999618530273,14.789999961853027,24039100.0,13.651278495788574
2020-12-11,14.75,14.520000457763672,14.649999618530273,14.75,13666300.0,13.614358901977539
2020-12-14,14.970000267028809,14.1899995803833,14.859999656677246,14.3100004196167,26295700.0,13.208236694335938
2020-12-15,14.9399995803833,14.350000381469727,14.420000076293945,14.770000457763672,21177600.0,13.632819175720215
2020-12-16,14.760000228881836,14.510000228881836,14.75,14.600000381469727,18690400.0,13.475908279418945
2020-12-17,14.65999984741211,14.270000457763672,14.579999923706055,14.300000190734863,19338100.0,13.199006080627441
2020-12-18,14.420000076293945,14.100000381469727,14.329999923706055,14.210000038146973,33134700.0,13.115935325622559
2020-12-21,14.130000114440918,13.789999961853027,13.979999542236328,13.989999771118164,20343500.0,12.912872314453125
2020-12-22,14.0,13.779999732971191,13.979999542236328,13.779999732971191,14876200.0,12.71904182434082
2020-12-23,14.079999923706055,13.819999694824219,13.9399995803833,13.829999923706055,16017400.0,12.765192031860352
2020-12-24,13.859999656677246,13.6899995803833,13.829999923706055,13.829999923706055,5520100.0,12.765192031860352
2020-12-28,14.0,13.600000381469727,13.869999885559082,13.640000343322754,13949100.0,12.58981990814209
2020-12-29,13.75,13.470000267028809,13.739999771118164,13.569999694824219,14819200.0,12.525209426879883
2020-12-30,13.800000190734863,13.529999732971191,13.5600004196167,13.569999694824219,11570300.0,12.525209426879883
2020-12-31,13.720000267028809,13.470000267028809,13.529999732971191,13.670000076293945,15013400.0,12.617509841918945
2021-01-04,13.859999656677246,13.479999542236328,13.75,13.5600004196167,17131700.0,12.515979766845703
2021-01-05,14.130000114440918,13.649999618530273,13.680000305175781,13.899999618530273,18693000.0,12.829801559448242
2021-01-06,14.470000267028809,14.020000457763672,14.100000381469727,14.359999656677246,22181300.0,13.254386901855469
2021-01-07,14.65999984741211,14.279999732971191,14.430000305175781,14.600000381469727,17189100.0,13.475908279418945
2021-01-08,14.680000305175781,14.300000190734863,14.600000381469727,14.489999771118164,18581700.0,13.374377250671387
2021-01-11,14.880000114440918,14.1899995803833,14.210000038146973,14.739999771118164,24839100.0,13.60512924194336
2021-01-12,15.229999542236328,14.619999885559082,14.630000114440918,15.210000038146973,24215900.0,14.038942337036133
2021-01-13,15.4399995803833,15.109999656677246,15.229999542236328,15.3100004196167,18002100.0,14.131242752075195
2021-01-14,15.75,15.350000381469727,15.399999618530273,15.640000343322754,18079800.0,14.435835838317871
2021-01-15,15.609999656677246,15.170000076293945,15.520000457763672,15.489999771118164,16167600.0,14.297383308410645
2021-01-19,15.770000457763672,15.460000038146973,15.600000381469727,15.550000190734863,17338800.0,14.352764129638672
2021-01-20,15.65999984741211,15.40999984741211,15.569999694824219,15.59000015258789,14227800.0,14.389684677124023
2021-01-21,16.020000457763672,15.050000190734863,16.0,15.260000228881836,18790400.0,14.085092544555664
2021-01-22,15.369999885559082,14.829999923706055,15.029999732971191,15.319999694824219,18001800.0,14.140472412109375
2021-01-25,15.539999961853027,15.020000457763672,15.25,15.260000228881836,16633800.0,14.085092544555664
2021-01-26,15.569999694824219,15.100000381469727,15.369999885559082,15.220000267028809,16016000.0,14.048172950744629
2021-01-27,15.25,14.779999732971191,15.100000381469727,14.819999694824219,24717700.0,13.678969383239746
2021-01-28,15.010000228881836,14.5600004196167,14.930000305175781,14.6899995803833,24464600.0,13.558978080749512
2021-01-29,14.5,14.010000228881836,14.319999694824219,14.079999923706055,26327100.0,13.232855796813965
2021-02-01,14.220000267028809,13.899999618530273,14.170000076293945,14.020000457763672,20579300.0,13.176466941833496
2021-02-02,14.34000015258789,13.75,14.329999923706055,13.8100004196167,31201200.0,12.979101181030273
2021-02-03,14.300000190734863,13.84000015258789,13.84000015258789,14.239999771118164,19336900.0,13.38322925567627
2021-02-04,14.390000343322754,14.010000228881836,14.300000190734863,14.029999732971191,19973700.0,13.185864448547363
2021-02-05,14.25,14.079999923706055,14.25,14.149999618530273,18453200.0,13.298644065856934
2021-02-08,14.800000190734863,14.220000267028809,14.260000228881836,14.729999542236328,16736800.0,13.84374713897705
2021-02-09,14.75,14.4399995803833,14.729999542236328,14.569999694824219,10091400.0,13.693374633789062
2021-02-10,14.800000190734863,14.510000228881836,14.640000343322754,14.789999961853027,12685900.0,13.900137901306152
2021-02-11,14.800000190734863,14.449999809265137,14.75,14.6899995803833,11485400.0,13.806154251098633
2021-02-12,14.880000114440918,14.5600004196167,14.600000381469727,14.84000015258789,13137100.0,13.947129249572754
2021-02-16,15.199999809265137,14.9399995803833,15.069999694824219,15.039999961853027,17247800.0,14.135095596313477
2021-02-17,15.210000038146973,14.84000015258789,15.149999618530273,15.130000114440918,13642700.0,14.219680786132812
2021-02-18,15.130000114440918,14.760000228881836,15.130000114440918,14.779999732971191,11542500.0,13.890739440917969
2021-02-19,14.979999542236328,14.8100004196167,14.84000015258789,14.960000038146973,10571700.0,14.059908866882324
2021-02-22,15.3100004196167,14.989999771118164,15.0,15.170000076293945,13651400.0,14.257275581359863
2021-02-23,15.40999984741211,14.859999656677246,15.390000343322754,15.289999961853027,19578200.0,14.370054244995117
2021-02-24,15.75,15.279999732971191,15.329999923706055,15.720000267028809,16478800.0,14.774184226989746
2021-02-25,15.859999656677246,15.229999542236328,15.84000015258789,15.289999961853027,17384400.0,14.370054244995117
2021-02-26,15.199999809265137,14.619999885559082,15.15999984741211,14.699999809265137,24166500.0,13.8155517578125
2021-03-01,15.199999809265137,14.859999656677246,14.859999656677246,15.039999961853027,14881900.0,14.135095596313477
2021-03-02,15.229999542236328,15.010000228881836,15.039999961853027,15.09000015258789,13688500.0,14.182087898254395
2021-03-03,15.619999885559082,15.069999694824219,15.100000381469727,15.170000076293945,16927400.0,14.257275581359863
2021-03-04,15.829999923706055,15.199999809265137,15.270000457763672,15.6899995803833,30057400.0,14.745986938476562
2021-03-05,16.049999237060547,15.59000015258789,15.960000038146973,15.869999885559082,23239300.0,14.915157318115234
2021-03-08,16.329999923706055,15.880000114440918,16.0,16.219999313354492,20084000.0,15.244097709655762
2021-03-09,16.200000762939453,15.640000343322754,16.030000686645508,15.670000076293945,20812600.0,14.727190971374512
2021-03-10,16.31999969482422,15.6899995803833,15.779999732971191,16.239999771118164,17184800.0,15.262896537780762
2021-03-11,16.420000076293945,16.15999984741211,16.25,16.200000762939453,12961700.0,15.225303649902344
2021-03-12,16.3700008392334,16.149999618530273,16.299999237060547,16.350000381469727,12015000.0,15.366278648376465
2021-03-15,16.530000686645508,16.1299991607666,16.420000076293945,16.329999923706055,12527000.0,15.347481727600098
2021-03-16,16.209999084472656,15.869999885559082,16.18000030517578,15.920000076293945,14382600.0,14.962149620056152
2021-03-17,16.280000686645508,15.859999656677246,15.890000343322754,16.219999313354492,16787000.0,15.244097709655762
2021-03-18,16.25,15.6899995803833,16.139999389648438,15.760000228881836,13032000.0,14.811777114868164
2021-03-19,16.110000610351562,15.729999542236328,15.829999923706055,15.920000076293945,22907700.0,14.962149620056152
2021-03-22,15.970000267028809,15.75,15.9399995803833,15.779999732971191,13118600.0,14.830573081970215
2021-03-23,15.989999771118164,15.5,15.579999923706055,15.680000305175781,20958900.0,14.736589431762695
2021-03-24,16.350000381469727,15.800000190734863,15.800000190734863,16.190000534057617,17619700.0,15.21590518951416
2021-03-25,16.420000076293945,15.770000457763672,16.09000015258789,16.360000610351562,16449400.0,15.375676155090332
2021-03-26,16.809999465942383,16.389999389648438,16.520000457763672,16.799999237060547,15211900.0,15.789202690124512
2021-03-29,16.8700008392334,16.520000457763672,16.799999237060547,16.75,12293400.0,15.742212295532227
2021-03-30,16.75,16.520000457763672,16.579999923706055,16.6200008392334,14643600.0,15.620034217834473
2021-03-31,16.729999542236328,16.489999771118164,16.610000610351562,16.649999618530273,17557100.0,15.648228645324707
2021-04-01,16.84000015258789,16.489999771118164,16.65999984741211,16.84000015258789,13316800.0,15.82679557800293
2021-04-05,16.889999389648438,16.520000457763672,16.84000015258789,16.65999984741211,11057300.0,15.65762710571289
2021-04-06,16.84000015258789,16.6299991607666,16.709999084472656,16.700000762939453,11344200.0,15.695219993591309
2021-04-07,16.969999313354492,16.670000076293945,16.770000457763672,16.93000030517578,11090900.0,15.911382675170898
2021-04-08,16.829999923706055,16.6299991607666,16.75,16.829999923706055,11098400.0,15.817398071289062
2021-04-09,16.799999237060547,16.469999313354492,16.729999542236328,16.530000686645508,11681100.0,15.535449028015137
2021-04-12,16.670000076293945,16.40999984741211,16.600000381469727,16.5,12844400.0,15.50725269317627
2021-04-13,16.610000610351562,16.329999923706055,16.450000762939453,16.489999771118164,12560500.0,15.497854232788086
2021-04-14,16.799999237060547,16.520000457763672,16.579999923706055,16.649999618530273,12013600.0,15.648228645324707
2021-04-15,16.75,16.520000457763672,16.610000610351562,16.719999313354492,11580700.0,15.714015007019043
2021-04-16,16.81999969482422,16.469999313354492,16.799999237060547,16.540000915527344,11636500.0,15.544846534729004
2021-04-19,16.68000030517578,16.450000762939453,16.610000610351562,16.6200008392334,11098300.0,15.620034217834473
2021-04-20,16.649999618530273,16.34000015258789,16.6299991607666,16.549999237060547,12133600.0,15.554244041442871
2021-04-21,16.790000915527344,16.389999389648438,16.40999984741211,16.690000534057617,17281000.0,15.685821533203125
2021-04-22,16.84000015258789,16.299999237060547,16.690000534057617,16.360000610351562,26474300.0,15.375676155090332
2021-04-23,16.850000381469727,16.389999389648438,16.489999771118164,16.780000686645508,15779500.0,15.770408630371094
2021-04-26,17.1299991607666,16.799999237060547,16.850000381469727,16.90999984741211,14780700.0,15.892584800720215
2021-04-27,17.15999984741211,16.90999984741211,16.989999771118164,17.0,17613200.0,15.97716999053955
2021-04-28,17.520000457763672,17.110000610351562,17.15999984741211,17.440000534057617,20631600.0,16.390695571899414
2021-04-29,17.479999542236328,17.110000610351562,17.31999969482422,17.290000915527344,18165900.0,16.505250930786133
2021-04-30,17.329999923706055,17.010000228881836,17.200000762939453,17.049999237060547,16368500.0,16.276142120361328
2021-05-03,17.350000381469727,17.0,17.200000762939453,17.260000228881836,26985500.0,16.476612091064453
2021-05-04,17.3799991607666,17.100000381469727,17.360000610351562,17.170000076293945,14233100.0,16.390695571899414
2021-05-05,17.579999923706055,17.15999984741211,17.280000686645508,17.510000228881836,19493600.0,16.71526527404785
2021-05-06,17.65999984741211,17.299999237060547,17.600000381469727,17.649999618530273,11319500.0,16.848909378051758
2021-05-07,17.8799991607666,17.43000030517578,17.489999771118164,17.84000015258789,13366100.0,17.03028678894043
2021-05-10,18.420000076293945,17.989999771118164,18.020000457763672,18.25,20002200.0,17.42167854309082
2021-05-11,18.09000015258789,17.670000076293945,18.049999237060547,17.969999313354492,17357300.0,17.154386520385742
2021-05-12,18.479999542236328,18.010000228881836,18.079999923706055,18.100000381469727,16403600.0,17.278486251831055
2021-05-13,18.219999313354492,17.770000457763672,17.84000015258789,18.020000457763672,13675200.0,17.202116012573242
2021-05-14,18.389999389648438,18.149999618530273,18.229999542236328,18.360000610351562,12254300.0,17.52668571472168
2021-05-17,18.809999465942383,18.309999465942383,18.34000015258789,18.799999237060547,13684900.0,17.946714401245117
2021-05-18,18.969999313354492,18.610000610351562,18.829999923706055,18.709999084472656,19923400.0,17.86079978942871
2021-05-19,18.549999237060547,18.149999618530273,18.40999984741211,18.469999313354492,13744300.0,17.63169288635254
2021-05-20,18.770000457763672,18.280000686645508,18.450000762939453,18.700000762939453,14489200.0,17.851253509521484
2021-05-21,18.8799991607666,18.649999618530273,18.799999237060547,18.719999313354492,11087700.0,17.870346069335938
2021-05-24,18.889999389648438,18.690000534057617,18.850000381469727,18.829999923706055,12514500.0,17.975353240966797
2021-05-25,18.850000381469727,18.479999542236328,18.81999969482422,18.540000915527344,10590800.0,17.698516845703125
2021-05-26,18.469999313354492,18.239999771118164,18.290000915527344,18.350000381469727,17266700.0,17.517139434814453
2021-05-27,18.56999969482422,18.239999771118164,18.40999984741211,18.260000228881836,37714400.0,17.431224822998047
2021-05-28,18.43000030517578,18.200000762939453,18.43000030517578,18.34000015258789,12715600.0,17.50759506225586
2021-06-01,18.610000610351562,18.420000076293945,18.56999969482422,18.510000228881836,15716200.0,17.669878005981445
2021-06-02,18.93000030517578,18.469999313354492,18.549999237060547,18.770000457763672,15132300.0,17.91807746887207
2021-06-03,18.90999984741211,18.59000015258789,18.709999084472656,18.770000457763672,10532100.0,17.91807746887207
2021-06-04,18.920000076293945,18.700000762939453,18.8799991607666,18.780000686645508,12810500.0,17.927621841430664
2021-06-07,18.979999542236328,18.739999771118164,18.799999237060547,18.770000457763672,10703500.0,17.91807746887207
2021-06-08,18.829999923706055,18.540000915527344,18.770000457763672,18.799999237060547,18974700.0,17.946714401245117
2021-06-09,18.950000762939453,18.729999542236328,18.8799991607666,18.829999923706055,18501200.0,17.975353240966797
2021-06-10,19.170000076293945,18.799999237060547,19.0,19.0,16620200.0,18.137638092041016
2021-06-11,19.290000915527344,18.989999771118164,19.049999237060547,19.139999389648438,17408900.0,18.271282196044922
2021-06-14,19.170000076293945,18.68000030517578,19.0,18.84000015258789,18476800.0,17.984901428222656
2021-06-15,19.09000015258789,18.790000915527344,18.93000030517578,19.030000686645508,14824900.0,18.166275024414062
2021-06-16,19.100000381469727,18.729999542236328,18.8799991607666,18.850000381469727,10967100.0,17.99444580078125
2021-06-17,18.969999313354492,18.1299991607666,18.959999084472656,18.309999465942383,16109200.0,17.478954315185547
2021-06-18,18.18000030517578,17.649999618530273,18.09000015258789,17.65999984741211,25161700.0,16.858457565307617
2021-06-21,18.34000015258789,17.829999923706055,17.829999923706055,18.290000915527344,11436000.0,17.459863662719727
2021-06-22,18.260000228881836,18.09000015258789,18.25,18.200000762939453,6974300.0,17.373947143554688
2021-06-23,18.360000610351562,18.079999923706055,18.290000915527344,18.09000015258789,8214400.0,17.26894187927246
2021-06-24,18.260000228881836,18.06999969482422,18.15999984741211,18.239999771118164,7711800.0,17.412132263183594
2021-06-25,18.299999237060547,18.15999984741211,18.239999771118164,18.290000915527344,7961200.0,17.459863662719727
2021-06-28,18.299999237060547,17.81999969482422,18.299999237060547,17.969999313354492,10957900.0,17.154386520385742
2021-06-29,18.110000610351562,17.84000015258789,17.989999771118164,17.850000381469727,13100100.0,17.039833068847656
2021-06-30,18.260000228881836,17.860000610351562,17.950000762939453,18.229999542236328,14468200.0,17.402585983276367
2021-07-01,18.520000457763672,18.25,18.3799991607666,18.43000030517578,8063100.0,17.593509674072266
2021-07-02,18.579999923706055,18.270000457763672,18.329999923706055,18.56999969482422,7288600.0,17.727153778076172
2021-07-06,18.579999923706055,18.149999618530273,18.549999237060547,18.440000534057617,12350800.0,17.60305404663086
2021-07-07,18.469999313354492,18.170000076293945,18.309999465942383,18.299999237060547,10867800.0,17.46940803527832
2021-07-08,18.360000610351562,17.979999542236328,18.06999969482422,18.170000076293945,11700500.0,17.34531021118164
2021-07-09,18.68000030517578,18.260000228881836,18.399999618530273,18.670000076293945,11696000.0,17.822616577148438
2021-07-12,18.6200008392334,18.350000381469727,18.459999084472656,18.520000457763672,9955700.0,17.67942237854004
2021-07-13,18.510000228881836,18.260000228881836,18.420000076293945,18.280000686645508,9139900.0,17.450315475463867
2021-07-14,18.389999389648438,17.860000610351562,18.329999923706055,17.93000030517578,10243100.0,17.116201400756836
2021-07-15,18.040000915527344,17.729999542236328,17.84000015258789,17.860000610351562,11060000.0,17.049379348754883
2021-07-16,18.020000457763672,17.56999969482422,18.0,17.639999389648438,12111000.0,16.83936309814453
2021-07-19,17.350000381469727,16.90999984741211,17.25,17.18000030517578,17470000.0,16.40024185180664
2021-07-20,17.56999969482422,17.15999984741211,17.31999969482422,17.469999313354492,16602600.0,16.677080154418945
2021-07-21,18.020000457763672,17.6200008392334,17.690000534057617,17.850000381469727,16840300.0,17.039833068847656
2021-07-22,17.75,17.309999465942383,17.709999084472656,17.469999313354492,18756000.0,16.677080154418945
2021-07-23,17.459999084472656,17.110000610351562,17.420000076293945,17.3700008392334,16848300.0,16.581621170043945
2021-07-26,17.8700008392334,17.420000076293945,17.420000076293945,17.829999923706055,11899000.0,17.020742416381836
2021-07-27,17.829999923706055,17.56999969482422,17.75,17.75,12360300.0,16.944374084472656
2021-07-28,17.93000030517578,17.600000381469727,17.829999923706055,17.770000457763672,11901900.0,16.963462829589844
2021-07-29,17.989999771118164,17.790000915527344,17.940000534057617,17.899999618530273,13284900.0,17.087562561035156
2021-07-30,17.729999542236328,17.299999237060547,17.59000015258789,17.3799991607666,19733200.0,16.84525489807129
2021-08-02,17.719999313354492,17.260000228881836,17.450000762939453,17.31999969482422,16949300.0,16.78710174560547
2021-08-03,17.489999771118164,17.010000228881836,17.350000381469727,17.479999542236328,20190400.0,16.94217872619629
2021-08-04,17.440000534057617,17.079999923706055,17.209999084472656,17.139999389648438,17313600.0,16.612638473510742
2021-08-05,17.31999969482422,17.010000228881836,17.239999771118164,17.020000457763672,13288900.0,16.4963321685791
2021-08-06,17.209999084472656,17.020000457763672,17.139999389648438,17.1200008392334,13490000.0,16.5932559967041
2021-08-09,17.170000076293945,16.920000076293945,17.010000228881836,17.040000915527344,13577300.0,16.515716552734375
2021-08-10,17.260000228881836,17.049999237060547,17.100000381469727,17.190000534057617,12468600.0,16.661102294921875
2021-08-11,17.299999237060547,17.09000015258789,17.200000762939453,17.239999771118164,10081200.0,16.709564208984375
2021-08-12,17.3799991607666,17.110000610351562,17.25,17.299999237060547,7792800.0,16.767717361450195
2021-08-13,17.350000381469727,17.15999984741211,17.270000457763672,17.209999084472656,7482000.0,16.68048667907715
2021-08-16,17.200000762939453,16.969999313354492,17.1200008392334,17.0,12991500.0,16.476945877075195
2021-08-17,17.079999923706055,16.639999389648438,16.920000076293945,16.75,12805500.0,16.23464012145996
2021-08-18,16.729999542236328,16.25,16.68000030517578,16.290000915527344,13515800.0,15.788793563842773
2021-08-19,16.15999984741211,15.770000457763672,16.06999969482422,15.890000343322754,16711800.0,15.401100158691406
2021-08-20,16.100000381469727,15.770000457763672,15.779999732971191,15.9399995803833,13974200.0,15.44956111907959
2021-08-23,16.34000015258789,16.1299991607666,16.18000030517578,16.280000686645508,11824200.0,15.77910041809082
2021-08-24,16.530000686645508,16.290000915527344,16.3700008392334,16.479999542236328,12674100.0,15.972945213317871
2021-08-25,16.6200008392334,16.350000381469727,16.520000457763672,16.469999313354492,8345000.0,15.963253021240234
2021-08-26,16.420000076293945,16.139999389648438,16.360000610351562,16.139999389648438,9555300.0,15.643406867980957
2021-08-27,16.719999313354492,16.329999923706055,16.360000610351562,16.59000015258789,13132800.0,16.07956314086914
2021-08-30,16.610000610351562,16.34000015258789,16.610000610351562,16.34000015258789,7874200.0,15.83725357055664
2021-08-31,16.350000381469727,16.190000534057617,16.25,16.270000457763672,17968100.0,15.769408226013184
2021-09-01,16.3799991607666,16.139999389648438,16.280000686645508,16.15999984741211,10048300.0,15.662792205810547
2021-09-02,16.450000762939453,16.25,16.260000228881836,16.420000076293945,10146600.0,15.91479206085205
2021-09-03,16.469999313354492,16.239999771118164,16.3700008392334,16.34000015258789,6399200.0,15.83725357055664
2021-09-07,16.43000030517578,16.1299991607666,16.280000686645508,16.15999984741211,9808200.0,15.662792205810547
2021-09-08,16.3799991607666,16.079999923706055,16.209999084472656,16.09000015258789,9366300.0,15.594945907592773
2021-09-09,16.229999542236328,15.90999984741211,16.0,15.979999542236328,12913300.0,15.488329887390137
2021-09-10,16.170000076293945,15.890000343322754,16.149999618530273,15.970000267028809,9019800.0,15.478638648986816
2021-09-13,16.309999465942383,16.040000915527344,16.09000015258789,16.139999389648438,14852300.0,15.643406867980957
2021-09-14,16.25,15.920000076293945,16.209999084472656,16.010000228881836,11516500.0,15.517407417297363
2021-09-15,16.479999542236328,16.09000015258789,16.110000610351562,16.3799991607666,24200900.0,15.876022338867188
2021-09-16,16.440000534057617,16.110000610351562,16.389999389648438,16.15999984741211,12935100.0,15.662792205810547
2021-09-17,16.309999465942383,15.90999984741211,16.1299991607666,15.960000038146973,28647700.0,15.468945503234863
2021-09-20,15.819999694824219,15.470000267028809,15.65999984741211,15.680000305175781,16208400.0,15.197561264038086
2021-09-21,15.949999809265137,15.649999618530273,15.850000381469727,15.779999732971191,12209800.0,15.294483184814453
2021-09-22,16.290000915527344,15.960000038146973,15.960000038146973,16.1299991607666,13006300.0,15.633713722229004
2021-09-23,16.59000015258789,16.149999618530273,16.200000762939453,16.489999771118164,13033400.0,15.982638359069824
2021-09-24,16.639999389648438,16.450000762939453,16.469999313354492,16.530000686645508,9884000.0,16.021408081054688
2021-09-27,17.1299991607666,16.75,16.799999237060547,16.979999542236328,15651000.0,16.457561492919922
2021-09-28,17.209999084472656,16.81999969482422,17.1200008392334,16.889999389648438,16098400.0,16.370330810546875
2021-09-29,17.06999969482422,16.829999923706055,16.979999542236328,16.920000076293945,11102700.0,16.3994083404541
2021-09-30,17.0,16.719999313354492,16.989999771118164,16.729999542236328,16132100.0,16.215253829956055
2021-10-01,16.969999313354492,16.68000030517578,16.770000457763672,16.90999984741211,12603100.0,16.38971519470215
2021-10-04,17.25,16.860000610351562,17.040000915527344,16.940000534057617,28345800.0,16.418792724609375
2021-10-05,17.139999389648438,16.770000457763672,17.1200008392334,16.920000076293945,22492000.0,16.3994083404541
2021-10-06,16.90999984741211,16.520000457763672,16.780000686645508,16.739999771118164,17447500.0,16.224946975708008
2021-10-07,17.049999237060547,16.770000457763672,16.799999237060547,16.940000534057617,14639500.0,16.418792724609375
2021-10-08,17.530000686645508,17.079999923706055,17.079999923706055,17.469999313354492,12994400.0,16.932485580444336
2021-10-11,18.0,17.6299991607666,17.760000228881836,17.739999771118164,17229500.0,17.194177627563477
2021-10-12,18.059999465942383,17.649999618530273,17.700000762939453,17.940000534057617,17350900.0,17.38802719116211
2021-10-13,18.059999465942383,17.56999969482422,17.780000686645508,17.969999313354492,16035500.0,17.417102813720703
2021-10-14,18.40999984741211,18.15999984741211,18.3700008392334,18.3799991607666,17889600.0,17.81448745727539
2021-10-15,18.610000610351562,18.389999389648438,18.440000534057617,18.459999084472656,12252900.0,17.892024993896484
2021-10-18,18.760000228881836,18.350000381469727,18.559999465942383,18.469999313354492,15540100.0,17.901718139648438
2021-10-19,18.610000610351562,18.34000015258789,18.559999465942383,18.450000762939453,10023700.0,17.882335662841797
2021-10-20,18.68000030517578,18.270000457763672,18.360000610351562,18.649999618530273,12329300.0,18.07617950439453
2021-10-21,18.350000381469727,17.309999465942383,18.270000457763672,17.530000686645508,38532600.0,16.99064064025879
2021-10-22,17.700000762939453,17.389999389648438,17.59000015258789,17.670000076293945,16390100.0,17.126331329345703
2021-10-25,17.8799991607666,17.700000762939453,17.809999465942383,17.850000381469727,13196900.0,17.300796508789062
2021-10-26,17.979999542236328,17.600000381469727,17.950000762939453,17.6200008392334,12678000.0,17.077871322631836
2021-10-27,17.6200008392334,17.229999542236328,17.549999237060547,17.299999237060547,14482500.0,16.767717361450195
2021-10-28,17.389999389648438,17.200000762939453,17.25,17.350000381469727,10013000.0,16.816179275512695
2021-10-29,17.139999389648438,16.729999542236328,17.049999237060547,16.75,16240200.0,16.491275787353516
2021-11-01,17.100000381469727,16.709999084472656,16.850000381469727,17.049999237060547,14605300.0,16.786640167236328
2021-11-02,17.079999923706055,16.799999237060547,17.0,16.959999084472656,12928200.0,16.698030471801758
2021-11-03,16.969999313354492,16.780000686645508,16.809999465942383,16.850000381469727,10905200.0,16.589731216430664
2021-11-04,17.010000228881836,16.559999465942383,17.0,16.75,9417900.0,16.491275787353516
2021-11-05,17.0,16.790000915527344,16.959999084472656,16.950000762939453,10521700.0,16.688186645507812
2021-11-08,17.06999969482422,16.780000686645508,17.049999237060547,16.84000015258789,10733700.0,16.579885482788086
2021-11-09,16.889999389648438,16.6200008392334,16.850000381469727,16.81999969482422,11564500.0,16.56019401550293
2021-11-10,16.979999542236328,16.610000610351562,16.84000015258789,16.700000762939453,13330600.0,16.442049026489258
2021-11-11,16.809999465942383,16.649999618530273,16.739999771118164,16.790000915527344,10591900.0,16.530658721923828
2021-11-12,16.790000915527344,16.6200008392334,16.719999313354492,16.68000030517578,8978800.0,16.4223575592041
2021-11-15,17.0,16.6299991607666,16.729999542236328,16.860000610351562,11563200.0,16.599576950073242
2021-11-16,16.93000030517578,16.600000381469727,16.860000610351562,16.65999984741211,11106200.0,16.402666091918945
2021-11-17,16.770000457763672,16.450000762939453,16.600000381469727,16.510000228881836,11004000.0,16.254981994628906
2021-11-18,16.579999923706055,16.239999771118164,16.479999542236328,16.280000686645508,13240000.0,16.028535842895508
2021-11-19,16.290000915527344,16.020000457763672,16.09000015258789,16.15999984741211,16180600.0,15.910388946533203
2021-11-22,16.360000610351562,16.079999923706055,16.09000015258789,16.110000610351562,12851700.0,15.861161231994629
2021-11-23,16.43000030517578,16.200000762939453,16.25,16.329999923706055,11974700.0,16.077762603759766
2021-11-24,16.59000015258789,16.290000915527344,16.290000915527344,16.520000457763672,11084300.0,16.264827728271484
2021-11-26,16.360000610351562,15.890000343322754,16.0,16.260000228881836,13436000.0,16.00884437561035
2021-11-29,16.469999313354492,16.0,16.420000076293945,16.010000228881836,19727400.0,15.76270580291748
2021-11-30,15.850000381469727,15.449999809265137,15.800000190734863,15.460000038146973,49730600.0,15.221200942993164
2021-12-01,16.09000015258789,15.260000228881836,15.789999961853027,15.270000457763672,21178700.0,15.034135818481445
2021-12-02,15.779999732971191,15.289999961853027,15.359999656677246,15.729999542236328,18447700.0,15.487030029296875
2021-12-03,15.869999885559082,15.479999542236328,15.869999885559082,15.59000015258789,15877900.0,15.349193572998047
2021-12-06,15.970000267028809,15.640000343322754,15.75,15.779999732971191,17140300.0,15.53625774383545
2021-12-07,16.329999923706055,15.90999984741211,16.0,16.229999542236328,18053600.0,15.979307174682617
2021-12-08,16.389999389648438,16.200000762939453,16.280000686645508,16.239999771118164,12641100.0,15.989152908325195
2021-12-09,16.170000076293945,15.9399995803833,16.09000015258789,16.010000228881836,12279700.0,15.76270580291748
2021-12-10,16.170000076293945,15.930000305175781,16.06999969482422,16.15999984741211,14612900.0,15.910388946533203
2021-12-13,16.200000762939453,15.800000190734863,16.139999389648438,15.930000305175781,14239200.0,15.683941841125488
2021-12-14,16.149999618530273,15.760000228881836,15.880000114440918,15.819999694824219,17463300.0,15.575639724731445
2021-12-15,15.979999542236328,15.539999961853027,15.819999694824219,15.869999885559082,14890800.0,15.624868392944336
2021-12-16,16.139999389648438,15.829999923706055,16.040000915527344,15.859999656677246,20628300.0,15.615022659301758
2021-12-17,15.869999885559082,15.479999542236328,15.850000381469727,15.600000381469727,35135200.0,15.359039306640625
2021-12-20,15.34000015258789,15.010000228881836,15.3100004196167,15.239999771118164,20204400.0,15.004598617553711
2021-12-21,15.789999961853027,15.369999885559082,15.390000343322754,15.65999984741211,14472500.0,15.418111801147461
2021-12-22,15.640000343322754,15.359999656677246,15.539999961853027,15.569999694824219,18393100.0,15.32950210571289
2021-12-23,15.760000228881836,15.579999923706055,15.670000076293945,15.640000343322754,8153600.0,15.398421287536621
2021-12-27,15.829999923706055,15.489999771118164,15.59000015258789,15.819999694824219,10244100.0,15.575639724731445
2021-12-28,15.979999542236328,15.739999771118164,15.819999694824219,15.859999656677246,8981400.0,15.615022659301758
2021-12-29,15.949999809265137,15.75,15.859999656677246,15.829999923706055,8978500.0,15.585485458374023
2021-12-30,15.979999542236328,15.779999732971191,15.829999923706055,15.800000190734863,10617600.0,15.555949211120605
2021-12-31,15.9399995803833,15.75,15.75,15.859999656677246,8280900.0,15.615022659301758
2022-01-03,16.360000610351562,15.890000343322754,15.949999809265137,16.350000381469727,14468600.0,16.097454071044922
2022-01-04,16.780000686645508,16.40999984741211,16.510000228881836,16.579999923706055,16821400.0,16.32390022277832
2022-01-05,17.06999969482422,16.6299991607666,16.850000381469727,16.670000076293945,20913100.0,16.412511825561523
2022-01-06,17.06999969482422,16.709999084472656,16.989999771118164,17.020000457763672,13691100.0,16.757104873657227
2022-01-07,17.31999969482422,16.959999084472656,17.0,17.270000457763672,17813800.0,17.003244400024414
2022-01-10,17.440000534057617,17.09000015258789,17.3799991607666,17.43000030517578,18460800.0,17.1607723236084
2022-01-11,17.639999389648438,17.280000686645508,17.510000228881836,17.610000610351562,16391800.0,17.33799171447754
2022-01-12,17.770000457763672,17.469999313354492,17.709999084472656,17.649999618530273,16120300.0,17.37737274169922
2022-01-13,17.84000015258789,17.5,17.649999618530273,17.56999969482422,14816500.0,17.298608779907227
2022-01-14,17.899999618530273,17.56999969482422,17.56999969482422,17.889999389648438,13888300.0,17.613666534423828
2022-01-18,17.979999542236328,17.479999542236328,17.860000610351562,17.700000762939453,21260600.0,17.42660140991211
2022-01-19,17.860000610351562,17.329999923706055,17.850000381469727,17.43000030517578,16247700.0,17.1607723236084
2022-01-20,17.90999984741211,17.389999389648438,17.65999984741211,17.43000030517578,17785400.0,17.1607723236084
2022-01-21,17.559999465942383,17.239999771118164,17.399999618530273,17.3700008392334,20471800.0,17.101699829101562
2022-01-24,17.350000381469727,16.670000076293945,17.100000381469727,17.31999969482422,24843800.0,17.052471160888672
2022-01-25,17.579999923706055,16.889999389648438,17.190000534057617,17.5,18664900.0,17.229690551757812
2022-01-26,18.200000762939453,17.34000015258789,17.700000762939453,17.520000457763672,25755700.0,17.24938201904297
2022-01-27,17.8799991607666,17.229999542236328,17.850000381469727,17.479999542236328,20238700.0,17.209999084472656
2022-01-28,17.260000228881836,16.860000610351562,17.200000762939453,17.200000762939453,17329900.0,17.200000762939453
2022-01-31,17.420000076293945,17.0,17.1299991607666,17.360000610351562,20557400.0,17.360000610351562
2022-02-01,17.520000457763672,17.209999084472656,17.270000457763672,17.40999984741211,17462200.0,17.40999984741211
2022-02-02,17.540000915527344,17.299999237060547,17.360000610351562,17.40999984741211,20179100.0,17.40999984741211
2022-02-03,17.459999084472656,17.149999618530273,17.459999084472656,17.270000457763672,14274000.0,17.270000457763672
2022-02-04,17.5,17.200000762939453,17.389999389648438,17.350000381469727,13936000.0,17.350000381469727
2022-02-07,17.6299991607666,17.299999237060547,17.40999984741211,17.459999084472656,16589600.0,17.459999084472656
2022-02-08,17.5,17.200000762939453,17.469999313354492,17.290000915527344,16452300.0,17.290000915527344
2022-02-09,17.6299991607666,17.299999237060547,17.34000015258789,17.3700008392334,16669200.0,17.3700008392334
2022-02-10,17.549999237060547,17.110000610351562,17.309999465942383,17.200000762939453,15617000.0,17.200000762939453
2022-02-11,17.56999969482422,17.229999542236328,17.25,17.540000915527344,19778700.0,17.540000915527344
2022-02-14,17.540000915527344,17.100000381469727,17.510000228881836,17.190000534057617,15312600.0,17.190000534057617
2022-02-15,17.18000030517578,16.93000030517578,17.15999984741211,17.010000228881836,16478300.0,17.010000228881836
2022-02-16,17.290000915527344,17.049999237060547,17.079999923706055,17.1299991607666,16583700.0,17.1299991607666
2022-02-17,17.18000030517578,16.65999984741211,17.100000381469727,16.760000228881836,16203900.0,16.760000228881836
2022-02-18,16.81999969482422,16.459999084472656,16.75,16.600000381469727,16568100.0,16.600000381469727
2022-02-22,16.93000030517578,16.0,16.889999389648438,16.540000915527344,17727600.0,16.540000915527344
2022-02-23,16.8700008392334,16.520000457763672,16.600000381469727,16.770000457763672,16006900.0,16.770000457763672
2022-02-24,16.93000030517578,16.309999465942383,16.90999984741211,16.670000076293945,20111400.0,16.670000076293945
2022-02-25,17.149999618530273,16.690000534057617,16.75,17.06999969482422,13520500.0,17.06999969482422
2022-02-28,17.450000762939453,16.8700008392334,16.920000076293945,17.399999618530273,32447200.0,17.399999618530273
2022-03-01,17.600000381469727,17.329999923706055,17.469999313354492,17.59000015258789,21271300.0,17.59000015258789
2022-03-02,18.239999771118164,17.639999389648438,17.739999771118164,18.139999389648438,20672000.0,18.139999389648438
2022-03-03,18.479999542236328,18.100000381469727,18.139999389648438,18.389999389648438,21207700.0,18.389999389648438
2022-03-04,18.8700008392334,18.260000228881836,18.299999237060547,18.84000015258789,26274700.0,18.84000015258789
2022-03-07,19.149999618530273,18.59000015258789,18.899999618530273,18.719999313354492,24457400.0,18.719999313354492
2022-03-08,19.1299991607666,18.489999771118164,19.030000686645508,18.670000076293945,31746300.0,18.670000076293945
2022-03-09,18.649999618530273,18.149999618530273,18.510000228881836,18.329999923706055,20929200.0,18.329999923706055
2022-03-10,18.6200008392334,18.290000915527344,18.3799991607666,18.549999237060547,16266800.0,18.549999237060547
2022-03-11,18.670000076293945,18.100000381469727,18.43000030517578,18.100000381469727,13600400.0,18.100000381469727
2022-03-14,17.989999771118164,17.3700008392334,17.899999618530273,17.540000915527344,17419600.0,17.540000915527344
2022-03-15,17.420000076293945,16.90999984741211,17.209999084472656,17.31999969482422,18837700.0,17.31999969482422
2022-03-16,17.489999771118164,17.06999969482422,17.200000762939453,17.25,16968800.0,17.25
2022-03-17,17.700000762939453,17.3700008392334,17.43000030517578,17.559999465942383,15843000.0,17.559999465942383
2022-03-18,17.690000534057617,17.31999969482422,17.5,17.360000610351562,36752800.0,17.360000610351562
2022-03-21,18.170000076293945,17.600000381469727,17.6200008392334,18.06999969482422,21638700.0,18.06999969482422
2022-03-22,18.040000915527344,17.760000228881836,17.989999771118164,17.93000030517578,16077500.0,17.93000030517578
2022-03-23,18.25,17.969999313354492,18.06999969482422,18.1200008392334,11356800.0,18.1200008392334
2022-03-24,18.40999984741211,18.190000534057617,18.229999542236328,18.299999237060547,11084300.0,18.299999237060547
2022-03-25,19.06999969482422,18.31999969482422,18.350000381469727,19.06999969482422,25135600.0,19.06999969482422
2022-03-28,18.940000534057617,18.579999923706055,18.729999542236328,18.75,17476000.0,18.75
2022-03-29,18.93000030517578,18.3799991607666,18.520000457763672,18.889999389648438,16150300.0,18.889999389648438
2022-03-30,19.09000015258789,18.81999969482422,19.0,19.09000015258789,16371800.0,19.09000015258789
2022-03-31,19.260000228881836,18.8799991607666,18.979999542236328,18.90999984741211,24632800.0,18.90999984741211
2022-04-01,19.229999542236328,18.969999313354492,19.030000686645508,19.219999313354492,13050300.0,19.219999313354492
2022-04-04,19.350000381469727,19.079999923706055,19.299999237060547,19.299999237060547,14567600.0,19.299999237060547
2022-04-05,19.399999618530273,18.8799991607666,19.239999771118164,18.920000076293945,14705000.0,18.920000076293945
2022-04-06,19.1299991607666,18.81999969482422,19.0,19.010000228881836,11572300.0,19.010000228881836
2022-04-07,19.309999465942383,18.799999237060547,19.09000015258789,19.270000457763672,15725500.0,19.270000457763672
2022-04-08,19.59000015258789,19.270000457763672,19.350000381469727,19.479999542236328,14735600.0,19.479999542236328
2022-04-11,19.440000534057617,19.09000015258789,19.309999465942383,19.260000228881836,16475000.0,19.260000228881836
2022-04-12,19.420000076293945,19.100000381469727,19.350000381469727,19.139999389648438,13069900.0,19.139999389648438
2022-04-13,19.40999984741211,19.030000686645508,19.25,19.290000915527344,9946400.0,19.290000915527344
2022-04-14,19.520000457763672,19.219999313354492,19.280000686645508,19.3700008392334,9248700.0,19.3700008392334
2022-04-18,19.649999618530273,19.350000381469727,19.440000534057617,19.549999237060547,10259500.0,19.549999237060547
2022-04-19,19.739999771118164,19.420000076293945,19.5,19.600000381469727,11581300.0,19.600000381469727
2022-04-20,19.969999313354492,19.540000915527344,19.700000762939453,19.770000457763672,15441600.0,19.770000457763672
2022-04-21,20.190000534057617,19.700000762939453,20.0,19.790000915527344,21326000.0,19.790000915527344
2022-04-22,19.719999313354492,19.139999389648438,19.65999984741211,19.149999618530273,17732600.0,19.149999618530273
2022-04-25,18.850000381469727,18.040000915527344,18.829999923706055,18.610000610351562,24569900.0,18.610000610351562
2022-04-26,18.8700008392334,18.420000076293945,18.68000030517578,18.440000534057617,20358100.0,18.440000534057617
2022-04-27,18.59000015258789,18.25,18.450000762939453,18.399999618530273,19156000.0,18.399999618530273
2022-04-28,18.90999984741211,18.329999923706055,18.610000610351562,18.809999465942383,16424200.0,18.809999465942383
2022-04-29,18.600000381469727,18.100000381469727,18.440000534057617,18.149999618530273,25794000.0,18.149999618530273
2022-05-02,18.34000015258789,17.84000015258789,18.100000381469727,18.18000030517578,20941500.0,18.18000030517578
2022-05-03,18.84000015258789,18.200000762939453,18.200000762939453,18.68000030517578,15564300.0,18.68000030517578
2022-05-04,19.350000381469727,18.770000457763672,18.889999389648438,19.280000686645508,16076100.0,19.280000686645508
2022-05-05,19.31999969482422,18.649999618530273,19.299999237060547,18.850000381469727,17443400.0,18.850000381469727
2022-05-06,19.34000015258789,18.649999618530273,19.010000228881836,19.299999237060547,18627700.0,19.299999237060547
2022-05-09,19.09000015258789,18.510000228881836,19.0,18.600000381469727,20457900.0,18.600000381469727
2022-05-10,18.979999542236328,18.239999771118164,18.770000457763672,18.520000457763672,18484100.0,18.520000457763672
2022-05-11,19.049999237060547,18.469999313354492,18.690000534057617,18.520000457763672,18117100.0,18.520000457763672
2022-05-12,18.600000381469727,18.15999984741211,18.530000686645508,18.43000030517578,22679100.0,18.43000030517578
2022-05-13,18.860000610351562,18.5,18.600000381469727,18.739999771118164,19950300.0,18.739999771118164
2022-05-16,19.5,18.860000610351562,18.8799991607666,19.389999389648438,19095300.0,19.389999389648438
2022-05-17,19.780000686645508,19.469999313354492,19.559999465942383,19.739999771118164,18226400.0,19.739999771118164
2022-05-18,19.889999389648438,19.100000381469727,19.829999923706055,19.299999237060547,14126700.0,19.299999237060547
2022-05-19,19.239999771118164,18.8799991607666,18.969999313354492,19.020000457763672,16000100.0,19.020000457763672
2022-05-20,19.229999542236328,18.670000076293945,19.149999618530273,19.030000686645508,17046200.0,19.030000686645508
2022-05-23,19.329999923706055,19.0,19.190000534057617,19.15999984741211,12595000.0,19.15999984741211
2022-05-24,19.260000228881836,18.639999389648438,19.0,19.139999389648438,15348700.0,19.139999389648438
2022-05-25,19.440000534057617,19.15999984741211,19.290000915527344,19.389999389648438,20050900.0,19.389999389648438
2022-05-26,19.68000030517578,19.489999771118164,19.520000457763672,19.6200008392334,13017900.0,19.6200008392334
2022-05-27,20.020000457763672,19.510000228881836,19.559999465942383,19.940000534057617,14677300.0,19.940000534057617
2022-05-31,20.15999984741211,19.59000015258789,19.989999771118164,19.690000534057617,42883200.0,19.690000534057617
2022-06-01,20.1299991607666,19.65999984741211,19.780000686645508,20.020000457763672,13331900.0,20.020000457763672
2022-06-02,19.979999542236328,19.65999984741211,19.93000030517578,19.959999084472656,9554500.0,19.959999084472656
2022-06-03,20.06999969482422,19.81999969482422,19.989999771118164,19.93000030517578,8446800.0,19.93000030517578
2022-06-06,20.100000381469727,19.75,20.040000915527344,19.790000915527344,10090000.0,19.790000915527344
2022-06-07,20.170000076293945,19.68000030517578,19.770000457763672,20.139999389648438,12150700.0,20.139999389648438
2022-06-08,20.200000762939453,19.719999313354492,20.200000762939453,19.860000610351562,10338900.0,19.860000610351562
2022-06-09,19.780000686645508,19.270000457763672,19.739999771118164,19.290000915527344,14030600.0,19.290000915527344
2022-06-10,19.209999084472656,18.780000686645508,19.1200008392334,19.030000686645508,16190400.0,19.030000686645508
2022-06-13,18.649999618530273,18.049999237060547,18.59000015258789,18.1299991607666,17236500.0,18.1299991607666
2022-06-14,18.469999313354492,17.68000030517578,18.389999389648438,17.889999389648438,17069300.0,17.889999389648438
2022-06-15,18.100000381469727,17.290000915527344,17.969999313354492,17.600000381469727,18043600.0,17.600000381469727
2022-06-16,17.299999237060547,16.6299991607666,17.260000228881836,16.700000762939453,23048600.0,16.700000762939453
2022-06-17,16.68000030517578,15.779999732971191,16.600000381469727,16.049999237060547,44397200.0,16.049999237060547
2022-06-21,16.790000915527344,16.229999542236328,16.360000610351562,16.649999618530273,19216500.0,16.649999618530273
2022-06-22,16.610000610351562,16.059999465942383,16.1299991607666,16.34000015258789,18468700.0,16.34000015258789
2022-06-23,16.489999771118164,15.979999542236328,16.440000534057617,16.239999771118164,17548700.0,16.239999771118164
2022-06-24,16.690000534057617,16.280000686645508,16.450000762939453,16.479999542236328,17929700.0,16.479999542236328
2022-06-27,16.959999084472656,16.610000610351562,16.6299991607666,16.829999923706055,14792800.0,16.829999923706055
2022-06-28,17.459999084472656,17.040000915527344,17.190000534057617,17.200000762939453,14883700.0,17.200000762939453
2022-06-29,17.489999771118164,16.850000381469727,17.420000076293945,16.920000076293945,12988700.0,16.920000076293945
2022-06-30,16.969999313354492,16.559999465942383,16.610000610351562,16.760000228881836,19907800.0,16.760000228881836
2022-07-01,17.040000915527344,16.489999771118164,16.850000381469727,16.979999542236328,15467500.0,16.979999542236328
2022-07-05,16.719999313354492,16.100000381469727,16.639999389648438,16.579999923706055,19376300.0,16.579999923706055
2022-07-06,16.649999618530273,15.920000076293945,16.489999771118164,16.360000610351562,19278400.0,16.360000610351562
2022-07-07,16.979999542236328,16.600000381469727,16.649999618530273,16.889999389648438,15654400.0,16.889999389648438
2022-07-08,17.100000381469727,16.790000915527344,16.959999084472656,16.969999313354492,13123900.0,16.969999313354492
2022-07-11,16.959999084472656,16.520000457763672,16.829999923706055,16.860000610351562,12612900.0,16.860000610351562
2022-07-12,16.75,16.440000534057617,16.510000228881836,16.649999618530273,12813300.0,16.649999618530273
2022-07-13,16.799999237060547,16.450000762939453,16.450000762939453,16.600000381469727,10917700.0,16.600000381469727
2022-07-14,16.59000015258789,16.049999237060547,16.139999389648438,16.579999923706055,15673500.0,16.579999923706055
2022-07-15,16.90999984741211,16.549999237060547,16.829999923706055,16.760000228881836,10042700.0,16.760000228881836
2022-07-18,17.139999389648438,16.889999389648438,16.959999084472656,16.93000030517578,9692100.0,16.93000030517578
2022-07-19,17.329999923706055,16.959999084472656,17.0,17.309999465942383,12958500.0,17.309999465942383
2022-07-20,17.440000534057617,17.079999923706055,17.25,17.31999969482422,14958100.0,17.31999969482422
2022-07-21,17.700000762939453,16.760000228881836,16.770000457763672,17.65999984741211,22690600.0,17.65999984741211
2022-07-22,17.860000610351562,17.549999237060547,17.729999542236328,17.649999618530273,14101600.0,17.649999618530273
2022-07-25,18.030000686645508,17.700000762939453,17.850000381469727,18.020000457763672,13155300.0,18.020000457763672
2022-07-26,18.229999542236328,17.899999618530273,18.149999618530273,18.0,13926000.0,18.0
2022-07-27,18.110000610351562,17.719999313354492,18.059999465942383,18.059999465942383,13757700.0,18.059999465942383
2022-07-28,18.18000030517578,17.729999542236328,18.1299991607666,18.040000915527344,14659900.0,18.040000915527344
2022-07-29,18.1200008392334,17.84000015258789,17.93000030517578,17.989999771118164,18976500.0,17.989999771118164
2022-08-01,17.920000076293945,17.530000686645508,17.75,17.899999618530273,14157300.0,17.899999618530273
2022-08-02,18.0,17.6299991607666,17.90999984741211,17.829999923706055,22289100.0,17.829999923706055
2022-08-03,18.049999237060547,17.670000076293945,17.989999771118164,17.809999465942383,16431600.0,17.809999465942383
2022-08-04,17.770000457763672,17.270000457763672,17.760000228881836,17.299999237060547,14772700.0,17.299999237060547
