Date,High,Low,Open,Close,Volume,Adj Close
2017-08-07,113.79000091552734,113.55000305175781,113.62000274658203,113.76000213623047,631200.0,104.5021743774414
2017-08-08,113.8499984741211,113.66999816894531,113.80000305175781,113.83999633789062,1252000.0,104.57568359375
2017-08-09,114.19999694824219,114.01000213623047,114.12000274658203,114.05000305175781,1047900.0,104.76860046386719
2017-08-10,114.33999633789062,114.08999633789062,114.12999725341797,114.33999633789062,831600.0,105.03498077392578
2017-08-11,114.2699966430664,113.95999908447266,114.04000091552734,114.2699966430664,629000.0,104.970703125
2017-08-14,114.08000183105469,113.72000122070312,114.01000213623047,113.81999969482422,658400.0,104.55731201171875
2017-08-15,113.6500015258789,113.4000015258789,113.43000030517578,113.4800033569336,801000.0,104.24498748779297
2017-08-16,113.87999725341797,113.44000244140625,113.48999786376953,113.68000030517578,918600.0,104.4287109375
2017-08-17,114.06999969482422,113.5999984741211,113.69000244140625,113.95999908447266,833200.0,104.68592071533203
2017-08-18,114.13999938964844,113.86000061035156,114.04000091552734,113.9800033569336,649900.0,104.70429992675781
2017-08-21,114.05999755859375,113.87000274658203,113.95999908447266,114.0199966430664,549000.0,104.74103546142578
2017-08-22,114.0199966430664,113.80000305175781,113.9800033569336,113.87999725341797,480200.0,104.6124267578125
2017-08-23,114.19000244140625,113.93000030517578,114.01000213623047,114.19000244140625,751800.0,104.89720153808594
2017-08-24,114.12999725341797,113.9000015258789,114.01000213623047,113.9000015258789,521100.0,104.63079833984375
2017-08-25,114.12999725341797,113.88999938964844,113.94000244140625,114.08999633789062,483600.0,104.80534362792969
2017-08-28,114.22000122070312,114.02999877929688,114.08000183105469,114.18000030517578,404300.0,104.88802337646484
2017-08-29,114.5999984741211,114.23999786376953,114.5,114.36000061035156,483200.0,105.05335235595703
2017-08-30,114.37999725341797,114.16999816894531,114.30999755859375,114.33000183105469,726200.0,105.02581024169922
2017-08-31,114.62999725341797,114.36000061035156,114.36000061035156,114.62000274658203,663100.0,105.29219818115234
2017-09-01,114.3499984741211,114.08000183105469,114.3499984741211,114.12000274658203,2215900.0,105.05009460449219
2017-09-05,114.9000015258789,114.4000015258789,114.4000015258789,114.86000061035156,2288600.0,105.73130798339844
2017-09-06,114.9800033569336,114.62000274658203,114.83999633789062,114.72000122070312,1877900.0,105.60240936279297
2017-09-07,115.19999694824219,114.81999969482422,114.87000274658203,115.19999694824219,676900.0,106.0442886352539
2017-09-08,115.26000213623047,115.04000091552734,115.1500015258789,115.22000122070312,819800.0,106.06270599365234
2017-09-11,114.95999908447266,114.77999877929688,114.88999938964844,114.77999877929688,531300.0,105.65766143798828
2017-09-12,114.7300033569336,114.48999786376953,114.66999816894531,114.58999633789062,794800.0,105.48277282714844
2017-09-13,114.56999969482422,114.37000274658203,114.55999755859375,114.37999725341797,614500.0,105.28944396972656
2017-09-14,114.58999633789062,114.38999938964844,114.38999938964844,114.55999755859375,534300.0,105.45515441894531
2017-09-15,114.56999969482422,114.37999725341797,114.56999969482422,114.5,524300.0,105.39990997314453
2017-09-18,114.55999755859375,114.37000274658203,114.44999694824219,114.44999694824219,525200.0,105.35387420654297
2017-09-19,114.52999877929688,114.30000305175781,114.4800033569336,114.31999969482422,412500.0,105.23421478271484
2017-09-20,114.37000274658203,113.75,114.31999969482422,114.0,731000.0,104.93964385986328
2017-09-21,114.05999755859375,113.7300033569336,113.97000122070312,113.73999786376953,823500.0,104.70030212402344
2017-09-22,114.11000061035156,113.91999816894531,114.05000305175781,114.02999877929688,663500.0,104.9672622680664
2017-09-25,114.4800033569336,114.0999984741211,114.16000366210938,114.3499984741211,920200.0,105.26182556152344
2017-09-26,114.30999755859375,114.13999938964844,114.25,114.26000213623047,716600.0,105.17898559570312
2017-09-27,114.01000213623047,113.76000213623047,113.94000244140625,113.91000366210938,588500.0,104.85679626464844
2017-09-28,113.9000015258789,113.68000030517578,113.73999786376953,113.83000183105469,677300.0,104.78316497802734
2017-09-29,113.98999786376953,113.55999755859375,113.98999786376953,113.58000183105469,1030600.0,104.55303192138672
2017-10-02,113.63999938964844,113.3499984741211,113.63999938964844,113.37999725341797,3499100.0,104.41307067871094
2017-10-03,113.55000305175781,113.30000305175781,113.30999755859375,113.48999786376953,1376500.0,104.51433563232422
2017-10-04,113.6500015258789,113.45999908447266,113.62999725341797,113.58999633789062,800800.0,104.6064453125
2017-10-05,113.66000366210938,113.41999816894531,113.66000366210938,113.47000122070312,1818700.0,104.4959487915039
2017-10-06,113.55000305175781,113.19000244140625,113.30000305175781,113.37999725341797,810300.0,104.41307067871094
2017-10-09,113.48999786376953,113.38999938964844,113.41000366210938,113.41999816894531,447600.0,104.44989013671875
2017-10-10,113.86000061035156,113.5999984741211,113.5999984741211,113.62000274658203,850200.0,104.63410186767578
2017-10-11,113.86000061035156,113.70999908447266,113.80999755859375,113.76000213623047,663600.0,104.7629623413086
2017-10-12,114.02999877929688,113.75,113.80000305175781,113.97000122070312,653000.0,104.95639038085938
2017-10-13,114.1500015258789,113.95999908447266,114.08999633789062,114.12999725341797,817700.0,105.1037368774414
2017-10-16,114.06999969482422,113.76000213623047,114.02999877929688,113.87000274658203,1520700.0,104.86429595947266
2017-10-17,113.7699966430664,113.62000274658203,113.63999938964844,113.66000366210938,656000.0,104.6708984375
2017-10-18,113.62999725341797,113.48999786376953,113.5199966430664,113.5199966430664,570600.0,104.54196166992188
2017-10-19,113.81999969482422,113.56999969482422,113.76000213623047,113.66999816894531,1560100.0,104.68010711669922
2017-10-20,113.55000305175781,113.30000305175781,113.43000030517578,113.41000366210938,748300.0,104.4406509399414
2017-10-23,113.58999633789062,113.4000015258789,113.43000030517578,113.41999816894531,843400.0,104.44989013671875
2017-10-24,113.36000061035156,113.19000244140625,113.29000091552734,113.26000213623047,980400.0,104.30255889892578
2017-10-25,113.19999694824219,112.94000244140625,113.0,113.13999938964844,770100.0,104.19203186035156
2017-10-26,113.25,113.04000091552734,113.23999786376953,113.08999633789062,675800.0,104.14596557617188
2017-10-27,113.5,113.16999816894531,113.2300033569336,113.44999694824219,731800.0,104.47750091552734
2017-10-30,113.77999877929688,113.2300033569336,113.2300033569336,113.75,551100.0,104.75379180908203
2017-10-31,113.8499984741211,113.73999786376953,113.83000183105469,113.80000305175781,1142300.0,104.79984283447266
2017-11-01,113.81999969482422,113.58000183105469,113.63999938964844,113.69999694824219,2406300.0,104.90869903564453
2017-11-02,113.95999908447266,113.7699966430664,113.80000305175781,113.87000274658203,2208600.0,105.06555938720703
2017-11-03,113.97000122070312,113.69999694824219,113.94000244140625,113.94999694824219,744200.0,105.13937377929688
2017-11-06,114.1500015258789,113.97000122070312,113.98999786376953,114.13999938964844,944600.0,105.31468200683594
2017-11-07,114.33999633789062,114.16000366210938,114.20999908447266,114.30000305175781,1139800.0,105.4623031616211
2017-11-08,114.37999725341797,114.19000244140625,114.3499984741211,114.2300033569336,929800.0,105.39772033691406
2017-11-09,114.31999969482422,114.0999984741211,114.12000274658203,114.20999908447266,799700.0,105.37928009033203
2017-11-10,113.9000015258789,113.66999816894531,113.86000061035156,113.70999908447266,715300.0,104.91793060302734
2017-11-13,113.9000015258789,113.66999816894531,113.9000015258789,113.69999694824219,590200.0,104.90869903564453
2017-11-14,113.86000061035156,113.69000244140625,113.69999694824219,113.83999633789062,593400.0,105.03787994384766
2017-11-15,114.2300033569336,113.87999725341797,114.11000061035156,114.16000366210938,1284400.0,105.3331527709961
2017-11-16,114.08000183105469,113.9000015258789,113.9800033569336,113.91999816894531,921200.0,105.1117172241211
2017-11-17,114.19000244140625,114.0,114.11000061035156,114.12000274658203,731900.0,105.29623413085938
2017-11-20,114.06999969482422,113.87999725341797,113.94999694824219,113.94999694824219,569200.0,105.13937377929688
2017-11-21,114.11000061035156,113.77999877929688,114.11000061035156,113.94000244140625,558300.0,105.13014221191406
2017-11-22,114.29000091552734,114.01000213623047,114.04000091552734,114.27999877929688,581500.0,105.44385528564453
2017-11-24,114.30999755859375,114.12000274658203,114.29000091552734,114.13999938964844,429600.0,105.31468200683594
2017-11-27,114.25,114.02999877929688,114.18000030517578,114.12000274658203,2403500.0,105.29623413085938
2017-11-28,114.25,114.01000213623047,114.1500015258789,114.11000061035156,743700.0,105.28699493408203
2017-11-29,113.8499984741211,113.69999694824219,113.80000305175781,113.80000305175781,755100.0,105.00098419189453
2017-11-30,113.83999633789062,113.47000122070312,113.73999786376953,113.68000030517578,1108600.0,104.89027404785156
2017-12-01,113.97000122070312,113.23999786376953,113.4000015258789,113.61000061035156,3198300.0,105.28972625732422
2017-12-04,113.66000366210938,113.41999816894531,113.4800033569336,113.6500015258789,1814100.0,105.32676696777344
2017-12-05,113.80999755859375,113.54000091552734,113.61000061035156,113.7699966430664,965500.0,105.43795776367188
2017-12-06,114.02999877929688,113.8499984741211,113.9800033569336,113.88999938964844,646600.0,105.5491943359375
2017-12-07,114.01000213623047,113.58999633789062,113.9800033569336,113.73999786376953,602700.0,105.41016387939453
2017-12-08,113.77999877929688,113.56999969482422,113.73999786376953,113.69000244140625,1173000.0,105.36383056640625
2017-12-11,113.81999969482422,113.56999969482422,113.69000244140625,113.5999984741211,728100.0,105.2804183959961
2017-12-12,113.70999908447266,113.44999694824219,113.54000091552734,113.69000244140625,792400.0,105.36383056640625
2017-12-13,114.12999725341797,113.55999755859375,113.69000244140625,113.88999938964844,961300.0,105.5491943359375
2017-12-14,113.98999786376953,113.61000061035156,113.80000305175781,113.88999938964844,1072200.0,105.5491943359375
2017-12-15,113.94000244140625,113.66000366210938,113.68000030517578,113.88999938964844,1892500.0,105.5491943359375
2017-12-18,113.8499984741211,113.62999725341797,113.80999755859375,113.69000244140625,660800.0,105.36383056640625
2017-12-19,113.55999755859375,113.16999816894531,113.4800033569336,113.3499984741211,941200.0,105.0487289428711
2017-12-20,113.25,112.95999908447266,113.06999969482422,112.97000122070312,749700.0,104.69657897949219
2017-12-21,113.1500015258789,112.79000091552734,112.81999969482422,113.11000061035156,1139000.0,104.97128295898438
2017-12-22,113.19999694824219,113.05000305175781,113.18000030517578,113.18000030517578,690700.0,105.03624725341797
2017-12-26,113.3499984741211,113.16000366210938,113.20999908447266,113.27999877929688,648200.0,105.1290283203125
2017-12-27,113.77999877929688,113.33000183105469,113.38999938964844,113.75,827600.0,105.56523132324219
2017-12-28,113.80000305175781,113.6500015258789,113.70999908447266,113.79000091552734,741800.0,105.60234069824219
2017-12-29,114.1500015258789,113.79000091552734,113.80000305175781,114.08000183105469,963200.0,105.87144470214844
2018-01-02,113.9800033569336,113.61000061035156,113.9800033569336,113.80000305175781,1525000.0,105.61161041259766
2018-01-03,113.98999786376953,113.79000091552734,113.91000366210938,113.91000366210938,3322400.0,105.71370697021484
2018-01-04,113.97000122070312,113.66999816894531,113.75,113.94000244140625,1946500.0,105.74153137207031
2018-01-05,113.9800033569336,113.80000305175781,113.93000030517578,113.91999816894531,1691200.0,105.72300720214844
2018-01-08,114.0,113.66999816894531,114.0,113.80000305175781,1198100.0,105.61161041259766
2018-01-09,113.68000030517578,113.4000015258789,113.68000030517578,113.43000030517578,1752700.0,105.26823425292969
2018-01-10,113.44000244140625,113.05999755859375,113.12999725341797,113.38999938964844,2013500.0,105.23111724853516
2018-01-11,113.44000244140625,113.13999938964844,113.30000305175781,113.2699966430664,1440000.0,105.11974334716797
2018-01-12,113.41000366210938,113.20999908447266,113.27999877929688,113.37999725341797,1428300.0,105.22185516357422
2018-01-16,113.69000244140625,113.47000122070312,113.68000030517578,113.56999969482422,1171900.0,105.39818572998047
2018-01-17,113.68000030517578,113.37000274658203,113.5199966430664,113.48999786376953,1237400.0,105.32390594482422
2018-01-18,113.4800033569336,113.19000244140625,113.29000091552734,113.38999938964844,2098900.0,105.23111724853516
2018-01-19,113.3499984741211,113.13999938964844,113.26000213623047,113.19999694824219,1452100.0,105.05477142333984
2018-01-22,113.3499984741211,113.11000061035156,113.31999969482422,113.13999938964844,876300.0,104.99909973144531
2018-01-23,113.44000244140625,113.19999694824219,113.30999755859375,113.30999755859375,1297200.0,105.15686798095703
2018-01-24,113.27999877929688,113.06999969482422,113.16999816894531,113.2300033569336,1050400.0,105.08263397216797
2018-01-25,113.5199966430664,113.08000183105469,113.27999877929688,113.44000244140625,1039800.0,105.27751922607422
2018-01-26,113.43000030517578,113.22000122070312,113.43000030517578,113.37000274658203,1435500.0,105.2125473022461
2018-01-29,113.2699966430664,113.05999755859375,113.26000213623047,113.0999984741211,984600.0,104.96198272705078
2018-01-30,112.97000122070312,112.75,112.94000244140625,112.83000183105469,1638300.0,104.71143341064453
2018-01-31,113.11000061035156,112.87999725341797,113.04000091552734,113.11000061035156,4950600.0,104.97128295898438
2018-02-01,113.0999984741211,112.4800033569336,113.0999984741211,112.51000213623047,4574600.0,104.43380737304688
2018-02-02,112.41000366210938,112.1500015258789,112.33999633789062,112.37000274658203,3662900.0,104.30387878417969
2018-02-05,112.98999786376953,112.0999984741211,112.22000122070312,112.79000091552734,4035300.0,104.69371795654297
2018-02-06,112.68000030517578,112.30000305175781,112.58000183105469,112.33000183105469,2055500.0,104.2667465209961
2018-02-07,112.51000213623047,111.97000122070312,112.45999908447266,112.08000183105469,1862700.0,104.03467559814453
2018-02-08,112.12000274658203,111.7300033569336,111.9000015258789,111.8499984741211,1650000.0,103.82119750976562
2018-02-09,111.88999938964844,111.44999694824219,111.66000366210938,111.5,2755000.0,103.496337890625
2018-02-12,111.94999694824219,111.54000091552734,111.7699966430664,111.58000183105469,1125000.0,103.57060241699219
2018-02-13,111.75,111.55999755859375,111.63999938964844,111.66000366210938,1446900.0,103.64484405517578
2018-02-14,111.80000305175781,111.43000030517578,111.80000305175781,111.55999755859375,1386300.0,103.55201721191406
2018-02-15,111.87000274658203,111.62000274658203,111.66999816894531,111.62000274658203,1438800.0,103.60772705078125
2018-02-16,111.9800033569336,111.72000122070312,111.87000274658203,111.80000305175781,1563900.0,103.77479553222656
2018-02-20,111.7300033569336,111.52999877929688,111.62999725341797,111.70999908447266,1047400.0,103.6912612915039
2018-02-21,111.69999694824219,111.27999877929688,111.6500015258789,111.38999938964844,987900.0,103.39421081542969
2018-02-22,111.63999938964844,111.44999694824219,111.54000091552734,111.48999786376953,922600.0,103.48702239990234
2018-02-23,111.9000015258789,111.62999725341797,111.69999694824219,111.9000015258789,678400.0,103.86762237548828
2018-02-26,112.20999908447266,112.0199966430664,112.06999969482422,112.04000091552734,822100.0,103.99757385253906
2018-02-27,112.19999694824219,111.56999969482422,112.19999694824219,111.76000213623047,2236800.0,103.7376480102539
2018-02-28,111.9800033569336,111.7300033569336,111.87000274658203,111.91999816894531,840900.0,103.88615417480469
2018-03-01,112.3499984741211,111.83000183105469,111.9800033569336,112.26000213623047,3639500.0,104.2017822265625
2018-03-02,112.30000305175781,112.01000213623047,112.1500015258789,112.16999816894531,961900.0,104.11823272705078
2018-03-05,112.4000015258789,111.94000244140625,112.37999725341797,112.0999984741211,765700.0,104.0532455444336
2018-03-06,112.30000305175781,112.04000091552734,112.22000122070312,112.06999969482422,875300.0,104.02540588378906
2018-03-07,112.30000305175781,111.9800033569336,112.30000305175781,112.06999969482422,2200500.0,104.02540588378906
2018-03-08,112.33999633789062,112.12000274658203,112.22000122070312,112.18000030517578,818000.0,104.12751770019531
2018-03-09,112.13999938964844,111.9000015258789,112.06999969482422,112.01000213623047,853800.0,103.96971893310547
2018-03-12,112.12000274658203,111.88999938964844,112.12000274658203,112.08999633789062,3274200.0,104.04396057128906
2018-03-13,112.25,112.05000305175781,112.22000122070312,112.18000030517578,1162500.0,104.12751770019531
2018-03-14,112.45999908447266,112.16000366210938,112.18000030517578,112.37000274658203,1555500.0,104.30387878417969
2018-03-15,112.55000305175781,112.30000305175781,112.38999938964844,112.37999725341797,3265100.0,104.31314849853516
2018-03-16,112.29000091552734,112.12000274658203,112.27999877929688,112.19000244140625,1821100.0,104.13677978515625
2018-03-19,112.36000061035156,112.05999755859375,112.05999755859375,112.12000274658203,1968000.0,104.07183074951172
2018-03-20,112.12000274658203,111.94999694824219,112.06999969482422,111.94999694824219,1045900.0,103.91403198242188
2018-03-21,112.26000213623047,111.7699966430664,111.94999694824219,112.19000244140625,980000.0,104.13677978515625
2018-03-22,112.6500015258789,112.3499984741211,112.45999908447266,112.5199966430664,1004800.0,104.44309997558594
2018-03-23,112.66000366210938,112.41000366210938,112.43000030517578,112.58000183105469,1075900.0,104.49879455566406
2018-03-26,112.6500015258789,112.36000061035156,112.47000122070312,112.37999725341797,1430200.0,104.31314849853516
2018-03-27,112.88999938964844,112.48999786376953,112.48999786376953,112.80999755859375,1120600.0,104.71228790283203
2018-03-28,112.9800033569336,112.63999938964844,112.94000244140625,112.80999755859375,1476800.0,104.71228790283203
2018-03-29,113.16999816894531,112.86000061035156,112.87000274658203,113.05000305175781,1146000.0,104.93506622314453
2018-04-02,113.02999877929688,112.62999725341797,112.80000305175781,112.87000274658203,1599900.0,105.03926849365234
2018-04-03,112.8499984741211,112.63999938964844,112.76000213623047,112.80000305175781,2938800.0,104.9741439819336
2018-04-04,112.94999694824219,112.66999816894531,112.94999694824219,112.73999786376953,896600.0,104.91831970214844
2018-04-05,112.61000061035156,112.37999725341797,112.52999877929688,112.41999816894531,1069200.0,104.6204833984375
2018-04-06,112.87000274658203,112.55999755859375,112.68000030517578,112.87000274658203,1170900.0,105.03926849365234
2018-04-09,112.8499984741211,112.6500015258789,112.75,112.8499984741211,1463300.0,105.02066040039062
2018-04-10,112.87000274658203,112.69999694824219,112.83999633789062,112.80000305175781,874800.0,104.9741439819336
2018-04-11,113.16000366210938,112.94999694824219,113.04000091552734,113.12999725341797,772000.0,105.28125762939453
2018-04-12,113.08999633789062,112.86000061035156,113.0199966430664,112.94999694824219,791600.0,105.11373901367188
2018-04-13,113.12999725341797,112.91999816894531,112.91999816894531,113.11000061035156,567700.0,105.26264190673828
2018-04-16,113.0199966430664,112.83000183105469,112.83000183105469,113.01000213623047,778200.0,105.16957092285156
2018-04-17,113.22000122070312,112.94999694824219,113.0,113.18000030517578,913100.0,105.32777404785156
2018-04-18,113.19999694824219,112.94000244140625,113.16000366210938,112.94999694824219,881500.0,105.11373901367188
2018-04-19,112.83999633789062,112.63999938964844,112.80000305175781,112.7699966430664,640200.0,104.94619750976562
2018-04-20,112.62000274658203,112.37999725341797,112.61000061035156,112.37999725341797,730200.0,104.58328247070312
2018-04-23,112.43000030517578,112.23999786376953,112.41000366210938,112.3499984741211,1036000.0,104.55535888671875
2018-04-24,112.30999755859375,112.0,112.25,112.04000091552734,1033200.0,104.26687622070312
2018-04-25,112.04000091552734,111.76000213623047,111.94999694824219,111.87000274658203,684400.0,104.10867309570312
2018-04-26,112.2300033569336,112.05999755859375,112.11000061035156,112.16000366210938,848900.0,104.3785400390625
2018-04-27,112.55999755859375,112.38999938964844,112.38999938964844,112.5199966430664,708100.0,104.71356201171875
2018-04-30,112.79000091552734,112.5199966430664,112.55000305175781,112.61000061035156,2127900.0,104.79732513427734
2018-05-01,112.02999877929688,111.76000213623047,111.9800033569336,111.79000091552734,868600.0,104.49726867675781
2018-05-02,112.02999877929688,111.80999755859375,111.91000366210938,111.93000030517578,2014000.0,104.62812805175781
2018-05-03,112.16999816894531,112.0,112.05999755859375,112.06999969482422,811700.0,104.759033203125
2018-05-04,112.22000122070312,111.94999694824219,112.20999908447266,112.0999984741211,672000.0,104.78704833984375
2018-05-07,112.19000244140625,112.05999755859375,112.12999725341797,112.12000274658203,522800.0,104.80575561523438
2018-05-08,112.0199966430664,111.7699966430664,111.94999694824219,111.91999816894531,1428300.0,104.61878967285156
2018-05-09,111.97000122070312,111.77999877929688,111.77999877929688,111.8499984741211,721500.0,104.55335998535156
2018-05-10,112.08999633789062,111.91000366210938,112.01000213623047,112.06999969482422,659100.0,104.759033203125
2018-05-11,112.16000366210938,111.97000122070312,112.16000366210938,112.06999969482422,580100.0,104.759033203125
2018-05-14,111.94000244140625,111.77999877929688,111.94000244140625,111.79000091552734,1333600.0,104.49726867675781
2018-05-15,111.58000183105469,111.2699966430664,111.54000091552734,111.43000030517578,1059800.0,104.16075134277344
2018-05-16,111.5,111.2699966430664,111.45999908447266,111.2699966430664,874900.0,104.01119232177734
2018-05-17,111.36000061035156,111.04000091552734,111.30000305175781,111.05999755859375,719100.0,103.81490325927734
2018-05-18,111.37000274658203,111.12000274658203,111.12999725341797,111.36000061035156,697400.0,104.0953369140625
2018-05-21,111.44000244140625,111.25,111.30999755859375,111.4000015258789,673800.0,104.13273620605469
2018-05-22,111.4800033569336,111.33999633789062,111.44000244140625,111.3499984741211,1301900.0,104.0859603881836
2018-05-23,111.7300033569336,111.5199966430664,111.58999633789062,111.66999816894531,1330800.0,104.38510131835938
2018-05-24,111.91999816894531,111.73999786376953,111.80000305175781,111.80000305175781,932900.0,104.50663757324219
2018-05-25,111.9800033569336,111.81999969482422,111.86000061035156,111.95999908447266,547000.0,104.65619659423828
2018-05-29,112.8499984741211,112.13999938964844,112.23999786376953,112.62000274658203,1573500.0,105.27313232421875
2018-05-30,112.55999755859375,112.26000213623047,112.44999694824219,112.41000366210938,2219000.0,105.07684326171875
2018-05-31,112.73999786376953,112.33999633789062,112.44000244140625,112.4800033569336,2374200.0,105.14226531982422
2018-06-01,112.11000061035156,111.83000183105469,111.91999816894531,111.9800033569336,1556700.0,104.98851013183594
2018-06-04,111.95999908447266,111.73999786376953,111.8499984741211,111.75,1710800.0,104.7728500366211
2018-06-05,112.06999969482422,111.8499984741211,111.88999938964844,112.0,1207300.0,105.00727844238281
2018-06-06,111.87000274658203,111.63999938964844,111.87000274658203,111.76000213623047,769000.0,104.78223419189453
2018-06-07,112.25,111.75,111.80000305175781,112.0999984741211,3077200.0,105.10102081298828
2018-06-08,112.08999633789062,111.87000274658203,112.02999877929688,111.91000366210938,1771400.0,104.92286682128906
2018-06-11,111.91000366210938,111.69999694824219,111.7300033569336,111.91000366210938,791600.0,104.92286682128906
2018-06-12,111.9000015258789,111.75,111.80000305175781,111.81999969482422,635700.0,104.83849334716797
2018-06-13,111.97000122070312,111.4800033569336,111.83999633789062,111.75,692600.0,104.7728500366211
2018-06-14,112.05000305175781,111.8499984741211,111.95999908447266,112.04000091552734,820300.0,105.04475402832031
2018-06-15,112.26000213623047,112.06999969482422,112.2300033569336,112.08000183105469,1102300.0,105.0822525024414
2018-06-18,112.19999694824219,112.08000183105469,112.16999816894531,112.16999816894531,645800.0,105.16664123535156
2018-06-19,112.45999908447266,112.29000091552734,112.37000274658203,112.3499984741211,2233800.0,105.33537292480469
2018-06-20,112.37000274658203,112.01000213623047,112.37000274658203,112.04000091552734,668500.0,105.04475402832031
2018-06-21,112.2699966430664,112.05000305175781,112.05000305175781,112.23999786376953,738500.0,105.23226165771484
2018-06-22,112.43000030517578,112.1500015258789,112.22000122070312,112.4000015258789,1630400.0,105.38227844238281
2018-06-25,112.62000274658203,112.4000015258789,112.43000030517578,112.44999694824219,2901400.0,105.42913818359375
2018-06-26,112.61000061035156,112.4000015258789,112.44000244140625,112.61000061035156,934100.0,105.57917022705078
2018-06-27,112.98999786376953,112.81999969482422,112.86000061035156,112.9800033569336,990100.0,105.92606353759766
2018-06-28,113.01000213623047,112.73999786376953,113.01000213623047,112.83000183105469,1883000.0,105.7854232788086
2018-06-29,113.04000091552734,112.80000305175781,112.83999633789062,112.87000274658203,744300.0,105.82292938232422
2018-07-02,112.58000183105469,112.44000244140625,112.56999969482422,112.4800033569336,2468800.0,105.86151885986328
2018-07-03,112.76000213623047,112.58000183105469,112.61000061035156,112.72000122070312,996000.0,106.08741760253906
2018-07-05,112.91000366210938,112.70999908447266,112.7699966430664,112.8499984741211,831900.0,106.20972442626953
2018-07-06,113.05000305175781,112.88999938964844,112.98999786376953,113.01000213623047,671300.0,106.36036682128906
2018-07-09,112.83999633789062,112.7300033569336,112.79000091552734,112.77999877929688,901700.0,106.14387512207031
2018-07-10,112.83000183105469,112.58000183105469,112.75,112.61000061035156,944300.0,105.98387908935547
2018-07-11,112.80000305175781,112.61000061035156,112.80000305175781,112.7300033569336,652300.0,106.09681701660156
2018-07-12,112.69000244140625,112.5199966430664,112.58999633789062,112.63999938964844,1028100.0,106.01212310791016
2018-07-13,112.91000366210938,112.68000030517578,112.68000030517578,112.86000061035156,1342000.0,106.21918487548828
2018-07-16,112.5999984741211,112.4000015258789,112.56999969482422,112.55999755859375,967700.0,105.9367904663086
2018-07-17,112.58999633789062,112.38999938964844,112.58000183105469,112.41000366210938,781700.0,105.79563903808594
2018-07-18,112.38999938964844,112.19000244140625,112.38999938964844,112.2300033569336,2352400.0,105.62622833251953
2018-07-19,112.45999908447266,112.2699966430664,112.29000091552734,112.38999938964844,1103300.0,105.77681732177734
2018-07-20,112.4800033569336,112.0999984741211,112.38999938964844,112.12000274658203,671600.0,105.52271270751953
2018-07-23,112.01000213623047,111.55999755859375,112.01000213623047,111.58999633789062,802600.0,105.02391052246094
2018-07-24,111.69999694824219,111.55000305175781,111.61000061035156,111.6500015258789,794600.0,105.08035278320312
2018-07-25,111.94999694824219,111.62000274658203,111.8499984741211,111.66999816894531,845100.0,105.09916687011719
2018-07-26,111.86000061035156,111.55000305175781,111.80000305175781,111.55999755859375,768500.0,104.99565124511719
2018-07-27,111.83999633789062,111.66000366210938,111.81999969482422,111.7300033569336,749200.0,105.15567016601562
2018-07-30,111.77999877929688,111.5999984741211,111.62999725341797,111.66999816894531,930800.0,105.09916687011719
2018-07-31,111.87000274658203,111.76000213623047,111.83999633789062,111.83999633789062,1370700.0,105.25916290283203
2018-08-01,111.18000030517578,111.01000213623047,111.11000061035156,111.0999984741211,2501500.0,105.0020980834961
2018-08-02,111.25,111.05000305175781,111.18000030517578,111.16000366210938,2167600.0,105.05882263183594
2018-08-03,111.41999816894531,111.26000213623047,111.26000213623047,111.37999725341797,758000.0,105.26673126220703
2018-08-06,111.62000274658203,111.36000061035156,111.51000213623047,111.4000015258789,772900.0,105.28565216064453
2018-08-07,111.37999725341797,111.25,111.37000274658203,111.25,1549200.0,105.14388275146484
2018-08-08,111.31999969482422,111.18000030517578,111.25,111.26000213623047,1605800.0,105.1533432006836
2018-08-09,111.52999877929688,111.37000274658203,111.44000244140625,111.5199966430664,1095300.0,105.39907836914062
2018-08-10,112.02999877929688,111.80000305175781,111.81999969482422,111.87999725341797,710000.0,105.73931884765625
2018-08-13,111.9000015258789,111.77999877929688,111.83999633789062,111.86000061035156,1604600.0,105.72042083740234
2018-08-14,111.83999633789062,111.66000366210938,111.83999633789062,111.72000122070312,845200.0,105.58806610107422
2018-08-15,111.97000122070312,111.83000183105469,111.83999633789062,111.94000244140625,943100.0,105.79601287841797
2018-08-16,111.91000366210938,111.69999694824219,111.88999938964844,111.87000274658203,861700.0,105.72984313964844
2018-08-17,112.0199966430664,111.80999755859375,111.94000244140625,111.91999816894531,639100.0,105.77708435058594
2018-08-20,112.19000244140625,112.05000305175781,112.08000183105469,112.13999938964844,611400.0,105.98504638671875
2018-08-21,112.08999633789062,111.97000122070312,112.05999755859375,112.06999969482422,743100.0,105.91887664794922
2018-08-22,112.33000183105469,112.18000030517578,112.30999755859375,112.30999755859375,1539900.0,106.14568328857422
2018-08-23,112.43000030517578,112.30999755859375,112.37999725341797,112.4000015258789,718600.0,106.23074340820312
2018-08-24,112.51000213623047,112.19999694824219,112.25,112.51000213623047,855800.0,106.33473205566406
2018-08-27,112.44000244140625,112.30999755859375,112.38999938964844,112.33999633789062,906000.0,106.17403411865234
2018-08-28,112.19999694824219,112.05000305175781,112.1500015258789,112.12000274658203,740100.0,105.96614074707031
2018-08-29,112.16999816894531,112.0199966430664,112.12000274658203,112.12000274658203,945900.0,105.96614074707031
2018-08-30,112.30999755859375,112.16000366210938,112.2300033569336,112.22000122070312,1451000.0,106.06062316894531
2018-08-31,112.37000274658203,112.05999755859375,112.37000274658203,112.08999633789062,1978700.0,105.93775939941406
2018-09-04,111.6500015258789,111.47000122070312,111.58000183105469,111.55000305175781,6260200.0,105.7917251586914
2018-09-05,111.51000213623047,111.37000274658203,111.44000244140625,111.44000244140625,2167600.0,105.68740844726562
2018-09-06,111.58000183105469,111.41999816894531,111.47000122070312,111.54000091552734,1579100.0,105.7822494506836
2018-09-07,111.2699966430664,111.0999984741211,111.26000213623047,111.22000122070312,1453400.0,105.47877502441406
2018-09-10,111.30000305175781,111.19000244140625,111.23999786376953,111.25,1832700.0,105.5072021484375
2018-09-11,111.12999725341797,110.97000122070312,111.08000183105469,111.0199966430664,2553400.0,105.28907775878906
2018-09-12,111.23999786376953,111.11000061035156,111.19000244140625,111.12000274658203,1251600.0,105.38392639160156
2018-09-13,111.12000274658203,110.95999908447266,111.12000274658203,110.95999908447266,1556800.0,105.23218536376953
2018-09-14,110.91000366210938,110.72000122070312,110.77999877929688,110.76000213623047,1328700.0,105.04248809814453
2018-09-17,110.83999633789062,110.69000244140625,110.70999908447266,110.77999877929688,1468200.0,105.06147766113281
2018-09-18,110.7300033569336,110.51000213623047,110.70999908447266,110.55000305175781,891400.0,104.84335327148438
2018-09-19,110.5199966430664,110.2699966430664,110.5199966430664,110.43000030517578,986300.0,104.72953796386719
2018-09-20,110.69999694824219,110.41999816894531,110.44999694824219,110.58000183105469,1030500.0,104.87178039550781
2018-09-21,110.66000366210938,110.51000213623047,110.51000213623047,110.58999633789062,788600.0,104.88127899169922
2018-09-24,110.6500015258789,110.47000122070312,110.5199966430664,110.4800033569336,1388500.0,104.77696990966797
2018-09-25,110.45999908447266,110.3499984741211,110.38999938964844,110.44000244140625,873000.0,104.73902130126953
2018-09-26,110.69000244140625,110.41000366210938,110.47000122070312,110.62999725341797,1131700.0,104.91919708251953
2018-09-27,110.68000030517578,110.54000091552734,110.58999633789062,110.66999816894531,1064300.0,104.95714569091797
2018-09-28,110.75,110.54000091552734,110.70999908447266,110.62000274658203,2204400.0,104.90972137451172
2018-10-01,110.43000030517578,110.18000030517578,110.41000366210938,110.19000244140625,5181400.0,104.59741973876953
2018-10-02,110.4800033569336,110.29000091552734,110.30000305175781,110.37000274658203,3800200.0,104.76829528808594
2018-10-03,110.27999877929688,109.7300033569336,110.25,109.83999633789062,2775700.0,104.26518249511719
2018-10-04,109.77999877929688,109.48999786376953,109.69999694824219,109.56999969482422,2102800.0,104.0088882446289
2018-10-05,109.5199966430664,109.19000244140625,109.37000274658203,109.2699966430664,2703600.0,103.72410583496094
2018-10-08,109.33000183105469,109.22000122070312,109.29000091552734,109.22000122070312,870000.0,103.67666625976562
2018-10-09,109.52999877929688,109.30999755859375,109.3499984741211,109.52999877929688,2233600.0,103.97093200683594
2018-10-10,109.44000244140625,109.16000366210938,109.30000305175781,109.41999816894531,2276900.0,103.86650848388672
2018-10-11,109.68000030517578,109.30999755859375,109.4000015258789,109.5999984741211,3359300.0,104.0373764038086
2018-10-12,109.63999938964844,109.41000366210938,109.44999694824219,109.43000030517578,1746800.0,103.87600708007812
2018-10-15,109.5999984741211,109.44999694824219,109.52999877929688,109.5,1768600.0,103.94244384765625
2018-10-16,109.55000305175781,109.38999938964844,109.44000244140625,109.51000213623047,1114400.0,103.95195007324219
2018-10-17,109.51000213623047,109.25,109.45999908447266,109.25,1396900.0,103.70515441894531
2018-10-18,109.4000015258789,109.16000366210938,109.19000244140625,109.16999816894531,1005600.0,103.62920379638672
2018-10-19,109.18000030517578,109.01000213623047,109.12999725341797,109.06999969482422,1180700.0,103.53426361083984
2018-10-22,109.16000366210938,109.01000213623047,109.11000061035156,109.01000213623047,832800.0,103.4773178100586
2018-10-23,109.41999816894531,109.01000213623047,109.30999755859375,109.04000091552734,1228600.0,103.50580596923828
2018-10-24,109.4000015258789,109.18000030517578,109.26000213623047,109.4000015258789,1121900.0,103.8475341796875
2018-10-25,109.2699966430664,108.91000366210938,109.25,108.94000244140625,985300.0,103.41088104248047
2018-10-26,109.52999877929688,109.16999816894531,109.16999816894531,109.48999786376953,2203900.0,103.93294525146484
2018-10-29,109.5,109.22000122070312,109.41000366210938,109.37999725341797,1368500.0,103.82853698730469
2018-10-30,109.2699966430664,109.06999969482422,109.22000122070312,109.08999633789062,1281100.0,103.55325317382812
2018-10-31,109.05000305175781,108.81999969482422,108.91000366210938,108.83999633789062,1723100.0,103.3159408569336
2018-11-01,108.83000183105469,108.56999969482422,108.61000061035156,108.61000061035156,2582200.0,103.18389892578125
2018-11-02,108.48999786376953,108.22000122070312,108.41000366210938,108.27999877929688,1195600.0,102.870361328125
2018-11-05,108.58999633789062,108.45999908447266,108.45999908447266,108.4800033569336,1233000.0,103.06038665771484
2018-11-06,108.62000274658203,108.43000030517578,108.58000183105469,108.44000244140625,827500.0,103.02236938476562
2018-11-07,108.77999877929688,108.45999908447266,108.69000244140625,108.5199966430664,1101500.0,103.09838104248047
2018-11-08,108.62000274658203,107.52999877929688,108.58999633789062,108.37000274658203,1232100.0,102.95587158203125
2018-11-09,108.66999816894531,108.44000244140625,108.44000244140625,108.62999725341797,1232400.0,103.20288848876953
2018-11-12,108.95999908447266,108.79000091552734,108.83999633789062,108.86000061035156,1111100.0,103.42139434814453
2018-11-13,108.81999969482422,108.6500015258789,108.7300033569336,108.7699966430664,871900.0,103.33588409423828
2018-11-14,108.98999786376953,108.62999725341797,108.66000366210938,108.77999877929688,926800.0,103.34539031982422
2018-11-15,108.95999908447266,108.70999908447266,108.87999725341797,108.87000274658203,2124600.0,103.43090057373047
2018-11-16,109.37999725341797,109.06999969482422,109.0999984741211,109.31999969482422,1218000.0,103.85842895507812
2018-11-19,109.33999633789062,109.18000030517578,109.18000030517578,109.2699966430664,1502200.0,103.81090545654297
2018-11-20,109.2699966430664,109.08000183105469,109.18000030517578,109.11000061035156,1094700.0,103.65889739990234
2018-11-21,109.0999984741211,108.81999969482422,108.97000122070312,109.05999755859375,1251600.0,103.61141204833984
2018-11-23,109.08999633789062,108.87999725341797,109.05999755859375,108.88999938964844,364700.0,103.44989776611328
2018-11-26,108.87999725341797,108.76000213623047,108.83000183105469,108.7699966430664,1226800.0,103.33588409423828
2018-11-27,108.81999969482422,108.4800033569336,108.69999694824219,108.4800033569336,1154000.0,103.06038665771484
2018-11-28,108.83000183105469,108.37999725341797,108.4000015258789,108.61000061035156,1494600.0,103.18389892578125
2018-11-29,109.25,108.95999908447266,109.0,109.25,940800.0,103.79190063476562
2018-11-30,109.36000061035156,109.19000244140625,109.29000091552734,109.2699966430664,1270700.0,103.81090545654297
2018-12-03,109.31999969482422,109.06999969482422,109.12999725341797,109.31999969482422,1250200.0,104.00594329833984
2018-12-04,109.91999816894531,109.45999908447266,109.47000122070312,109.6500015258789,2015000.0,104.31990814208984
2018-12-06,109.9000015258789,109.55999755859375,109.69000244140625,109.66000366210938,1503600.0,104.32942962646484
2018-12-07,109.83000183105469,109.61000061035156,109.69000244140625,109.81999969482422,1221900.0,104.48163604736328
2018-12-10,109.83999633789062,109.45999908447266,109.7699966430664,109.55000305175781,1282400.0,104.22476959228516
2018-12-11,109.58999633789062,109.01000213623047,109.45999908447266,109.11000061035156,1499000.0,103.80615234375
2018-12-12,109.0999984741211,108.9000015258789,109.06999969482422,108.94999694824219,1876200.0,103.65391540527344
2018-12-13,109.0999984741211,108.93000030517578,108.9800033569336,108.97000122070312,1542500.0,103.67298126220703
2018-12-14,109.16999816894531,109.02999877929688,109.11000061035156,109.05000305175781,1231000.0,103.74908447265625
2018-12-17,109.26000213623047,109.08000183105469,109.08000183105469,109.23999786376953,1578100.0,103.92982482910156
2018-12-18,109.36000061035156,109.12000274658203,109.16000366210938,109.33999633789062,1194900.0,104.20048522949219
2018-12-19,109.77999877929688,109.4800033569336,109.48999786376953,109.52999877929688,2779100.0,104.38156127929688
2018-12-20,109.55999755859375,109.16999816894531,109.5199966430664,109.22000122070312,2968400.0,104.08612060546875
2018-12-21,109.41999816894531,109.1500015258789,109.3499984741211,109.16999816894531,1960400.0,104.03849029541016
2018-12-24,109.36000061035156,109.19999694824219,109.25,109.33000183105469,861700.0,104.19094848632812
2018-12-26,109.44999694824219,109.06999969482422,109.2699966430664,109.11000061035156,1441300.0,103.98128509521484
2018-12-27,109.44999694824219,109.0999984741211,109.3499984741211,109.11000061035156,1467200.0,103.98128509521484
2018-12-28,109.43000030517578,109.19999694824219,109.29000091552734,109.43000030517578,2067600.0,104.28626251220703
2018-12-31,109.54000091552734,109.25,109.27999877929688,109.51000213623047,1496100.0,104.36251831054688
2019-01-02,109.7300033569336,109.5,109.56999969482422,109.68000030517578,1435200.0,104.52452087402344
2019-01-03,110.4000015258789,109.83999633789062,109.83999633789062,110.31999969482422,1213900.0,105.13440704345703
2019-01-04,110.0999984741211,109.86000061035156,110.02999877929688,110.08999633789062,1236700.0,104.91524505615234
2019-01-07,110.20999908447266,109.94000244140625,110.1500015258789,110.0199966430664,1237700.0,104.84852600097656
2019-01-08,110.18000030517578,110.05000305175781,110.11000061035156,110.11000061035156,792600.0,104.9343032836914
2019-01-09,110.25,110.0,110.04000091552734,110.23999786376953,1079200.0,105.05818939208984
2019-01-10,110.2699966430664,109.91999816894531,110.2300033569336,109.9800033569336,1346300.0,104.81040954589844
2019-01-11,110.2699966430664,110.06999969482422,110.06999969482422,110.2699966430664,879400.0,105.08677673339844
2019-01-14,110.31999969482422,110.02999877929688,110.23999786376953,110.06999969482422,975700.0,104.89617919921875
2019-01-15,110.06999969482422,109.87999725341797,110.06999969482422,109.97000122070312,930800.0,104.80085754394531
2019-01-16,109.98999786376953,109.7699966430664,109.8499984741211,109.95999908447266,1793000.0,104.79135131835938
2019-01-17,110.06999969482422,109.79000091552734,109.93000030517578,109.87000274658203,1975400.0,104.7055892944336
2019-01-18,109.8499984741211,109.58000183105469,109.70999908447266,109.73999786376953,1702600.0,104.58169555664062
2019-01-22,109.93000030517578,109.73999786376953,109.9000015258789,109.80999755859375,3260300.0,104.64839935302734
2019-01-23,109.7699966430664,109.62999725341797,109.69999694824219,109.68000030517578,921000.0,104.52452087402344
2019-01-24,109.95999908447266,109.80999755859375,109.88999938964844,109.8499984741211,851000.0,104.68653106689453
2019-01-25,109.76000213623047,109.5999984741211,109.69999694824219,109.68000030517578,576600.0,104.52452087402344
2019-01-28,109.5999984741211,109.5,109.55999755859375,109.52999877929688,1318900.0,104.38156127929688
2019-01-29,109.8499984741211,109.56999969482422,109.58999633789062,109.8499984741211,632200.0,104.68653106689453
2019-01-30,110.5199966430664,109.86000061035156,109.87999725341797,110.44999694824219,947100.0,105.25831604003906
2019-01-31,111.11000061035156,110.69000244140625,110.69000244140625,111.06999969482422,1430700.0,105.84917449951172
2019-02-01,111.05000305175781,110.68000030517578,110.98999786376953,110.68000030517578,1474800.0,105.4775161743164
2019-02-04,110.54000091552734,110.37000274658203,110.5199966430664,110.45999908447266,973000.0,105.26782989501953
2019-02-05,110.6500015258789,110.4800033569336,110.54000091552734,110.61000061035156,1024600.0,105.41080474853516
2019-02-06,110.79000091552734,110.5199966430664,110.73999786376953,110.54000091552734,3779300.0,105.34408569335938
2019-02-07,110.75,110.54000091552734,110.66000366210938,110.70999908447266,916700.0,105.50609588623047
2019-02-08,110.83999633789062,110.72000122070312,110.83000183105469,110.76000213623047,832700.0,105.55374908447266
2019-02-11,110.62000274658203,110.44000244140625,110.58999633789062,110.52999877929688,653200.0,105.33456420898438
2019-02-12,110.62000274658203,110.43000030517578,110.62000274658203,110.55000305175781,658700.0,105.35359954833984
2019-02-13,110.58999633789062,110.47000122070312,110.51000213623047,110.52999877929688,642200.0,105.33456420898438
2019-02-14,110.87999725341797,110.70999908447266,110.83999633789062,110.83999633789062,1780700.0,105.62999725341797
2019-02-15,110.9000015258789,110.76000213623047,110.76000213623047,110.83999633789062,664200.0,105.62999725341797
2019-02-19,111.11000061035156,110.9000015258789,110.94999694824219,111.0999984741211,602400.0,105.87776184082031
2019-02-20,111.19999694824219,111.02999877929688,111.05999755859375,111.13999938964844,819800.0,105.91588592529297
2019-02-21,110.98999786376953,110.81999969482422,110.88999938964844,110.94999694824219,959700.0,105.73480987548828
2019-02-22,111.36000061035156,111.05000305175781,111.05999755859375,111.23999786376953,550100.0,106.01119232177734
2019-02-25,111.19000244140625,111.08999633789062,111.12999725341797,111.16000366210938,556100.0,105.93492889404297
2019-02-26,111.41000366210938,111.23999786376953,111.33000183105469,111.31999969482422,561100.0,106.08740997314453
2019-02-27,111.2300033569336,110.94999694824219,111.20999908447266,111.05999755859375,825600.0,105.83963775634766
2019-02-28,111.08999633789062,110.79000091552734,111.08999633789062,110.87999725341797,1155000.0,105.6680908203125
2019-03-01,110.95999908447266,110.61000061035156,110.81999969482422,110.66000366210938,1334600.0,105.45845031738281
2019-03-04,110.93000030517578,110.7300033569336,110.79000091552734,110.81999969482422,916700.0,105.61093139648438
2019-03-05,110.77999877929688,110.54000091552734,110.69000244140625,110.77999877929688,973600.0,105.57279968261719
2019-03-06,110.91999816894531,110.70999908447266,110.70999908447266,110.91000366210938,1891700.0,105.69669342041016
2019-03-07,111.27999877929688,111.05999755859375,111.05999755859375,111.22000122070312,1168000.0,105.99211120605469
2019-03-08,111.37000274658203,111.1500015258789,111.19999694824219,111.31999969482422,793500.0,106.08740997314453
2019-03-11,111.37999725341797,111.22000122070312,111.31999969482422,111.30000305175781,620400.0,106.06836700439453
2019-03-12,111.58999633789062,111.25,111.26000213623047,111.51000213623047,632400.0,106.26850128173828
2019-03-13,111.6500015258789,111.52999877929688,111.52999877929688,111.63999938964844,607600.0,106.39238739013672
2019-03-14,111.76000213623047,111.5199966430664,111.66000366210938,111.61000061035156,2511100.0,106.36378479003906
2019-03-15,112.0199966430664,111.80999755859375,111.81999969482422,112.0,2015900.0,106.7354736328125
2019-03-18,112.0999984741211,111.91000366210938,111.91000366210938,111.98999786376953,975900.0,106.72594451904297
2019-03-19,111.9800033569336,111.81999969482422,111.87000274658203,111.88999938964844,746400.0,106.63062286376953
2019-03-20,112.69000244140625,111.91000366210938,111.91000366210938,112.62999725341797,1213000.0,107.33583068847656
2019-03-21,112.72000122070312,112.55000305175781,112.62999725341797,112.62000274658203,808900.0,107.32632446289062
2019-03-22,113.05000305175781,112.76000213623047,112.87999725341797,112.95999908447266,1196700.0,107.65032958984375
2019-03-25,113.30000305175781,112.83000183105469,112.91999816894531,112.93000030517578,1160000.0,107.62175750732422
2019-03-26,113.0199966430664,112.7300033569336,112.83999633789062,112.7300033569336,991900.0,107.4311294555664
2019-03-27,112.94999694824219,112.68000030517578,112.70999908447266,112.77999877929688,1237800.0,107.4787826538086
2019-03-28,112.87000274658203,112.62000274658203,112.72000122070312,112.87000274658203,893300.0,107.56455993652344
2019-03-29,113.08999633789062,112.87999725341797,112.87999725341797,113.06999969482422,998200.0,107.75517272949219
2019-04-01,112.95999908447266,112.56999969482422,112.91000366210938,112.6500015258789,3808200.0,107.35490417480469
2019-04-02,112.76000213623047,112.62000274658203,112.63999938964844,112.76000213623047,1183200.0,107.45972442626953
2019-04-03,112.6500015258789,112.41000366210938,112.5,112.41000366210938,1168700.0,107.1261978149414
2019-04-04,112.55000305175781,112.41000366210938,112.44000244140625,112.48999786376953,1860500.0,107.20243835449219
2019-04-05,112.62000274658203,112.43000030517578,112.44000244140625,112.62000274658203,668500.0,107.32632446289062
2019-04-08,112.62999725341797,112.45999908447266,112.56999969482422,112.51000213623047,786000.0,107.22148132324219
2019-04-09,112.76000213623047,112.58999633789062,112.69999694824219,112.62000274658203,1135400.0,107.32632446289062
2019-04-10,113.06999969482422,112.91000366210938,112.91999816894531,113.02999877929688,1665200.0,107.71704864501953
2019-04-11,112.91000366210938,112.73999786376953,112.86000061035156,112.7699966430664,757500.0,107.46926879882812
2019-04-12,112.72000122070312,112.55000305175781,112.61000061035156,112.55999755859375,1097200.0,107.26913452148438
2019-04-15,112.66000366210938,112.55000305175781,112.55999755859375,112.62000274658203,563100.0,107.32632446289062
2019-04-16,112.54000091552734,112.33000183105469,112.4800033569336,112.36000061035156,991200.0,107.07852935791016
2019-04-17,112.41999816894531,112.30000305175781,112.31999969482422,112.33999633789062,1896900.0,107.05947875976562
2019-04-18,112.7300033569336,112.58999633789062,112.5999984741211,112.66000366210938,872400.0,107.36444091796875
2019-04-22,112.69000244140625,112.51000213623047,112.6500015258789,112.55000305175781,7154100.0,107.25961303710938
2019-04-23,112.81999969482422,112.66999816894531,112.69000244140625,112.80999755859375,967800.0,107.50738525390625
2019-04-24,113.22000122070312,113.02999877929688,113.02999877929688,113.19999694824219,577700.0,107.8790512084961
2019-04-25,113.30999755859375,113.16999816894531,113.22000122070312,113.19999694824219,7567000.0,107.8790512084961
2019-04-26,113.44999694824219,113.31999969482422,113.4000015258789,113.44999694824219,769500.0,108.1172866821289
2019-04-29,113.20999908447266,113.0999984741211,113.19000244140625,113.12999725341797,811000.0,107.81233978271484
2019-04-30,113.3499984741211,113.0999984741211,113.0999984741211,113.31999969482422,1004600.0,107.993408203125
2019-05-01,113.55999755859375,113.02999877929688,113.2699966430664,113.04000091552734,2289100.0,107.75985717773438
2019-05-02,112.76000213623047,112.45999908447266,112.72000122070312,112.58000183105469,1103000.0,107.32134246826172
2019-05-03,112.9800033569336,112.80000305175781,112.80000305175781,112.88999938964844,1040400.0,107.61686706542969
2019-05-06,113.16000366210938,113.05000305175781,113.08999633789062,113.05999755859375,588700.0,107.77891540527344
2019-05-07,113.25,113.08000183105469,113.08999633789062,113.12000274658203,1479000.0,107.83611297607422
2019-05-08,113.23999786376953,112.80000305175781,113.20999908447266,112.83000183105469,2586100.0,107.55966186523438
2019-05-09,113.12999725341797,112.94000244140625,113.0199966430664,113.0199966430664,781800.0,107.74079132080078
2019-05-10,113.30999755859375,113.02999877929688,113.0999984741211,113.2699966430664,881100.0,107.9791030883789
2019-05-13,113.70999908447266,113.4800033569336,113.51000213623047,113.51000213623047,952600.0,108.20791625976562
2019-05-14,113.61000061035156,113.47000122070312,113.5199966430664,113.58999633789062,667700.0,108.2841567993164
2019-05-15,113.83999633789062,113.62000274658203,113.80999755859375,113.81999969482422,505500.0,108.50342559814453
2019-05-16,113.72000122070312,113.56999969482422,113.72000122070312,113.63999938964844,373600.0,108.33183288574219
2019-05-17,113.76000213623047,113.5199966430664,113.75,113.52999877929688,589500.0,108.2269515991211
2019-05-20,113.61000061035156,113.36000061035156,113.51000213623047,113.37999725341797,415400.0,108.08396911621094
2019-05-21,113.45999908447266,113.31999969482422,113.41999816894531,113.44000244140625,788600.0,108.14118194580078
2019-05-22,113.62000274658203,113.41999816894531,113.5,113.4800033569336,725100.0,108.1792984008789
2019-05-23,113.86000061035156,113.51000213623047,113.52999877929688,113.72000122070312,780800.0,108.40808868408203
2019-05-24,113.91999816894531,113.76000213623047,113.91999816894531,113.91000366210938,487500.0,108.58921813964844
2019-05-28,114.04000091552734,113.86000061035156,114.0,113.97000122070312,4731600.0,108.64642333984375
2019-05-29,114.41999816894531,114.16999816894531,114.16999816894531,114.16999816894531,1725100.0,108.83707427978516
2019-05-30,114.56999969482422,114.18000030517578,114.26000213623047,114.55000305175781,700700.0,109.1993408203125
2019-05-31,115.31999969482422,114.87000274658203,114.87999725341797,115.2699966430664,1622200.0,109.88568878173828
2019-06-03,115.1500015258789,114.6500015258789,114.7300033569336,114.94000244140625,7087400.0,110.18189239501953
2019-06-04,114.81999969482422,114.4800033569336,114.63999938964844,114.70999908447266,1603800.0,109.96141815185547
2019-06-05,115.04000091552734,114.72000122070312,114.87999725341797,114.77999877929688,1182800.0,110.02850341796875
2019-06-06,115.04000091552734,114.47000122070312,114.8499984741211,114.70999908447266,759100.0,109.96141815185547
2019-06-07,115.12999725341797,114.93000030517578,115.06999969482422,115.12999725341797,770500.0,110.36402893066406
2019-06-10,114.8499984741211,114.4800033569336,114.8499984741211,114.51000213623047,1606600.0,109.76971435546875
2019-06-11,114.51000213623047,114.33999633789062,114.41000366210938,114.36000061035156,640900.0,109.62592315673828
2019-06-12,114.56999969482422,114.36000061035156,114.38999938964844,114.41999816894531,506500.0,109.68342590332031
2019-06-13,114.62000274658203,114.44000244140625,114.55000305175781,114.45999908447266,1625200.0,109.72178649902344
2019-06-14,114.51000213623047,114.11000061035156,114.3499984741211,114.27999877929688,609600.0,109.5492172241211
2019-06-17,114.19000244140625,113.95999908447266,114.05999755859375,114.05999755859375,1652400.0,109.33834075927734
2019-06-18,114.83999633789062,114.4800033569336,114.75,114.52999877929688,860700.0,109.78887939453125
2019-06-19,115.20999908447266,114.31999969482422,114.36000061035156,115.19000244140625,1191800.0,110.42156982421875
2019-06-20,115.9800033569336,115.69000244140625,115.7300033569336,115.83999633789062,873800.0,111.04464721679688
2019-06-21,115.69000244140625,115.19999694824219,115.69000244140625,115.31999969482422,1174700.0,110.54618072509766
2019-06-24,115.55000305175781,115.41000366210938,115.51000213623047,115.54000091552734,528900.0,110.75707244873047
2019-06-25,115.6500015258789,115.30999755859375,115.54000091552734,115.33999633789062,678900.0,110.56533813476562
2019-06-26,115.4000015258789,115.18000030517578,115.3499984741211,115.2300033569336,1477300.0,110.45990753173828
2019-06-27,115.52999877929688,115.2300033569336,115.29000091552734,115.44999694824219,462300.0,110.67080688476562
2019-06-28,115.55999755859375,115.30999755859375,115.33999633789062,115.48999786376953,2422700.0,110.7091293334961
2019-07-01,115.0199966430664,114.4800033569336,114.9800033569336,114.63999938964844,1708400.0,110.4797592163086
2019-07-02,114.83999633789062,114.58000183105469,114.63999938964844,114.69999694824219,3109600.0,110.53758239746094
2019-07-03,115.05000305175781,114.88999938964844,114.9000015258789,115.0,560500.0,110.82669830322266
2019-07-05,114.72000122070312,114.25,114.51000213623047,114.6500015258789,708200.0,110.48941802978516
2019-07-08,114.91999816894531,114.66999816894531,114.87999725341797,114.66999816894531,639700.0,110.50870513916016
2019-07-09,114.88999938964844,114.61000061035156,114.7699966430664,114.79000091552734,436400.0,110.62432861328125
2019-07-10,115.08999633789062,114.8499984741211,115.0,114.98999786376953,1635700.0,110.81705474853516
2019-07-11,115.0999984741211,114.62000274658203,115.08000183105469,114.62999725341797,884700.0,110.47013854980469
2019-07-12,114.91000366210938,114.55999755859375,114.55999755859375,114.83000183105469,809100.0,110.66287994384766
2019-07-15,115.16999816894531,114.83999633789062,114.83999633789062,115.12000274658203,2156000.0,110.9423599243164
2019-07-16,114.98999786376953,114.8499984741211,114.9000015258789,114.93000030517578,1411400.0,110.75924682617188
2019-07-17,115.22000122070312,115.05000305175781,115.05000305175781,115.16999816894531,505800.0,110.99051666259766
2019-07-18,115.43000030517578,114.95999908447266,115.13999938964844,115.41000366210938,599800.0,111.2218246459961
2019-07-19,115.43000030517578,115.2300033569336,115.2300033569336,115.2300033569336,1135200.0,111.0483627319336
2019-07-22,115.41999816894531,115.26000213623047,115.36000061035156,115.26000213623047,939700.0,111.07726287841797
2019-07-23,115.33000183105469,115.12999725341797,115.2300033569336,115.2300033569336,377200.0,111.0483627319336
2019-07-24,115.37999725341797,115.19999694824219,115.25,115.26000213623047,662200.0,111.07726287841797
2019-07-25,115.22000122070312,115.0,115.18000030517578,115.06999969482422,669500.0,110.89415740966797
2019-07-26,115.19000244140625,114.9000015258789,115.18000030517578,114.98999786376953,472600.0,110.81705474853516
2019-07-29,115.0999984741211,114.88999938964844,115.08999633789062,114.88999938964844,620600.0,110.720703125
2019-07-30,115.12999725341797,114.94000244140625,115.05999755859375,115.05999755859375,924200.0,110.88452911376953
2019-07-31,115.55999755859375,114.97000122070312,115.0999984741211,115.23999786376953,1327500.0,111.0580062866211
2019-08-01,115.51000213623047,114.72000122070312,114.79000091552734,115.38999938964844,2549100.0,111.46369934082031
2019-08-02,115.5,115.11000061035156,115.41999816894531,115.47000122070312,2097600.0,111.5409927368164
2019-08-05,115.91999816894531,115.55999755859375,115.62999725341797,115.87000274658203,3091200.0,111.92738342285156
2019-08-06,116.30000305175781,115.7699966430664,115.81999969482422,116.30000305175781,2889600.0,112.34274291992188
2019-08-07,117.08000183105469,116.23999786376953,116.87000274658203,116.36000061035156,2157800.0,112.40070343017578
2019-08-08,116.69000244140625,116.05000305175781,116.19999694824219,116.66000366210938,1248300.0,112.69049835205078
2019-08-09,116.98999786376953,116.47000122070312,116.76000213623047,116.54000091552734,678100.0,112.5745849609375
2019-08-12,117.16000366210938,116.77999877929688,116.93000030517578,117.01000213623047,543200.0,113.02857208251953
2019-08-13,117.22000122070312,116.6500015258789,117.19999694824219,116.81999969482422,1379100.0,112.84504699707031
2019-08-14,117.25,116.94999694824219,117.19000244140625,117.04000091552734,619300.0,113.05757141113281
2019-08-15,117.79000091552734,117.02999877929688,117.19000244140625,117.55999755859375,772700.0,113.55987548828125
2019-08-16,117.30000305175781,116.95999908447266,117.19000244140625,117.22000122070312,548500.0,113.23143005371094
2019-08-19,117.01000213623047,116.72000122070312,116.72000122070312,116.77999877929688,600000.0,112.80640411376953
2019-08-20,117.12999725341797,116.9000015258789,117.05999755859375,116.93000030517578,607000.0,112.95130157470703
2019-08-21,117.26000213623047,116.7300033569336,116.80999755859375,116.80999755859375,938100.0,112.83538055419922
2019-08-22,116.91000366210938,116.38999938964844,116.69999694824219,116.70999908447266,961300.0,112.73880004882812
2019-08-23,117.5,116.66000366210938,116.7300033569336,117.37999725341797,756500.0,113.38600158691406
2019-08-26,117.55000305175781,117.1500015258789,117.43000030517578,117.25,1263700.0,113.26042938232422
2019-08-27,117.80999755859375,117.31999969482422,117.41000366210938,117.80000305175781,954200.0,113.79171752929688
2019-08-28,118.22000122070312,117.98999786376953,118.12999725341797,118.02999877929688,628600.0,114.01387023925781
2019-08-29,118.13999938964844,117.79000091552734,117.97000122070312,118.0999984741211,1308700.0,114.08149719238281
2019-08-30,118.05000305175781,117.63999938964844,118.01000213623047,117.6500015258789,955000.0,113.6468276977539
2019-09-03,117.94000244140625,117.38999938964844,117.51000213623047,117.44999694824219,5779500.0,113.51053619384766
2019-09-04,117.73999786376953,117.47000122070312,117.5,117.73999786376953,1538400.0,113.79081726074219
2019-09-05,117.3499984741211,116.9000015258789,117.2699966430664,117.20999908447266,1541700.0,113.2785873413086
2019-09-06,117.37999725341797,117.11000061035156,117.12000274658203,117.30999755859375,1216900.0,113.3752212524414
2019-09-09,116.94000244140625,116.69000244140625,116.91000366210938,116.70999908447266,1059600.0,112.79535675048828
2019-09-10,116.83999633789062,116.04000091552734,116.72000122070312,116.04000091552734,834000.0,112.1478271484375
2019-09-11,116.2699966430664,115.91000366210938,116.12999725341797,115.91000366210938,1774100.0,112.02220916748047
2019-09-12,116.56999969482422,115.75,116.44999694824219,115.81999969482422,1058200.0,111.9352035522461
2019-09-13,115.75,115.13999938964844,115.58000183105469,115.13999938964844,953300.0,111.27802276611328
2019-09-16,115.95999908447266,115.63999938964844,115.7699966430664,115.83000183105469,1516500.0,111.94486236572266
2019-09-17,116.16999816894531,115.7699966430664,115.83000183105469,115.9800033569336,2191700.0,112.08984375
2019-09-18,116.38999938964844,115.54000091552734,116.30000305175781,115.62000274658203,941800.0,111.74191284179688
2019-09-19,116.04000091552734,115.80999755859375,115.94000244140625,115.8499984741211,1742100.0,111.9642105102539
2019-09-20,116.5,116.05000305175781,116.05000305175781,116.48999786376953,630000.0,112.58274841308594
2019-09-23,116.88999938964844,116.48999786376953,116.54000091552734,116.6500015258789,691600.0,112.73738098144531
2019-09-24,116.98999786376953,116.69999694824219,116.72000122070312,116.91000366210938,533600.0,112.98865509033203
2019-09-25,116.7699966430664,116.18000030517578,116.75,116.30000305175781,736600.0,112.39912414550781
2019-09-26,116.56999969482422,116.30999755859375,116.41000366210938,116.37000274658203,931500.0,112.46675872802734
2019-09-27,116.43000030517578,116.1500015258789,116.30999755859375,116.19000244140625,675600.0,112.29280853271484
2019-09-30,116.36000061035156,115.80999755859375,116.0199966430664,116.29000091552734,2129700.0,112.38945770263672
2019-10-01,116.33999633789062,115.58000183105469,115.63999938964844,116.31999969482422,3965000.0,112.60824584960938
2019-10-02,116.51000213623047,116.18000030517578,116.2699966430664,116.31999969482422,2123800.0,112.60824584960938
2019-10-03,116.97000122070312,116.43000030517578,116.43000030517578,116.69000244140625,1389300.0,112.96642303466797
2019-10-04,117.16000366210938,116.76000213623047,116.79000091552734,117.05000305175781,792900.0,113.31494903564453
2019-10-07,117.08999633789062,116.7300033569336,116.91999816894531,116.7300033569336,635000.0,113.00516510009766
2019-10-08,116.94999694824219,116.5,116.91000366210938,116.62000274658203,839100.0,112.89866638183594
2019-10-09,116.54000091552734,116.19000244140625,116.5,116.37999725341797,1180600.0,112.66632080078125
2019-10-10,116.2699966430664,115.83999633789062,116.2699966430664,116.01000213623047,776900.0,112.3081283569336
2019-10-11,115.94999694824219,115.52999877929688,115.69000244140625,115.6500015258789,2313100.0,111.9596176147461
2019-10-14,115.95999908447266,115.69999694824219,115.95999908447266,115.83999633789062,772600.0,112.14354705810547
2019-10-15,115.87999725341797,115.41000366210938,115.80999755859375,115.44999694824219,1165000.0,111.76600646972656
2019-10-16,115.80000305175781,115.37999725341797,115.45999908447266,115.62999725341797,981200.0,111.94023895263672
2019-10-17,115.91000366210938,115.48999786376953,115.54000091552734,115.79000091552734,1122200.0,112.09515380859375
2019-10-18,116.05999755859375,115.83000183105469,115.9000015258789,115.97000122070312,525000.0,112.26940155029297
2019-10-21,115.87999725341797,115.58999633789062,115.68000030517578,115.5999984741211,1151000.0,111.91121673583984
2019-10-22,115.94999694824219,115.69000244140625,115.86000061035156,115.94999694824219,1075700.0,112.25003814697266
2019-10-23,116.20999908447266,115.9800033569336,116.08999633789062,116.02999877929688,946600.0,112.3274917602539
2019-10-24,116.30999755859375,116.0199966430664,116.0999984741211,116.0999984741211,928100.0,112.395263671875
2019-10-25,116.19999694824219,115.94999694824219,116.12999725341797,116.12000274658203,807700.0,112.41462707519531
2019-10-28,115.79000091552734,115.54000091552734,115.73999786376953,115.55999755859375,1007800.0,111.87248992919922
2019-10-29,115.61000061035156,115.2699966430664,115.55999755859375,115.2699966430664,776500.0,111.59175109863281
2019-10-30,115.70999908447266,115.4000015258789,115.44999694824219,115.69999694824219,738500.0,112.00801849365234
2019-10-31,116.3499984741211,115.94999694824219,115.94999694824219,116.05999755859375,1396700.0,112.35652923583984
2019-11-01,116.33999633789062,115.9800033569336,116.08999633789062,116.20999908447266,7946400.0,112.5211410522461
2019-11-04,116.19000244140625,115.98999786376953,116.04000091552734,116.12999725341797,1705200.0,112.44366455078125
2019-11-05,116.0,115.73999786376953,115.91000366210938,115.91000366210938,967000.0,112.23067474365234
2019-11-06,116.27999877929688,116.02999877929688,116.02999877929688,116.27999877929688,1009800.0,112.58892822265625
2019-11-07,116.0,115.41000366210938,115.98999786376953,115.62999725341797,1245500.0,111.95953369140625
2019-11-08,115.6500015258789,115.4000015258789,115.41000366210938,115.55999755859375,742200.0,111.89178466796875
2019-11-11,115.72000122070312,115.54000091552734,115.69999694824219,115.62000274658203,530200.0,111.94987487792969
2019-11-12,115.72000122070312,115.5199966430664,115.62000274658203,115.5999984741211,1609600.0,111.93048858642578
2019-11-13,115.80999755859375,115.62999725341797,115.79000091552734,115.69999694824219,614600.0,112.0273208618164
2019-11-14,116.0999984741211,115.88999938964844,115.94000244140625,115.97000122070312,1247400.0,112.28876495361328
2019-11-15,116.0,115.73999786376953,115.7699966430664,115.83000183105469,813300.0,112.1531982421875
2019-11-18,116.0999984741211,115.87000274658203,115.87999725341797,116.05999755859375,613900.0,112.37590026855469
2019-11-19,116.30000305175781,116.08999633789062,116.0999984741211,116.2699966430664,437300.0,112.5792236328125
2019-11-20,116.72000122070312,116.41999816894531,116.41999816894531,116.72000122070312,666100.0,113.01495361328125
2019-11-21,116.55999755859375,116.29000091552734,116.41000366210938,116.45999908447266,803500.0,112.76319122314453
2019-11-22,116.5999984741211,116.38999938964844,116.4800033569336,116.5,2323700.0,112.80193328857422
2019-11-25,116.69000244140625,116.54000091552734,116.56999969482422,116.62999725341797,818000.0,112.92781066894531
2019-11-26,116.88999938964844,116.77999877929688,116.77999877929688,116.87999725341797,620200.0,113.16986846923828
2019-11-27,116.7699966430664,116.62000274658203,116.70999908447266,116.6500015258789,510800.0,112.9471664428711
2019-11-29,116.6500015258789,116.25,116.62000274658203,116.37999725341797,1013000.0,112.68575286865234
2019-12-02,116.12000274658203,115.7699966430664,115.86000061035156,116.11000061035156,2283500.0,112.52486419677734
2019-12-03,116.97000122070312,116.41999816894531,116.41999816894531,116.83000183105469,1277600.0,113.2226333618164
2019-12-04,116.83999633789062,116.5999984741211,116.69999694824219,116.75,773500.0,113.14509582519531
2019-12-05,116.62999725341797,116.44999694824219,116.5,116.58000183105469,679800.0,112.98035430908203
2019-12-06,116.55000305175781,116.29000091552734,116.3499984741211,116.5,524000.0,112.90282440185547
2019-12-09,116.72000122070312,116.47000122070312,116.66999816894531,116.52999877929688,493200.0,112.9319076538086
2019-12-10,116.5999984741211,116.36000061035156,116.56999969482422,116.5,432700.0,112.90282440185547
2019-12-11,116.94999694824219,116.6500015258789,116.7300033569336,116.91000366210938,860700.0,113.30017852783203
2019-12-12,116.87000274658203,116.12000274658203,116.77999877929688,116.33999633789062,1439800.0,112.74776458740234
2019-12-13,116.83000183105469,116.23999786376953,116.44999694824219,116.80999755859375,1093900.0,113.20326232910156
2019-12-16,116.7300033569336,116.4800033569336,116.6500015258789,116.54000091552734,852800.0,112.94158172607422
2019-12-17,116.69999694824219,116.51000213623047,116.54000091552734,116.69999694824219,1612300.0,113.09664916992188
2019-12-18,116.72000122070312,116.5199966430664,116.6500015258789,116.56999969482422,1277000.0,112.97065734863281
2019-12-19,116.79000091552734,116.27999877929688,116.33999633789062,116.6500015258789,1410000.0,113.15399932861328
2019-12-20,116.7300033569336,116.56999969482422,116.6500015258789,116.58999633789062,1218100.0,113.0958023071289
2019-12-23,116.58999633789062,116.30000305175781,116.58000183105469,116.38999938964844,1067600.0,112.90178680419922
2019-12-24,116.58999633789062,116.25,116.2699966430664,116.52999877929688,340800.0,113.03759765625
2019-12-26,116.62999725341797,116.44999694824219,116.54000091552734,116.61000061035156,385800.0,113.11518859863281
2019-12-27,116.69999694824219,116.5999984741211,116.5999984741211,116.6500015258789,657900.0,113.15399932861328
2019-12-30,116.69000244140625,116.4000015258789,116.47000122070312,116.69000244140625,932600.0,113.19280242919922
2019-12-31,116.75,116.44000244140625,116.4800033569336,116.56999969482422,1277000.0,113.07640075683594
2020-01-02,117.19000244140625,116.93000030517578,116.93000030517578,117.13999938964844,2150700.0,113.62931823730469
2020-01-03,117.83000183105469,117.5,117.55999755859375,117.68000030517578,1259900.0,114.15312957763672
2020-01-06,117.83999633789062,117.33000183105469,117.83999633789062,117.37999725341797,917500.0,113.86210632324219
2020-01-07,117.26000213623047,117.0199966430664,117.2300033569336,117.0199966430664,810500.0,113.51290893554688
2020-01-08,117.18000030517578,116.76000213623047,117.05000305175781,116.91000366210938,2121500.0,113.40621948242188
2020-01-09,116.91999816894531,116.58999633789062,116.66000366210938,116.9000015258789,1814000.0,113.39651489257812
2020-01-10,117.2699966430664,117.0199966430664,117.05000305175781,117.25,1609300.0,113.73601531982422
2020-01-13,117.2699966430664,117.05000305175781,117.16999816894531,117.2300033569336,1422700.0,113.71662902832031
2020-01-14,117.43000030517578,117.25,117.27999877929688,117.38999938964844,3290000.0,113.871826171875
2020-01-15,117.5999984741211,117.47000122070312,117.5999984741211,117.4800033569336,1601600.0,113.95913696289062
2020-01-16,117.44999694824219,117.27999877929688,117.43000030517578,117.29000091552734,1205800.0,113.77481842041016
2020-01-17,117.19000244140625,117.0199966430664,117.12999725341797,117.0999984741211,920500.0,113.59052276611328
2020-01-21,117.54000091552734,117.30000305175781,117.30999755859375,117.4800033569336,1109700.0,113.95913696289062
2020-01-22,117.58999633789062,117.38999938964844,117.55000305175781,117.4000015258789,1154700.0,113.88152313232422
2020-01-23,117.75,117.5999984741211,117.62000274658203,117.63999938964844,2230200.0,114.11433410644531
2020-01-24,117.97000122070312,117.73999786376953,117.73999786376953,117.9000015258789,963300.0,114.36653900146484
2020-01-27,118.23999786376953,118.08999633789062,118.13999938964844,118.16999816894531,1111600.0,114.62844848632812
2020-01-28,118.20999908447266,117.98999786376953,118.19000244140625,117.98999786376953,743100.0,114.45384216308594
2020-01-29,118.51000213623047,118.12000274658203,118.12999725341797,118.41999816894531,1096400.0,114.8709487915039
2020-01-30,118.8499984741211,118.36000061035156,118.4800033569336,118.55000305175781,1199500.0,114.99706268310547
2020-01-31,119.0999984741211,118.69999694824219,118.72000122070312,119.05999755859375,2343900.0,115.49176788330078
2020-02-03,118.68000030517578,118.37000274658203,118.55999755859375,118.6500015258789,3061900.0,115.21696472167969
2020-02-04,118.33000183105469,118.01000213623047,118.33000183105469,118.13999938964844,1635700.0,114.7217025756836
2020-02-05,117.9800033569336,117.77999877929688,117.86000061035156,117.79000091552734,1443800.0,114.38185119628906
2020-02-06,118.05000305175781,117.80000305175781,117.80000305175781,118.01000213623047,1222400.0,114.59547424316406
2020-02-07,118.5,118.25,118.29000091552734,118.48999786376953,1071900.0,115.06157684326172
2020-02-10,118.73999786376953,118.5199966430664,118.58000183105469,118.66999816894531,627100.0,115.23638153076172
2020-02-11,118.4800033569336,118.27999877929688,118.4800033569336,118.31999969482422,600200.0,114.89651489257812
2020-02-12,118.26000213623047,118.05999755859375,118.0999984741211,118.19999694824219,1242900.0,114.77996826171875
2020-02-13,118.5,118.36000061035156,118.41999816894531,118.44999694824219,1314600.0,115.02273559570312
2020-02-14,118.63999938964844,118.51000213623047,118.52999877929688,118.54000091552734,817500.0,115.11015319824219
2020-02-18,118.87000274658203,118.63999938964844,118.69000244140625,118.80000305175781,1078500.0,115.36261749267578
2020-02-19,118.80000305175781,118.66000366210938,118.76000213623047,118.75,787100.0,115.31407165527344
2020-02-20,118.98999786376953,118.79000091552734,118.81999969482422,118.9800033569336,809600.0,115.53742980957031
2020-02-21,119.33000183105469,119.08000183105469,119.08000183105469,119.19999694824219,930200.0,115.75105285644531
2020-02-24,119.83000183105469,119.66000366210938,119.76000213623047,119.75,1489600.0,116.28514862060547
2020-02-25,119.93000030517578,119.5199966430664,119.62999725341797,119.55000305175781,1462300.0,116.09092712402344
2020-02-26,119.77999877929688,119.23999786376953,119.33000183105469,119.48999786376953,2459700.0,116.03266906738281
2020-02-27,119.97000122070312,119.63999938964844,119.80999755859375,119.83999633789062,3634200.0,116.37252807617188
2020-02-28,120.48999786376953,119.91999816894531,120.18000030517578,120.02999877929688,5021700.0,116.5570297241211
2020-03-02,120.6500015258789,120.08000183105469,120.26000213623047,120.30999755859375,12076100.0,116.82893371582031
2020-03-03,122.16999816894531,120.23999786376953,120.30999755859375,121.52999877929688,7529700.0,118.01362609863281
2020-03-04,121.97000122070312,121.2300033569336,121.73999786376953,121.3499984741211,4020600.0,117.8388442993164
2020-03-05,122.08000183105469,121.6500015258789,121.93000030517578,121.7300033569336,3796000.0,118.2078628540039
2020-03-06,123.16000366210938,121.9800033569336,122.91999816894531,122.54000091552734,3888600.0,118.99441528320312
2020-03-09,123.12000274658203,120.0,122.88999938964844,120.0199966430664,5756500.0,116.54730987548828
2020-03-10,120.5,116.29000091552734,120.18000030517578,116.58000183105469,9542100.0,113.20687103271484
2020-03-11,117.79000091552734,113.48999786376953,117.0999984741211,113.94000244140625,8568300.0,110.64324951171875
2020-03-12,118.41999816894531,107.37000274658203,113.37999725341797,113.66999816894531,12654600.0,110.38106536865234
2020-03-13,115.94999694824219,113.69999694824219,114.80000305175781,114.12000274658203,5230400.0,110.81803131103516
2020-03-16,114.19000244140625,112.51000213623047,113.72000122070312,113.33000183105469,5894300.0,110.05089569091797
2020-03-17,114.38999938964844,110.16000366210938,113.18000030517578,110.16000366210938,4496400.0,106.97261810302734
2020-03-18,111.3499984741211,108.37000274658203,110.20999908447266,108.80999755859375,4942100.0,105.66167449951172
2020-03-19,111.0999984741211,109.63999938964844,109.63999938964844,110.91999816894531,3017500.0,107.71063232421875
2020-03-20,116.0999984741211,111.16999816894531,112.12999725341797,115.86000061035156,3326900.0,112.5076904296875
2020-03-23,118.05999755859375,115.01000213623047,115.41999816894531,118.04000091552734,4261400.0,114.6246109008789
2020-03-24,119.13999938964844,117.0,117.3499984741211,118.11000061035156,3533400.0,114.69258117675781
2020-03-25,119.9000015258789,118.5199966430664,118.70999908447266,119.25,2921800.0,115.79960632324219
2020-03-26,121.72000122070312,119.4800033569336,120.27999877929688,119.86000061035156,4072700.0,116.39196014404297
2020-03-27,120.37000274658203,118.52999877929688,120.0,120.25,2621800.0,116.77066802978516
2020-03-30,120.37999725341797,118.29000091552734,120.1500015258789,118.33999633789062,3484400.0,114.91593170166016
2020-03-31,119.0,117.75,118.93000030517578,117.91999816894531,3063200.0,114.50808715820312
2020-04-01,119.12999725341797,118.31999969482422,118.76000213623047,118.45999908447266,8058800.0,115.20440673828125
2020-04-02,120.58000183105469,119.25,119.66000366210938,120.2699966430664,2813500.0,116.96466064453125
2020-04-03,121.58999633789062,120.80999755859375,121.43000030517578,121.33000183105469,2990600.0,117.99553680419922
2020-04-06,121.52999877929688,121.02999877929688,121.47000122070312,121.25,2141600.0,117.91773986816406
2020-04-07,121.5199966430664,120.66999816894531,121.25,121.16999816894531,1655400.0,117.83993530273438
2020-04-08,121.30999755859375,120.25,121.04000091552734,120.33999633789062,11109900.0,117.03274536132812
2020-04-09,121.8499984741211,120.86000061035156,121.04000091552734,121.52999877929688,3010100.0,118.19003295898438
2020-04-13,121.91000366210938,121.56999969482422,121.66999816894531,121.75,1462100.0,118.40399169921875
2020-04-14,122.2699966430664,121.87000274658203,121.91999816894531,122.11000061035156,2983400.0,118.75410461425781
2020-04-15,122.6500015258789,122.11000061035156,122.62000274658203,122.23999786376953,1527200.0,118.88052368164062
2020-04-16,122.37999725341797,120.93000030517578,122.22000122070312,121.18000030517578,1914800.0,117.84966278076172
2020-04-17,121.44000244140625,120.33999633789062,121.29000091552734,120.5999984741211,2183500.0,117.28560638427734
2020-04-20,120.69000244140625,119.94999694824219,120.04000091552734,120.2300033569336,2014800.0,116.92576599121094
2020-04-21,121.06999969482422,120.5999984741211,120.70999908447266,120.83999633789062,1280000.0,117.51899719238281
2020-04-22,121.56999969482422,120.8499984741211,121.12000274658203,121.56999969482422,1830300.0,118.22894287109375
2020-04-23,121.9000015258789,121.3499984741211,121.77999877929688,121.5,2614500.0,118.1608657836914
2020-04-24,122.2300033569336,121.54000091552734,121.62999725341797,122.19000244140625,1119600.0,118.83189392089844
2020-04-27,122.31999969482422,121.9000015258789,122.12999725341797,121.94999694824219,2086200.0,118.5984878540039
2020-04-28,122.44999694824219,122.12000274658203,122.16000366210938,122.37000274658203,1362200.0,119.00695037841797
2020-04-29,122.45999908447266,122.0999984741211,122.30999755859375,122.22000122070312,1664900.0,118.86107635498047
2020-04-30,122.36000061035156,121.30999755859375,122.30999755859375,121.30999755859375,2968200.0,117.97607421875
2020-05-01,121.12000274658203,120.62000274658203,121.05000305175781,121.01000213623047,1910900.0,117.97413635253906
2020-05-04,121.30000305175781,121.01000213623047,121.16999816894531,121.12999725341797,1484100.0,118.09112548828125
2020-05-05,121.37999725341797,120.91000366210938,121.02999877929688,121.2699966430664,3873000.0,118.22761535644531
2020-05-06,120.98999786376953,120.61000061035156,120.97000122070312,120.68000030517578,1844900.0,117.65242004394531
2020-05-07,121.54000091552734,120.81999969482422,120.91000366210938,121.44000244140625,1552100.0,118.39335632324219
2020-05-08,121.55000305175781,121.25,121.37000274658203,121.4000015258789,1113900.0,118.3543472290039
2020-05-11,121.33000183105469,120.9800033569336,121.25,120.9800033569336,1065800.0,117.94490814208984
2020-05-12,121.18000030517578,120.8499984741211,121.05999755859375,121.08999633789062,1582900.0,118.05213165283203
2020-05-13,121.43000030517578,121.02999877929688,121.2300033569336,121.19999694824219,1563900.0,118.15937042236328
2020-05-14,121.4000015258789,121.12000274658203,121.23999786376953,121.33999633789062,1141500.0,118.29584503173828
2020-05-15,121.55999755859375,121.31999969482422,121.45999908447266,121.55000305175781,1011500.0,118.50059509277344
2020-05-18,121.69999694824219,121.29000091552734,121.56999969482422,121.54000091552734,1561200.0,118.4908447265625
2020-05-19,121.56999969482422,121.36000061035156,121.44000244140625,121.4000015258789,1356200.0,118.3543472290039
2020-05-20,121.83000183105469,121.37999725341797,121.37999725341797,121.76000213623047,880500.0,118.705322265625
2020-05-21,121.9800033569336,121.52999877929688,121.70999908447266,121.62999725341797,1345700.0,118.57858276367188
2020-05-22,121.75,121.4800033569336,121.58000183105469,121.69999694824219,1358500.0,118.6468276977539
2020-05-26,121.62000274658203,121.25,121.5999984741211,121.25,1170900.0,118.20812225341797
2020-05-27,121.5199966430664,121.16000366210938,121.26000213623047,121.37000274658203,1079300.0,118.32511138916016
2020-05-28,121.7699966430664,121.33999633789062,121.4000015258789,121.75,967800.0,118.69557189941406
2020-05-29,121.9800033569336,121.5999984741211,121.77999877929688,121.80000305175781,2454500.0,118.74432373046875
2020-06-01,121.97000122070312,121.75,121.83000183105469,121.94999694824219,1528000.0,118.89054870605469
2020-06-02,121.93000030517578,121.5199966430664,121.9000015258789,121.68000030517578,1031900.0,118.6273193359375
2020-06-03,121.47000122070312,121.08000183105469,121.45999908447266,121.27999877929688,1743600.0,118.23736572265625
2020-06-04,121.20999908447266,120.79000091552734,121.16999816894531,120.81999969482422,1541500.0,117.7889175415039
2020-06-05,120.83999633789062,120.26000213623047,120.58999633789062,120.80999755859375,1451600.0,117.7791519165039
2020-06-08,121.06999969482422,120.76000213623047,120.7699966430664,121.06999969482422,1572700.0,118.03264617919922
2020-06-09,121.69000244140625,121.16000366210938,121.5999984741211,121.19000244140625,1943600.0,118.1496353149414
2020-06-10,122.1500015258789,121.55000305175781,121.66000366210938,122.12000274658203,1472000.0,119.0562973022461
2020-06-11,122.44999694824219,122.11000061035156,122.2699966430664,122.16000366210938,1569800.0,119.09529113769531
2020-06-12,122.12999725341797,121.7699966430664,122.01000213623047,121.83000183105469,1450900.0,118.77356719970703
2020-06-15,122.08000183105469,121.81999969482422,122.02999877929688,121.87999725341797,1898700.0,118.82231140136719
2020-06-16,121.9800033569336,121.51000213623047,121.70999908447266,121.81999969482422,2475800.0,118.7638168334961
2020-06-17,121.80999755859375,121.58000183105469,121.70999908447266,121.73999786376953,1574600.0,118.68582153320312
2020-06-18,122.36000061035156,121.81999969482422,121.94000244140625,122.29000091552734,1553800.0,119.2220230102539
2020-06-19,122.52999877929688,122.18000030517578,122.20999908447266,122.52999877929688,1673400.0,119.45600128173828
2020-06-22,122.83999633789062,122.58000183105469,122.63999938964844,122.83999633789062,1612300.0,119.75822448730469
2020-06-23,122.94999694824219,122.80999755859375,122.9000015258789,122.91000366210938,1556800.0,119.82647705078125
2020-06-24,123.0199966430664,122.70999908447266,122.88999938964844,122.73999786376953,1152100.0,119.66072082519531
2020-06-25,122.97000122070312,122.73999786376953,122.83999633789062,122.8499984741211,1291000.0,119.76797485351562
2020-06-26,123.08000183105469,122.91000366210938,122.95999908447266,123.05999755859375,1017400.0,119.97270965576172
2020-06-29,123.19999694824219,123.04000091552734,123.08000183105469,123.19999694824219,959700.0,120.10919189453125
2020-06-30,123.36000061035156,122.80999755859375,123.27999877929688,123.0,2665300.0,119.91421508789062
2020-07-01,123.08000183105469,122.72000122070312,122.86000061035156,123.08000183105469,1755100.0,119.99221801757812
2020-07-02,123.5999984741211,122.97000122070312,123.12999725341797,123.41999816894531,1557800.0,120.32367706298828
2020-07-06,123.69999694824219,123.19000244140625,123.33999633789062,123.66000366210938,1295700.0,120.55765533447266
2020-07-07,123.80000305175781,123.44000244140625,123.70999908447266,123.69000244140625,1148200.0,120.58689880371094
2020-07-08,123.69000244140625,123.47000122070312,123.55000305175781,123.47000122070312,1223100.0,120.37242889404297
2020-07-09,123.91999816894531,123.5,123.55000305175781,123.79000091552734,1168200.0,120.68440246582031
2020-07-10,123.9000015258789,123.62999725341797,123.8499984741211,123.66000366210938,832000.0,120.55765533447266
2020-07-13,123.93000030517578,123.4000015258789,123.5,123.93000030517578,1041000.0,120.82088470458984
2020-07-14,124.23999786376953,123.91999816894531,124.08999633789062,123.94999694824219,1037600.0,120.84037780761719
2020-07-15,124.06999969482422,123.81999969482422,123.8499984741211,123.87999725341797,1098400.0,120.77214050292969
2020-07-16,124.18000030517578,123.98999786376953,124.08999633789062,124.12999725341797,950900.0,121.01586151123047
2020-07-17,124.36000061035156,124.16999816894531,124.2699966430664,124.36000061035156,1058800.0,121.2400894165039
2020-07-20,124.75,124.44999694824219,124.6500015258789,124.52999877929688,1543800.0,121.40581512451172
2020-07-21,124.87000274658203,124.6500015258789,124.75,124.80999755859375,1066500.0,121.6788101196289
2020-07-22,125.12999725341797,124.80999755859375,125.12999725341797,124.80999755859375,1595300.0,121.6788101196289
2020-07-23,125.06999969482422,124.7300033569336,125.0,124.87000274658203,2465500.0,121.7373046875
2020-07-24,124.9800033569336,124.80999755859375,124.86000061035156,124.83999633789062,1168000.0,121.70804595947266
2020-07-27,125.05000305175781,124.77999877929688,125.0,124.83999633789062,1888800.0,121.70804595947266
2020-07-28,125.08000183105469,124.86000061035156,124.87999725341797,125.06999969482422,853200.0,121.93228149414062
2020-07-29,125.36000061035156,125.08999633789062,125.11000061035156,125.36000061035156,1080100.0,122.21500396728516
2020-07-30,125.51000213623047,125.33999633789062,125.47000122070312,125.48999786376953,1497300.0,122.34174346923828
2020-07-31,125.91999816894531,125.37000274658203,125.54000091552734,125.86000061035156,2701700.0,122.70246887207031
2020-08-03,126.02999877929688,125.76000213623047,125.8499984741211,126.02999877929688,3755800.0,122.86819458007812
2020-08-04,126.37000274658203,126.13999938964844,126.26000213623047,126.30999755859375,1536500.0,123.14117431640625
2020-08-05,126.45999908447266,126.26000213623047,126.2699966430664,126.37000274658203,1778700.0,123.19966125488281
2020-08-06,126.87999725341797,126.44000244140625,126.6500015258789,126.51000213623047,1895900.0,123.3361587524414
2020-08-07,126.5999984741211,126.0999984741211,126.58999633789062,126.16999816894531,2206800.0,123.00468444824219
2020-08-10,126.41000366210938,125.9800033569336,126.38999938964844,126.0199966430664,1692400.0,122.85843658447266
2020-08-11,125.83000183105469,125.56999969482422,125.79000091552734,125.73999786376953,2608600.0,122.5854721069336
2020-08-12,125.94999694824219,125.62999725341797,125.83999633789062,125.81999969482422,2302200.0,122.66346740722656
2020-08-13,126.05000305175781,125.45999908447266,125.9000015258789,125.5,1879700.0,122.35149383544922
2020-08-14,125.5199966430664,125.29000091552734,125.4800033569336,125.29000091552734,2057200.0,122.14677429199219
2020-08-17,125.63999938964844,125.4000015258789,125.4800033569336,125.55999755859375,1587400.0,122.40998077392578
2020-08-18,126.12999725341797,125.73999786376953,125.80999755859375,126.12000274658203,1388200.0,122.95594024658203
2020-08-19,126.51000213623047,125.69999694824219,126.37999725341797,125.73999786376953,2010900.0,122.5854721069336
2020-08-20,126.1500015258789,125.33000183105469,125.86000061035156,125.62000274658203,1650300.0,122.4684829711914
2020-08-21,126.05000305175781,125.69999694824219,125.80999755859375,126.05000305175781,2029400.0,122.8876953125
2020-08-24,126.4800033569336,126.26000213623047,126.38999938964844,126.30000305175781,2014100.0,123.13143157958984
2020-08-25,126.3499984741211,125.9000015258789,126.13999938964844,126.26000213623047,2188200.0,123.0924301147461
2020-08-26,126.54000091552734,126.16999816894531,126.31999969482422,126.51000213623047,1316200.0,123.3361587524414
2020-08-27,126.45999908447266,125.91999816894531,126.43000030517578,126.01000213623047,1804700.0,122.84870147705078
2020-08-28,126.61000061035156,126.22000122070312,126.41000366210938,126.41000366210938,2553500.0,123.23866271972656
2020-08-31,127.1500015258789,126.58000183105469,126.6500015258789,126.9800033569336,3307900.0,123.79436492919922
2020-09-01,127.20999908447266,126.83000183105469,127.04000091552734,127.05000305175781,3560800.0,123.86260986328125
2020-09-02,127.27999877929688,126.94999694824219,127.2300033569336,127.0999984741211,3262400.0,123.91134643554688
2020-09-03,127.01000213623047,126.55999755859375,126.9800033569336,126.66000366210938,2666100.0,123.4823989868164
2020-09-04,126.73999786376953,126.11000061035156,126.73999786376953,126.2699966430664,2048300.0,123.1021728515625
2020-09-08,126.55000305175781,126.33000183105469,126.33999633789062,126.38999938964844,1821400.0,123.21916961669922
2020-09-09,126.80999755859375,126.31999969482422,126.6500015258789,126.45999908447266,2012100.0,123.28741455078125
2020-09-10,126.58000183105469,126.30999755859375,126.45999908447266,126.56999969482422,1845100.0,123.3946533203125
2020-09-11,126.66999816894531,126.43000030517578,126.5999984741211,126.5,1634800.0,123.32640838623047
2020-09-14,126.61000061035156,126.33000183105469,126.48999786376953,126.41999816894531,1450000.0,123.24840545654297
2020-09-15,126.58999633789062,126.4000015258789,126.41999816894531,126.51000213623047,1797600.0,123.3361587524414
2020-09-16,126.81999969482422,126.47000122070312,126.66999816894531,126.51000213623047,2265000.0,123.3361587524414
2020-09-17,126.62000274658203,126.3499984741211,126.54000091552734,126.58000183105469,1949700.0,123.40440368652344
2020-09-18,126.68000030517578,126.45999908447266,126.66999816894531,126.47000122070312,1311800.0,123.29715728759766
2020-09-21,126.56999969482422,126.20999908447266,126.4800033569336,126.23999786376953,4146000.0,123.07292938232422
2020-09-22,126.38999938964844,126.12999725341797,126.26000213623047,126.27999877929688,2661200.0,123.11193084716797
2020-09-23,126.37999725341797,126.08000183105469,126.30999755859375,126.1500015258789,2519400.0,122.98517608642578
2020-09-24,126.26000213623047,126.08999633789062,126.13999938964844,126.23999786376953,3391000.0,123.07292938232422
2020-09-25,126.41000366210938,126.1500015258789,126.19999694824219,126.41000366210938,2756300.0,123.23866271972656
2020-09-28,126.69000244140625,126.4800033569336,126.55000305175781,126.66999816894531,2220900.0,123.49214172363281
2020-09-29,126.94999694824219,126.70999908447266,126.7699966430664,126.87999725341797,1141400.0,123.69686126708984
2020-09-30,126.9000015258789,126.48999786376953,126.9000015258789,126.5,6230600.0,123.32640838623047
2020-10-01,126.30000305175781,125.93000030517578,126.06999969482422,126.05999755859375,10675700.0,123.30390930175781
2020-10-02,126.1500015258789,125.97000122070312,126.0999984741211,126.08000183105469,3120100.0,123.32347869873047
2020-10-05,126.05999755859375,125.69000244140625,126.05999755859375,125.69999694824219,2675300.0,122.9517822265625
2020-10-06,125.94000244140625,125.55000305175781,125.80000305175781,125.72000122070312,2184700.0,122.97135162353516
2020-10-07,125.80999755859375,125.61000061035156,125.75,125.70999908447266,1491200.0,122.9615707397461
2020-10-08,126.20999908447266,125.87000274658203,125.94999694824219,126.20999908447266,1923000.0,123.45063018798828
2020-10-09,126.2699966430664,126.0,126.19000244140625,126.25,1912700.0,123.48975372314453
2020-10-12,126.33999633789062,126.16000366210938,126.19000244140625,126.33000183105469,1263600.0,123.56800079345703
2020-10-13,126.47000122070312,126.26000213623047,126.29000091552734,126.33000183105469,1761000.0,123.56800079345703
2020-10-14,126.51000213623047,126.25,126.48999786376953,126.33000183105469,1135300.0,123.56800079345703
2020-10-15,126.37999725341797,126.22000122070312,126.37000274658203,126.29000091552734,923100.0,123.52887725830078
2020-10-16,126.41999816894531,126.25,126.36000061035156,126.33999633789062,1468800.0,123.57777404785156
2020-10-19,126.26000213623047,126.04000091552734,126.20999908447266,126.04000091552734,1577600.0,123.28434753417969
2020-10-20,126.11000061035156,125.87000274658203,126.05000305175781,125.93000030517578,2015700.0,123.17675018310547
2020-10-21,126.05000305175781,125.87999725341797,126.01000213623047,125.88999938964844,1617500.0,123.13762664794922
2020-10-22,125.9000015258789,125.66000366210938,125.9000015258789,125.69999694824219,2517000.0,122.9517822265625
2020-10-23,125.87999725341797,125.6500015258789,125.72000122070312,125.8499984741211,2846900.0,123.09849548339844
2020-10-26,126.02999877929688,125.83999633789062,125.9800033569336,125.94999694824219,2135600.0,123.19630432128906
2020-10-27,126.23999786376953,126.12000274658203,126.12000274658203,126.19999694824219,1521300.0,123.44084930419922
2020-10-28,126.16000366210938,125.94000244140625,126.13999938964844,126.04000091552734,2275700.0,123.28434753417969
2020-10-29,125.97000122070312,125.58999633789062,125.97000122070312,125.61000061035156,2698400.0,122.86373901367188
2020-10-30,125.66000366210938,125.16999816894531,125.61000061035156,125.2300033569336,3330300.0,122.49205017089844
2020-11-02,125.45999908447266,125.19999694824219,125.25,125.37000274658203,6642000.0,122.94119262695312
2020-11-03,125.29000091552734,124.97000122070312,125.29000091552734,125.2699966430664,5226500.0,122.8431167602539
2020-11-04,125.68000030517578,125.3499984741211,125.5999984741211,125.4800033569336,4789700.0,123.04905700683594
2020-11-05,125.66999816894531,125.45999908447266,125.58000183105469,125.58000183105469,3977000.0,123.14710998535156
2020-11-06,125.30000305175781,124.97000122070312,125.30000305175781,125.01000213623047,2495900.0,122.5881576538086
2020-11-09,124.68000030517578,124.31999969482422,124.61000061035156,124.6500015258789,3235600.0,122.2351303100586
2020-11-10,124.9800033569336,124.63999938964844,124.69000244140625,124.7699966430664,2641400.0,122.35281372070312
2020-11-11,124.98999786376953,124.80999755859375,124.88999938964844,124.98999786376953,1309000.0,122.56855010986328
2020-11-12,125.3499984741211,125.12000274658203,125.19999694824219,125.33999633789062,1726600.0,122.91175842285156
2020-11-13,125.44999694824219,125.2300033569336,125.44999694824219,125.33000183105469,1362600.0,122.90196228027344
2020-11-16,125.41000366210938,125.11000061035156,125.30000305175781,125.16000366210938,2750800.0,122.73526000976562
2020-11-17,125.4000015258789,125.23999786376953,125.30999755859375,125.37000274658203,1310200.0,122.94119262695312
2020-11-18,125.58000183105469,125.26000213623047,125.5,125.41000366210938,1385900.0,122.98041534423828
2020-11-19,125.6500015258789,125.36000061035156,125.5199966430664,125.54000091552734,4095400.0,123.10789489746094
2020-11-20,125.83000183105469,125.58999633789062,125.63999938964844,125.81999969482422,1137500.0,123.3824691772461
2020-11-23,125.80000305175781,125.63999938964844,125.73999786376953,125.72000122070312,1331200.0,123.28440856933594
2020-11-24,125.80999755859375,125.63999938964844,125.72000122070312,125.76000213623047,1662300.0,123.32363891601562
2020-11-25,126.05000305175781,125.87999725341797,125.93000030517578,125.97000122070312,1045600.0,123.52955627441406
2020-11-27,126.27999877929688,126.06999969482422,126.06999969482422,126.27999877929688,1015400.0,123.83355712890625
2020-11-30,126.51000213623047,126.22000122070312,126.33999633789062,126.41999816894531,3271000.0,123.97084045410156
2020-12-01,126.16999816894531,125.80000305175781,126.12000274658203,126.0,6034200.0,123.6891098022461
2020-12-02,126.12000274658203,125.68000030517578,125.86000061035156,126.08999633789062,3320300.0,123.77745056152344
2020-12-03,126.47000122070312,126.20999908447266,126.3499984741211,126.44000244140625,3802200.0,124.12103271484375
2020-12-04,126.2699966430664,126.01000213623047,126.2300033569336,126.16999816894531,1773400.0,123.8559799194336
2020-12-07,126.66999816894531,126.44000244140625,126.48999786376953,126.5,3853700.0,124.179931640625
2020-12-08,126.80000305175781,126.61000061035156,126.70999908447266,126.70999908447266,1535400.0,124.3860855102539
2020-12-09,126.68000030517578,126.51000213623047,126.66999816894531,126.55000305175781,2271100.0,124.22901153564453
2020-12-10,126.8499984741211,126.62000274658203,126.69000244140625,126.83999633789062,2169200.0,124.51368713378906
2020-12-11,126.93000030517578,126.69999694824219,126.8499984741211,126.83000183105469,1228400.0,124.50387573242188
2020-12-14,126.91000366210938,126.56999969482422,126.68000030517578,126.83000183105469,1327400.0,124.50387573242188
2020-12-15,127.05999755859375,126.83000183105469,126.87999725341797,127.05999755859375,1766300.0,124.72966003417969
2020-12-16,127.12000274658203,126.79000091552734,126.9000015258789,127.05000305175781,1915400.0,124.7198486328125
2020-12-17,127.38999938964844,127.01000213623047,127.33000183105469,127.0999984741211,1410500.0,124.79151153564453
2020-12-18,127.23999786376953,127.0,127.1500015258789,127.04000091552734,1912000.0,124.73260498046875
2020-12-21,127.19000244140625,126.9800033569336,127.13999938964844,127.0199966430664,1705700.0,124.71295928955078
2020-12-22,127.16999816894531,127.02999877929688,127.1500015258789,127.13999938964844,947600.0,124.8307876586914
2020-12-23,127.19999694824219,126.75,126.94000244140625,127.19999694824219,1639500.0,124.88969421386719
2020-12-24,127.31999969482422,127.20999908447266,127.2699966430664,127.25,768900.0,124.93879699707031
2020-12-28,127.3499984741211,127.11000061035156,127.20999908447266,127.33999633789062,1081200.0,125.02715301513672
2020-12-29,127.29000091552734,127.16000366210938,127.18000030517578,127.27999877929688,1321500.0,124.96824645996094
2020-12-30,127.38999938964844,127.12999725341797,127.18000030517578,127.37999725341797,2329400.0,125.0664291381836
2020-12-31,127.68000030517578,127.38999938964844,127.43000030517578,127.6500015258789,2360900.0,125.33152770996094
2021-01-04,127.91999816894531,127.45999908447266,127.48999786376953,127.79000091552734,3859900.0,125.46898651123047
2021-01-05,127.80000305175781,127.58000183105469,127.69000244140625,127.75,3888000.0,125.4297103881836
2021-01-06,127.5199966430664,127.12999725341797,127.5199966430664,127.37000274658203,3917200.0,125.0566177368164
2021-01-07,127.37000274658203,127.18000030517578,127.18000030517578,127.29000091552734,3264000.0,124.97806549072266
2021-01-08,127.18000030517578,126.58000183105469,127.1500015258789,126.79000091552734,2292500.0,124.48715209960938
2021-01-11,126.5999984741211,126.36000061035156,126.45999908447266,126.5199966430664,2786800.0,124.2220458984375
2021-01-12,126.80000305175781,126.4000015258789,126.69000244140625,126.69000244140625,3489100.0,124.38896942138672
2021-01-13,127.13999938964844,126.69000244140625,126.77999877929688,126.97000122070312,2524100.0,124.66388702392578
2021-01-14,127.1500015258789,126.8499984741211,126.97000122070312,127.02999877929688,2214400.0,124.72279357910156
2021-01-15,127.23999786376953,127.05999755859375,127.16999816894531,127.16999816894531,2681100.0,124.86024475097656
2021-01-19,127.5199966430664,127.16000366210938,127.3499984741211,127.47000122070312,2581100.0,125.15480041503906
2021-01-20,127.70999908447266,127.4000015258789,127.47000122070312,127.66000366210938,2619800.0,125.34135437011719
2021-01-21,127.97000122070312,127.5,127.66000366210938,127.97000122070312,3029400.0,125.64571380615234
2021-01-22,127.9000015258789,127.7300033569336,127.83999633789062,127.7699966430664,1648100.0,125.4493408203125
2021-01-25,128.22999572753906,127.88999938964844,127.94000244140625,128.10000610351562,2102900.0,125.77336883544922
2021-01-26,128.14999389648438,127.81999969482422,128.11000061035156,127.91000366210938,2696200.0,125.58680725097656
2021-01-27,128.0500030517578,127.81999969482422,127.97000122070312,127.87000274658203,2070300.0,125.54753112792969
2021-01-28,128.16000366210938,127.91999816894531,128.02000427246094,128.1199951171875,1823800.0,125.79298400878906
2021-01-29,128.27000427246094,127.73999786376953,128.1300048828125,127.98999786376953,3341300.0,125.66535186767578
2021-02-01,127.94000244140625,127.70999908447266,127.8499984741211,127.70999908447266,7800000.0,125.39043426513672
2021-02-02,128.02000427246094,127.58999633789062,127.68000030517578,127.9000015258789,3343600.0,125.57699584960938
2021-02-03,127.9800033569336,127.83000183105469,127.87999725341797,127.83000183105469,1888700.0,125.50825500488281
2021-02-04,127.88999938964844,127.58000183105469,127.69999694824219,127.73999786376953,1943800.0,125.41989135742188
2021-02-05,127.80999755859375,127.61000061035156,127.70999908447266,127.70999908447266,1734000.0,125.39043426513672
2021-02-08,127.94999694824219,127.63999938964844,127.73999786376953,127.83000183105469,2188800.0,125.50825500488281
2021-02-09,128.02000427246094,127.83999633789062,127.93000030517578,127.9000015258789,2434400.0,125.57699584960938
2021-02-10,128.0399932861328,127.87000274658203,127.91000366210938,128.00999450683594,1599000.0,125.68498229980469
2021-02-11,128.05999755859375,127.7300033569336,128.05999755859375,127.86000061035156,1802900.0,125.53771209716797
2021-02-12,127.8499984741211,127.55999755859375,127.75,127.6500015258789,1995300.0,125.33152770996094
2021-02-16,127.4800033569336,126.9800033569336,127.33000183105469,127.02999877929688,2828100.0,124.72279357910156
2021-02-17,127.18000030517578,126.86000061035156,127.12999725341797,126.9800033569336,2404700.0,124.67369842529297
2021-02-18,126.80000305175781,126.44000244140625,126.80000305175781,126.44999694824219,2611800.0,124.1533203125
2021-02-19,126.30999755859375,125.55000305175781,126.2300033569336,125.91000366210938,3543500.0,123.62313079833984
2021-02-22,126.02999877929688,125.77999877929688,125.86000061035156,125.9000015258789,2735700.0,123.61331939697266
2021-02-23,126.06999969482422,125.72000122070312,125.91999816894531,125.93000030517578,3199400.0,123.64276123046875
2021-02-24,125.95999908447266,125.54000091552734,125.62999725341797,125.83000183105469,3131500.0,123.5445785522461
2021-02-25,125.37000274658203,123.51000213623047,125.29000091552734,124.29000091552734,7721400.0,122.03255462646484
2021-02-26,125.83000183105469,124.30000305175781,124.48999786376953,125.83000183105469,6399400.0,123.5445785522461
2021-03-01,125.79000091552734,125.18000030517578,125.5999984741211,125.41000366210938,13489200.0,123.1322250366211
2021-03-02,125.94999694824219,125.33999633789062,125.33999633789062,125.91999816894531,3671500.0,123.63294982910156
2021-03-03,125.73999786376953,125.44999694824219,125.66999816894531,125.5999984741211,4606700.0,123.31876373291016
2021-03-04,125.7699966430664,124.88999938964844,125.69999694824219,125.12000274658203,5701600.0,122.84748077392578
2021-03-05,125.4000015258789,124.91000366210938,124.94000244140625,125.25,2570700.0,122.9751205444336
2021-03-08,125.2300033569336,124.55999755859375,125.19000244140625,124.55999755859375,3776600.0,122.29765319824219
2021-03-09,125.33999633789062,125.0199966430664,125.16000366210938,125.33999633789062,1801500.0,123.0634765625
2021-03-10,125.91000366210938,125.4000015258789,125.4000015258789,125.91000366210938,1828000.0,123.62313079833984
2021-03-11,126.0999984741211,125.7699966430664,126.0,126.0199966430664,1612600.0,123.73112487792969
2021-03-12,125.27999877929688,124.86000061035156,125.27999877929688,125.02999877929688,2812300.0,122.75911712646484
2021-03-15,125.45999908447266,125.0199966430664,125.08999633789062,125.4000015258789,2098100.0,123.12239837646484
2021-03-16,125.77999877929688,125.44999694824219,125.6500015258789,125.66000366210938,1831300.0,123.37767028808594
2021-03-17,125.7300033569336,125.08999633789062,125.41999816894531,125.55000305175781,2518500.0,123.26966857910156
2021-03-18,124.98999786376953,124.66000366210938,124.86000061035156,124.66000366210938,4499200.0,122.39583587646484
2021-03-19,124.94000244140625,124.54000091552734,124.5999984741211,124.9000015258789,1474300.0,122.63147735595703
2021-03-22,125.5199966430664,125.08999633789062,125.0999984741211,125.5,1424600.0,123.2205810546875
2021-03-23,125.7699966430664,125.4000015258789,125.5,125.76000213623047,2294100.0,123.47586059570312
2021-03-24,126.0999984741211,125.72000122070312,125.7699966430664,126.08999633789062,1482500.0,123.79985809326172
2021-03-25,126.20999908447266,125.86000061035156,126.0999984741211,126.0,2120500.0,123.71150207519531
2021-03-26,126.2699966430664,125.97000122070312,125.9800033569336,126.02999877929688,1658600.0,123.7409439086914
2021-03-29,126.1500015258789,125.56999969482422,126.1500015258789,125.69000244140625,1629000.0,123.40713500976562
2021-03-30,125.55999755859375,125.31999969482422,125.38999938964844,125.47000122070312,1597100.0,123.19112396240234
2021-03-31,125.80000305175781,125.30999755859375,125.56999969482422,125.5,2781800.0,123.2205810546875
2021-04-01,125.58999633789062,125.2699966430664,125.37999725341797,125.55999755859375,3026600.0,123.57488250732422
2021-04-05,125.25,124.98999786376953,125.08999633789062,125.19999694824219,2094900.0,123.22057342529297
2021-04-06,125.52999877929688,125.2699966430664,125.3499984741211,125.2699966430664,2050100.0,123.28946685791016
2021-04-07,125.5999984741211,125.33000183105469,125.41000366210938,125.3499984741211,1519600.0,123.36820983886719
2021-04-08,125.70999908447266,125.5,125.56999969482422,125.62999725341797,1299600.0,123.6437759399414
2021-04-09,125.56999969482422,125.2699966430664,125.45999908447266,125.36000061035156,2891500.0,123.37804412841797
2021-04-12,125.43000030517578,125.25,125.37999725341797,125.37999725341797,1504700.0,123.3977279663086
2021-04-13,125.8499984741211,125.51000213623047,125.58999633789062,125.83999633789062,2062600.0,123.85045623779297
2021-04-14,125.88999938964844,125.66000366210938,125.69999694824219,125.83999633789062,1890100.0,123.85045623779297
2021-04-15,126.56999969482422,126.22000122070312,126.22000122070312,126.5199966430664,2047400.0,124.51970672607422
2021-04-16,126.58999633789062,126.30000305175781,126.36000061035156,126.4800033569336,1980900.0,124.4803466796875
2021-04-19,126.36000061035156,126.1500015258789,126.30000305175781,126.26000213623047,1829400.0,124.26382446289062
2021-04-20,126.38999938964844,126.04000091552734,126.04000091552734,126.33999633789062,1262000.0,124.3425521850586
2021-04-21,126.47000122070312,126.26000213623047,126.33999633789062,126.45999908447266,2158300.0,124.46066284179688
2021-04-22,126.69000244140625,126.37000274658203,126.5999984741211,126.61000061035156,2036200.0,124.60829162597656
2021-04-23,126.68000030517578,126.41000366210938,126.66999816894531,126.66999816894531,1564200.0,124.66734313964844
2021-04-26,126.77999877929688,126.5199966430664,126.55999755859375,126.73999786376953,1708800.0,124.7362289428711
2021-04-27,126.9000015258789,126.62999725341797,126.83999633789062,126.7300033569336,5229700.0,124.72639465332031
2021-04-28,127.16000366210938,126.79000091552734,126.97000122070312,127.12999725341797,2787900.0,125.12006378173828
2021-04-29,127.06999969482422,126.80000305175781,126.93000030517578,127.06999969482422,2167400.0,125.0610122680664
2021-04-30,127.05999755859375,126.83999633789062,126.95999908447266,126.98999786376953,2351500.0,124.9822769165039
2021-05-03,126.86000061035156,126.51000213623047,126.55999755859375,126.79000091552734,6701000.0,125.29356384277344
2021-05-04,127.29000091552734,126.94000244140625,127.18000030517578,127.08000183105469,5103200.0,125.58013916015625
2021-05-05,127.66000366210938,127.12999725341797,127.12999725341797,127.6500015258789,3928200.0,126.14341735839844
2021-05-06,127.87000274658203,127.44999694824219,127.66000366210938,127.5,4559100.0,125.99517822265625
2021-05-07,127.9000015258789,127.56999969482422,127.6500015258789,127.7699966430664,4880500.0,126.26199340820312
2021-05-10,128.2899932861328,127.77999877929688,128.00999450683594,127.83000183105469,2745000.0,126.3212890625
2021-05-11,127.5999984741211,127.27999877929688,127.47000122070312,127.48999786376953,2535700.0,125.98529815673828
2021-05-12,127.76000213623047,127.25,127.69000244140625,127.2699966430664,3611900.0,125.76789855957031
2021-05-13,127.44000244140625,127.16999816894531,127.3499984741211,127.30000305175781,2992400.0,125.79754638671875
2021-05-14,127.79000091552734,127.44999694824219,127.48999786376953,127.75,2595200.0,126.24222564697266
2021-05-17,128.02000427246094,127.69999694824219,127.76000213623047,128.0,2225000.0,126.4892807006836
2021-05-18,128.05999755859375,127.77999877929688,127.8499984741211,127.80999755859375,2486300.0,126.30152130126953
2021-05-19,127.76000213623047,126.94000244140625,127.63999938964844,126.94000244140625,3527000.0,125.4417953491211
2021-05-20,127.26000213623047,126.94999694824219,127.08999633789062,127.08999633789062,2583000.0,125.59001159667969
2021-05-21,127.3499984741211,127.0999984741211,127.2699966430664,127.31999969482422,2021100.0,125.81730651855469
2021-05-24,127.66000366210938,127.37999725341797,127.43000030517578,127.62999725341797,2740200.0,126.12364959716797
2021-05-25,128.0399932861328,127.83999633789062,127.91999816894531,127.98999786376953,1545700.0,126.47940063476562
2021-05-26,128.02999877929688,127.61000061035156,128.0,127.69999694824219,2570900.0,126.19281768798828
2021-05-27,127.69000244140625,127.37000274658203,127.45999908447266,127.69000244140625,3046600.0,126.18293762207031
2021-05-28,127.97000122070312,127.69999694824219,127.7699966430664,127.7699966430664,3884000.0,126.26199340820312
2021-06-01,127.45999908447266,127.0199966430664,127.16999816894531,127.45999908447266,6261000.0,126.63058471679688
2021-06-02,127.55000305175781,127.30000305175781,127.51000213623047,127.30000305175781,3177900.0,126.47162628173828
2021-06-03,127.1500015258789,126.87000274658203,127.12000274658203,126.87000274658203,3777400.0,126.04442596435547
2021-06-04,127.52999877929688,127.25,127.25,127.4800033569336,3445400.0,126.65045928955078
2021-06-07,127.51000213623047,127.19999694824219,127.48999786376953,127.19999694824219,2713000.0,126.37226867675781
2021-06-08,127.44999694824219,127.26000213623047,127.38999938964844,127.33000183105469,1870800.0,126.50142669677734
2021-06-09,127.66999816894531,127.2300033569336,127.5199966430664,127.33999633789062,3332300.0,126.51136016845703
2021-06-10,128.02000427246094,127.31999969482422,127.38999938964844,128.0,3485000.0,127.16706848144531
2021-06-11,128.10000610351562,127.51000213623047,128.0399932861328,127.66999816894531,2573700.0,126.8392105102539
2021-06-14,127.76000213623047,127.37000274658203,127.72000122070312,127.5999984741211,2169000.0,126.76966857910156
2021-06-15,127.83999633789062,127.61000061035156,127.63999938964844,127.80999755859375,6562100.0,126.97830200195312
2021-06-16,128.24000549316406,126.63999938964844,127.87999725341797,126.6500015258789,3990600.0,125.82585144042969
2021-06-17,127.16999816894531,126.44999694824219,126.6500015258789,127.12999725341797,4873500.0,126.30272674560547
2021-06-18,127.25,126.70999908447266,126.98999786376953,127.18000030517578,4629400.0,126.35240173339844
2021-06-21,127.08999633789062,126.79000091552734,126.97000122070312,126.95999908447266,2607600.0,126.13383483886719
2021-06-22,127.66000366210938,127.02999877929688,127.04000091552734,127.66000366210938,1933000.0,126.82928466796875
2021-06-23,127.72000122070312,127.5,127.6500015258789,127.69000244140625,2633100.0,126.85908508300781
2021-06-24,127.77999877929688,127.44000244140625,127.70999908447266,127.44999694824219,2077500.0,126.62064361572266
2021-06-25,127.61000061035156,127.27999877929688,127.55999755859375,127.58000183105469,2426700.0,126.74980163574219
2021-06-28,127.97000122070312,127.7699966430664,127.77999877929688,127.7699966430664,1780700.0,126.93856048583984
2021-06-29,127.9000015258789,127.75,127.80999755859375,127.83999633789062,1613100.0,127.00810241699219
2021-06-30,128.2100067138672,127.98999786376953,128.00999450683594,128.00999450683594,2726500.0,127.17699432373047
2021-07-01,127.38999938964844,127.16000366210938,127.3499984741211,127.30000305175781,6201200.0,127.30000305175781
2021-07-02,127.86000061035156,127.41000366210938,127.45999908447266,127.83999633789062,5318400.0,127.83999633789062
2021-07-06,128.25999450683594,127.95999908447266,127.9800033569336,128.1699981689453,5628600.0,128.1699981689453
2021-07-07,128.42999267578125,127.98999786376953,128.36000061035156,128.0800018310547,3739500.0,128.0800018310547
2021-07-08,128.0800018310547,127.83999633789062,128.02000427246094,127.91000366210938,3737400.0,127.91000366210938
2021-07-09,127.95999908447266,127.72000122070312,127.80000305175781,127.93000030517578,2704000.0,127.93000030517578
2021-07-12,128.30999755859375,127.93000030517578,127.98999786376953,128.27000427246094,2775100.0,128.27000427246094
2021-07-13,128.66000366210938,128.2100067138672,128.5800018310547,128.27000427246094,2543200.0,128.27000427246094
2021-07-14,128.72000122070312,128.4199981689453,128.6699981689453,128.61000061035156,1730300.0,128.61000061035156
2021-07-15,129.00999450683594,128.6300048828125,128.8699951171875,129.0,2419100.0,129.0
2021-07-16,129.10000610351562,128.94000244140625,128.9600067138672,129.0,1607200.0,129.0
2021-07-19,129.52999877929688,128.99000549316406,129.35000610351562,129.0500030517578,4835400.0,129.0500030517578
2021-07-20,129.2899932861328,128.8800048828125,129.16000366210938,129.02999877929688,4167500.0,129.02999877929688
2021-07-21,128.86000061035156,128.60000610351562,128.80999755859375,128.6999969482422,4654800.0,128.6999969482422
2021-07-22,129.19000244140625,128.75999450683594,128.82000732421875,129.05999755859375,3061800.0,129.05999755859375
2021-07-23,129.6699981689453,129.14999389648438,129.19000244140625,129.63999938964844,17991800.0,129.63999938964844
2021-07-26,130.25999450683594,129.75999450683594,129.91000366210938,130.1999969482422,6587900.0,130.1999969482422
2021-07-27,130.27999877929688,129.97000122070312,130.1999969482422,130.1699981689453,3591100.0,130.1699981689453
2021-07-28,130.61000061035156,129.72000122070312,130.1199951171875,130.61000061035156,3485700.0,130.61000061035156
2021-07-29,130.6300048828125,130.3699951171875,130.47999572753906,130.3800048828125,3453100.0,130.3800048828125
2021-07-30,130.64999389648438,130.4499969482422,130.49000549316406,130.5800018310547,3894300.0,130.5800018310547
2021-08-02,130.14999389648438,129.77999877929688,129.8800048828125,129.85000610351562,10418900.0,129.85000610351562
2021-08-03,129.97000122070312,129.57000732421875,129.74000549316406,129.97000122070312,2642800.0,129.97000122070312
2021-08-04,130.08999633789062,129.52000427246094,129.97000122070312,129.72000122070312,3618200.0,129.72000122070312
2021-08-05,129.4600067138672,129.11000061035156,129.42999267578125,129.25999450683594,2912400.0,129.25999450683594
2021-08-06,129.02999877929688,128.72000122070312,128.77000427246094,128.97000122070312,2789800.0,128.97000122070312
2021-08-09,129.0800018310547,128.72000122070312,128.9499969482422,128.74000549316406,3077000.0,128.74000549316406
2021-08-10,128.99000549316406,128.72999572753906,128.82000732421875,128.86000061035156,2786300.0,128.86000061035156
2021-08-11,129.1300048828125,128.63999938964844,128.7899932861328,129.07000732421875,2780600.0,129.07000732421875
2021-08-12,129.07000732421875,128.8300018310547,129.02999877929688,128.97000122070312,2904100.0,128.97000122070312
2021-08-13,129.32000732421875,129.05999755859375,129.11000061035156,129.3000030517578,1947900.0,129.3000030517578
2021-08-16,129.57000732421875,129.36000061035156,129.41000366210938,129.42999267578125,2545000.0,129.42999267578125
2021-08-17,129.57000732421875,129.0800018310547,129.5,129.0800018310547,3217300.0,129.0800018310547
2021-08-18,129.1300048828125,128.7899932861328,129.08999633789062,129.10000610351562,4831500.0,129.10000610351562
2021-08-19,129.14999389648438,128.89999389648438,129.0800018310547,129.14999389648438,5415900.0,129.14999389648438
2021-08-20,129.14999389648438,128.72999572753906,129.07000732421875,128.75,2270000.0,128.75
2021-08-23,129.0800018310547,128.88999938964844,128.97999572753906,129.0500030517578,2436800.0,129.0500030517578
2021-08-24,129.25,129.0,129.0500030517578,129.0500030517578,3136100.0,129.0500030517578
2021-08-25,129.1300048828125,128.8800048828125,129.0800018310547,129.0,4473400.0,129.0
2021-08-26,129.0800018310547,128.89999389648438,129.0500030517578,129.02000427246094,2627200.0,129.02000427246094
2021-08-27,130.00999450683594,129.0500030517578,129.14999389648438,129.99000549316406,3107000.0,129.99000549316406
2021-08-30,130.22000122070312,129.80999755859375,130.14999389648438,129.97000122070312,2765400.0,129.97000122070312
2021-08-31,129.88999938964844,129.47000122070312,129.83999633789062,129.58999633789062,4555100.0,129.58999633789062
2021-09-01,128.75999450683594,128.41000366210938,128.47999572753906,128.75,11817000.0,128.75
2021-09-02,128.8000030517578,128.66000366210938,128.72000122070312,128.8000030517578,2925300.0,128.8000030517578
2021-09-03,128.72999572753906,128.57000732421875,128.69000244140625,128.6199951171875,3100300.0,128.6199951171875
2021-09-07,128.5,128.22999572753906,128.36000061035156,128.3000030517578,3480300.0,128.3000030517578
2021-09-08,128.88999938964844,128.58999633789062,128.67999267578125,128.82000732421875,2281400.0,128.82000732421875
2021-09-09,129.52999877929688,128.91000366210938,128.99000549316406,129.5,3040300.0,129.5
2021-09-10,129.52999877929688,129.07000732421875,129.4499969482422,129.13999938964844,2426500.0,129.13999938964844
2021-09-13,129.47000122070312,129.05999755859375,129.4600067138672,129.13999938964844,3171600.0,129.13999938964844
2021-09-14,129.4199981689453,129.0399932861328,129.1199951171875,129.2100067138672,3987700.0,129.2100067138672
2021-09-15,129.52000427246094,129.14999389648438,129.47000122070312,129.27999877929688,2575600.0,129.27999877929688
2021-09-16,129.19000244140625,128.99000549316406,129.08999633789062,129.07000732421875,1554600.0,129.07000732421875
2021-09-17,128.9499969482422,128.63999938964844,128.9499969482422,128.6999969482422,2162100.0,128.6999969482422
2021-09-20,128.94000244140625,128.7100067138672,128.86000061035156,128.82000732421875,3272700.0,128.82000732421875
2021-09-21,128.89999389648438,128.6300048828125,128.86000061035156,128.72999572753906,2819300.0,128.72999572753906
2021-09-22,128.91000366210938,128.4600067138672,128.75999450683594,128.60000610351562,2912800.0,128.60000610351562
2021-09-23,128.44000244140625,128.02000427246094,128.35000610351562,128.13999938964844,3702000.0,128.13999938964844
2021-09-24,127.97000122070312,127.69999694824219,127.88999938964844,127.81999969482422,3238700.0,127.81999969482422
2021-09-27,128.0500030517578,127.76000213623047,127.76000213623047,127.87999725341797,3169500.0,127.87999725341797
2021-09-28,127.80999755859375,127.58000183105469,127.80000305175781,127.5999984741211,3809600.0,127.5999984741211
2021-09-29,127.93000030517578,127.47000122070312,127.80000305175781,127.66999816894531,3307000.0,127.66999816894531
2021-09-30,127.75,127.4000015258789,127.5,127.69000244140625,3764700.0,127.69000244140625
2021-10-01,127.81999969482422,127.4800033569336,127.58000183105469,127.80999755859375,7280000.0,127.80999755859375
2021-10-04,127.86000061035156,127.58000183105469,127.68000030517578,127.80000305175781,9127100.0,127.80000305175781
2021-10-05,128.00999450683594,127.81999969482422,127.94000244140625,127.93000030517578,6185400.0,127.93000030517578
2021-10-06,128.0399932861328,127.80999755859375,127.97000122070312,127.86000061035156,2864100.0,127.86000061035156
2021-10-07,127.75,127.4800033569336,127.6500015258789,127.75,2616400.0,127.75
2021-10-08,127.87999725341797,127.6500015258789,127.80999755859375,127.77999877929688,2843300.0,127.77999877929688
2021-10-11,127.91999816894531,127.66999816894531,127.75,127.69999694824219,2967800.0,127.69999694824219
2021-10-12,128.10000610351562,127.76000213623047,127.88999938964844,127.94000244140625,3651800.0,127.94000244140625
2021-10-13,128.52999877929688,128.02999877929688,128.07000732421875,128.52000427246094,4373700.0,128.52000427246094
2021-10-14,128.83999633789062,128.5399932861328,128.6699981689453,128.77000427246094,4197400.0,128.77000427246094
2021-10-15,128.75,128.44000244140625,128.74000549316406,128.55999755859375,2197100.0,128.55999755859375
2021-10-18,128.49000549316406,128.0800018310547,128.35000610351562,128.2899932861328,2868700.0,128.2899932861328
2021-10-19,128.1300048828125,127.87000274658203,128.1199951171875,127.9800033569336,2126800.0,127.9800033569336
2021-10-20,128.3699951171875,127.83999633789062,127.87000274658203,128.2100067138672,5177800.0,128.2100067138672
2021-10-21,128.67999267578125,128.13999938964844,128.33999633789062,128.5,8850800.0,128.5
2021-10-22,128.8800048828125,128.4600067138672,128.74000549316406,128.75999450683594,4742400.0,128.75999450683594
2021-10-25,129.17999267578125,128.75999450683594,128.77000427246094,129.07000732421875,3460700.0,129.07000732421875
2021-10-26,129.5399932861328,128.97999572753906,129.1999969482422,129.52000427246094,4175200.0,129.52000427246094
2021-10-27,130.22000122070312,129.55999755859375,129.8000030517578,130.1300048828125,4194800.0,130.1300048828125
2021-10-28,129.61000061035156,128.77999877929688,129.47000122070312,129.0,7306900.0,129.0
2021-10-29,128.82000732421875,128.13999938964844,128.2100067138672,128.6699981689453,4994500.0,128.6699981689453
2021-11-01,128.75,127.86000061035156,128.6999969482422,128.0399932861328,5649200.0,128.0399932861328
2021-11-02,128.55999755859375,128.22999572753906,128.27000427246094,128.5500030517578,4797900.0,128.5500030517578
2021-11-03,128.8000030517578,128.22999572753906,128.5,128.3699951171875,3335000.0,128.3699951171875
2021-11-04,129.2899932861328,128.94000244140625,129.0500030517578,129.22000122070312,2985500.0,129.22000122070312
2021-11-05,129.77999877929688,129.39999389648438,129.52000427246094,129.6699981689453,3862900.0,129.6699981689453
2021-11-08,130.1300048828125,129.7899932861328,129.8800048828125,130.10000610351562,3581000.0,130.10000610351562
2021-11-09,130.9499969482422,130.36000061035156,130.55999755859375,130.86000061035156,3084900.0,130.86000061035156
2021-11-10,131.3699951171875,130.0,131.3000030517578,130.4600067138672,6254600.0,130.4600067138672
2021-11-11,130.60000610351562,130.39999389648438,130.57000732421875,130.44000244140625,2426600.0,130.44000244140625
2021-11-12,130.9499969482422,130.39999389648438,130.61000061035156,130.4199981689453,4085300.0,130.4199981689453
2021-11-15,130.75999450683594,130.41000366210938,130.5500030517578,130.44000244140625,4261600.0,130.44000244140625
2021-11-16,130.63999938964844,130.13999938964844,130.52999877929688,130.25,2772300.0,130.25
2021-11-17,130.5399932861328,130.0,130.0800018310547,130.50999450683594,4037100.0,130.50999450683594
2021-11-18,130.74000549316406,130.42999267578125,130.42999267578125,130.58999633789062,3099700.0,130.58999633789062
2021-11-19,130.9600067138672,130.3000030517578,130.66000366210938,130.35000610351562,2518200.0,130.35000610351562
2021-11-22,129.6999969482422,129.10000610351562,129.42999267578125,129.3000030517578,3503900.0,129.3000030517578
2021-11-23,129.02999877929688,128.42999267578125,128.99000549316406,128.8000030517578,3859500.0,128.8000030517578
2021-11-24,129.24000549316406,128.61000061035156,128.8699951171875,129.1999969482422,2725300.0,129.1999969482422
2021-11-26,129.8800048828125,129.25,129.39999389648438,129.83999633789062,2056900.0,129.83999633789062
2021-11-29,129.9199981689453,129.47000122070312,129.69000244140625,129.5399932861328,3803400.0,129.5399932861328
2021-11-30,130.22000122070312,129.39999389648438,129.9600067138672,129.66000366210938,5051400.0,129.66000366210938
2021-12-01,129.22999572753906,128.57000732421875,129.14999389648438,129.07000732421875,7504200.0,129.07000732421875
2021-12-02,129.52000427246094,128.88999938964844,129.07000732421875,129.4499969482422,3391400.0,129.4499969482422
2021-12-03,129.99000549316406,129.22999572753906,129.27000427246094,129.72000122070312,4030700.0,129.72000122070312
2021-12-06,129.94000244140625,129.10000610351562,129.85000610351562,129.1300048828125,6855000.0,129.1300048828125
2021-12-07,129.5399932861328,129.1999969482422,129.3699951171875,129.33999633789062,3824700.0,129.33999633789062
2021-12-08,129.32000732421875,128.97000122070312,129.3000030517578,129.1199951171875,3123600.0,129.1199951171875
2021-12-09,129.3699951171875,128.55999755859375,129.25999450683594,128.58999633789062,3774000.0,128.58999633789062
2021-12-10,128.88999938964844,128.5399932861328,128.6300048828125,128.5800018310547,2247700.0,128.5800018310547
2021-12-13,129.11000061035156,128.67999267578125,128.8300018310547,128.7100067138672,3605600.0,128.7100067138672
2021-12-14,128.41000366210938,128.02000427246094,128.3800048828125,128.3000030517578,4148200.0,128.3000030517578
2021-12-15,128.47999572753906,127.69000244140625,128.08999633789062,128.41000366210938,4290800.0,128.41000366210938
2021-12-16,128.05999755859375,127.56999969482422,128.00999450683594,127.88999938964844,3896900.0,127.88999938964844
2021-12-17,128.13999938964844,127.83000183105469,128.02000427246094,127.9000015258789,4022300.0,127.9000015258789
2021-12-20,127.98999786376953,127.77999877929688,127.86000061035156,127.83000183105469,4403300.0,127.83000183105469
2021-12-21,128.11000061035156,127.5999984741211,127.83999633789062,128.11000061035156,3902300.0,128.11000061035156
2021-12-22,128.7100067138672,127.98999786376953,128.1300048828125,128.52000427246094,3170000.0,128.52000427246094
2021-12-23,128.5,128.0500030517578,128.49000549316406,128.22999572753906,2785500.0,128.22999572753906
2021-12-27,128.7100067138672,128.22000122070312,128.27000427246094,128.66000366210938,3388800.0,128.66000366210938
2021-12-28,129.0500030517578,128.5399932861328,128.97000122070312,128.5800018310547,2866100.0,128.5800018310547
2021-12-29,128.6999969482422,128.02000427246094,128.27999877929688,128.69000244140625,4320200.0,128.69000244140625
2021-12-30,129.36000061035156,128.80999755859375,128.94000244140625,129.36000061035156,2926000.0,129.36000061035156
2021-12-31,129.30999755859375,129.07000732421875,129.22000122070312,129.1999969482422,3820400.0,129.1999969482422
2022-01-03,128.7100067138672,128.3800048828125,128.69000244140625,128.4600067138672,4573600.0,128.4600067138672
2022-01-04,128.4600067138672,127.76000213623047,128.32000732421875,127.97000122070312,5740700.0,127.97000122070312
2022-01-05,128.0399932861328,126.91999816894531,128.02000427246094,126.93000030517578,6622800.0,126.93000030517578
2022-01-06,126.47000122070312,126.0,126.44999694824219,126.37999725341797,7615500.0,126.37999725341797
2022-01-07,126.41000366210938,126.04000091552734,126.33000183105469,126.2300033569336,8132900.0,126.2300033569336
2022-01-10,126.4000015258789,125.8499984741211,126.02999877929688,126.38999938964844,6633200.0,126.38999938964844
2022-01-11,127.27999877929688,126.3499984741211,126.41999816894531,127.2699966430664,10839700.0,127.2699966430664
2022-01-12,127.16999816894531,126.43000030517578,127.11000061035156,126.44999694824219,7161900.0,126.44999694824219
2022-01-13,126.66000366210938,126.2300033569336,126.31999969482422,126.4800033569336,4735600.0,126.4800033569336
2022-01-14,126.31999969482422,125.8499984741211,126.26000213623047,125.91000366210938,6159500.0,125.91000366210938
2022-01-18,125.62999725341797,125.30000305175781,125.54000091552734,125.30999755859375,6517400.0,125.30999755859375
2022-01-19,125.44000244140625,125.05000305175781,125.37000274658203,125.05000305175781,7744200.0,125.05000305175781
2022-01-20,125.66999816894531,125.16999816894531,125.41999816894531,125.19999694824219,7190000.0,125.19999694824219
2022-01-21,126.05000305175781,125.54000091552734,125.69000244140625,125.9800033569336,6552400.0,125.9800033569336
2022-01-24,126.38999938964844,125.87000274658203,126.05000305175781,126.2699966430664,11250900.0,126.2699966430664
2022-01-25,126.48999786376953,125.95999908447266,126.23999786376953,126.05000305175781,6601000.0,126.05000305175781
2022-01-26,126.27999877929688,125.13999938964844,126.06999969482422,125.25,9557800.0,125.25
2022-01-27,125.87000274658203,125.37000274658203,125.56999969482422,125.76000213623047,17300800.0,125.76000213623047
2022-01-28,126.30000305175781,125.87000274658203,125.94000244140625,126.19999694824219,8506800.0,126.19999694824219
2022-01-31,126.54000091552734,126.06999969482422,126.08000183105469,126.54000091552734,7743300.0,126.54000091552734
2022-02-01,125.91999816894531,125.25,125.9000015258789,125.27999877929688,18785900.0,125.27999877929688
2022-02-02,125.69000244140625,125.23999786376953,125.30000305175781,125.41999816894531,8558200.0,125.41999816894531
2022-02-03,124.94999694824219,124.5999984741211,124.77999877929688,124.62999725341797,8142200.0,124.62999725341797
2022-02-04,124.29000091552734,123.77999877929688,124.08000183105469,123.91000366210938,9560900.0,123.91000366210938
2022-02-07,123.97000122070312,123.4800033569336,123.95999908447266,123.86000061035156,9979000.0,123.86000061035156
2022-02-08,123.88999938964844,123.54000091552734,123.6500015258789,123.69999694824219,5654300.0,123.69999694824219
2022-02-09,124.2699966430664,123.81999969482422,123.94999694824219,123.94000244140625,6164600.0,123.94000244140625
2022-02-10,123.73999786376953,122.91999816894531,123.62999725341797,122.94999694824219,13043800.0,122.94999694824219
2022-02-11,124.11000061035156,123.0999984741211,123.62999725341797,124.05000305175781,14075400.0,124.05000305175781
2022-02-14,124.08000183105469,123.43000030517578,123.54000091552734,123.72000122070312,8381800.0,123.72000122070312
2022-02-15,123.48999786376953,123.19999694824219,123.37000274658203,123.20999908447266,7243800.0,123.20999908447266
2022-02-16,123.6500015258789,123.29000091552734,123.45999908447266,123.44999694824219,5819200.0,123.44999694824219
2022-02-17,123.97000122070312,123.06999969482422,123.69999694824219,123.7300033569336,7624000.0,123.7300033569336
2022-02-18,124.16000366210938,123.91999816894531,124.02999877929688,124.13999938964844,8066300.0,124.13999938964844
2022-02-22,124.52999877929688,124.08000183105469,124.19000244140625,124.5199966430664,4772200.0,124.5199966430664
2022-02-23,124.80000305175781,124.06999969482422,124.2699966430664,124.61000061035156,4752600.0,124.61000061035156
2022-02-24,126.5,124.7699966430664,126.26000213623047,125.12000274658203,10218600.0,125.12000274658203
2022-02-25,125.04000091552734,124.62999725341797,124.91999816894531,125.01000213623047,4615600.0,125.01000213623047
2022-02-28,127.25,125.83000183105469,125.83999633789062,127.18000030517578,7282300.0,127.18000030517578
2022-03-01,128.3000030517578,127.27999877929688,127.29000091552734,127.86000061035156,8968800.0,127.86000061035156
2022-03-02,127.73999786376953,127.0,127.62000274658203,127.02999877929688,5829800.0,127.02999877929688
2022-03-03,127.4000015258789,126.83999633789062,127.19999694824219,126.87999725341797,4892900.0,126.87999725341797
2022-03-04,128.47999572753906,127.66000366210938,127.66000366210938,127.8499984741211,4735200.0,127.8499984741211
2022-03-07,128.75999450683594,127.88999938964844,127.94000244140625,128.5399932861328,6720100.0,128.5399932861328
2022-03-08,129.47999572753906,128.3300018310547,128.75,129.16000366210938,6291000.0,129.16000366210938
2022-03-09,128.52000427246094,127.41000366210938,128.3300018310547,127.87999725341797,8093400.0,127.87999725341797
2022-03-10,127.86000061035156,126.77999877929688,127.27999877929688,127.5999984741211,4035000.0,127.5999984741211
2022-03-11,128.60000610351562,127.94999694824219,127.98999786376953,128.5,5043700.0,128.5
2022-03-14,127.7699966430664,127.08000183105469,127.7699966430664,127.08000183105469,3650600.0,127.08000183105469
2022-03-15,127.27999877929688,126.11000061035156,127.20999908447266,126.12999725341797,4662200.0,126.12999725341797
2022-03-16,126.18000030517578,124.55000305175781,125.91999816894531,125.4000015258789,5880300.0,125.4000015258789
2022-03-17,127.1500015258789,125.83000183105469,126.02999877929688,127.11000061035156,3732400.0,127.11000061035156
2022-03-18,127.36000061035156,126.4800033569336,126.63999938964844,126.72000122070312,4485100.0,126.72000122070312
2022-03-21,126.47000122070312,125.44999694824219,126.12000274658203,125.5999984741211,3459200.0,125.5999984741211
2022-03-22,125.69000244140625,124.95999908447266,125.44999694824219,125.0199966430664,3683400.0,125.0199966430664
2022-03-23,126.62000274658203,125.56999969482422,125.62000274658203,126.58999633789062,4621600.0,126.58999633789062
2022-03-24,126.5,125.7699966430664,126.23999786376953,125.80999755859375,5085900.0,125.80999755859375
2022-03-25,125.31999969482422,124.7300033569336,125.11000061035156,124.94999694824219,2761800.0,124.94999694824219
2022-03-28,125.37000274658203,124.80000305175781,125.0199966430664,124.80999755859375,2815400.0,124.80999755859375
2022-03-29,124.83999633789062,124.29000091552734,124.33999633789062,124.36000061035156,3139300.0,124.36000061035156
2022-03-30,125.08999633789062,124.41000366210938,124.44000244140625,124.97000122070312,2728100.0,124.97000122070312
2022-03-31,125.5199966430664,124.3499984741211,124.94000244140625,124.56999969482422,5546400.0,124.56999969482422
2022-04-01,123.58000183105469,122.54000091552734,122.75,123.08999633789062,5399200.0,123.08999633789062
2022-04-04,123.30000305175781,122.9000015258789,123.2300033569336,123.0,3284100.0,123.0
2022-04-05,122.97000122070312,122.06999969482422,122.87000274658203,122.11000061035156,4752300.0,122.11000061035156
2022-04-06,122.05000305175781,121.04000091552734,121.79000091552734,121.56999969482422,4662400.0,121.56999969482422
2022-04-07,121.79000091552734,121.19999694824219,121.54000091552734,121.41000366210938,3109300.0,121.41000366210938
2022-04-08,121.62999725341797,121.23999786376953,121.30000305175781,121.62999725341797,5256300.0,121.62999725341797
2022-04-11,121.47000122070312,120.9000015258789,121.01000213623047,121.41999816894531,4074400.0,121.41999816894531
2022-04-12,122.12000274658203,121.38999938964844,121.81999969482422,121.41000366210938,6454400.0,121.41000366210938
2022-04-13,121.76000213623047,121.12000274658203,121.55999755859375,121.18000030517578,4781400.0,121.18000030517578
2022-04-14,121.31999969482422,120.83000183105469,121.1500015258789,121.16999816894531,4916900.0,121.16999816894531
2022-04-18,121.38999938964844,121.0199966430664,121.33000183105469,121.12999725341797,3969600.0,121.12999725341797
2022-04-19,121.06999969482422,120.43000030517578,120.91000366210938,120.52999877929688,6102300.0,120.52999877929688
2022-04-20,121.58999633789062,120.73999786376953,120.81999969482422,121.41999816894531,6580000.0,121.41999816894531
2022-04-21,121.94000244140625,120.68000030517578,121.4000015258789,121.9000015258789,7096200.0,121.9000015258789
2022-04-22,122.3499984741211,121.3499984741211,121.77999877929688,121.41999816894531,4678600.0,121.41999816894531
2022-04-25,122.02999877929688,121.27999877929688,121.79000091552734,121.33000183105469,5231500.0,121.33000183105469
2022-04-26,121.69999694824219,121.23999786376953,121.55999755859375,121.58999633789062,4330300.0,121.58999633789062
2022-04-27,121.70999908447266,121.1500015258789,121.68000030517578,121.38999938964844,6335700.0,121.38999938964844
2022-04-28,122.12000274658203,121.29000091552734,121.37999725341797,122.08000183105469,4564500.0,122.08000183105469
2022-04-29,122.23999786376953,120.81999969482422,121.8499984741211,121.06999969482422,8607200.0,121.06999969482422
2022-05-02,119.62000274658203,118.25,119.55000305175781,118.38999938964844,8579900.0,118.38999938964844
2022-05-03,119.6500015258789,118.79000091552734,119.29000091552734,118.81999969482422,6260800.0,118.81999969482422
2022-05-04,120.04000091552734,118.30999755859375,118.76000213623047,119.75,5375800.0,119.75
2022-05-05,119.19000244140625,118.08999633789062,118.94999694824219,118.48999786376953,4817100.0,118.48999786376953
2022-05-06,118.6500015258789,117.73999786376953,117.94000244140625,118.18000030517578,4995400.0,118.18000030517578
2022-05-09,117.98999786376953,117.5199966430664,117.94000244140625,117.72000122070312,5652000.0,117.72000122070312
2022-05-10,117.9800033569336,117.12999725341797,117.58000183105469,117.19000244140625,5760700.0,117.19000244140625
2022-05-11,118.73999786376953,117.0199966430664,117.36000061035156,118.61000061035156,5965600.0,118.61000061035156
2022-05-12,119.06999969482422,118.0199966430664,118.8499984741211,118.0999984741211,5169700.0,118.0999984741211
2022-05-13,118.73999786376953,118.01000213623047,118.20999908447266,118.70999908447266,4551800.0,118.70999908447266
2022-05-16,119.08000183105469,118.69999694824219,118.98999786376953,118.75,3105100.0,118.75
2022-05-17,118.66999816894531,118.05000305175781,118.55999755859375,118.1500015258789,3363700.0,118.1500015258789
2022-05-18,119.19000244140625,118.61000061035156,118.62999725341797,118.97000122070312,14954600.0,118.97000122070312
2022-05-19,119.5199966430664,118.16999816894531,119.41999816894531,118.55000305175781,8812500.0,118.55000305175781
2022-05-20,118.73999786376953,118.29000091552734,118.51000213623047,118.5999984741211,5597600.0,118.5999984741211
2022-05-23,118.69999694824219,118.16000366210938,118.43000030517578,118.18000030517578,3149600.0,118.18000030517578
2022-05-24,119.04000091552734,118.3499984741211,118.4000015258789,118.81999969482422,3232900.0,118.81999969482422
2022-05-25,119.06999969482422,118.5999984741211,119.06999969482422,118.91999816894531,3612600.0,118.91999816894531
2022-05-26,119.62999725341797,119.05999755859375,119.2300033569336,119.41000366210938,5993700.0,119.41000366210938
2022-05-27,119.86000061035156,119.61000061035156,119.73999786376953,119.79000091552734,3204900.0,119.79000091552734
2022-05-31,119.44999694824219,118.77999877929688,119.44000244140625,118.94000244140625,4760000.0,118.94000244140625
2022-06-01,117.69000244140625,116.98999786376953,117.5999984741211,117.08999633789062,4283200.0,117.08999633789062
2022-06-02,117.62999725341797,117.26000213623047,117.5,117.62999725341797,5457900.0,117.62999725341797
2022-06-03,118.36000061035156,117.30999755859375,117.30999755859375,118.30999755859375,4692400.0,118.30999755859375
2022-06-06,118.08000183105469,117.47000122070312,118.01000213623047,117.54000091552734,3466300.0,117.54000091552734
2022-06-07,117.91000366210938,117.56999969482422,117.66999816894531,117.81999969482422,2638200.0,117.81999969482422
2022-06-08,117.83999633789062,117.52999877929688,117.69999694824219,117.52999877929688,1961100.0,117.52999877929688
2022-06-09,117.69000244140625,117.30999755859375,117.44999694824219,117.51000213623047,2866800.0,117.51000213623047
2022-06-10,117.58999633789062,116.94000244140625,117.43000030517578,116.98999786376953,3241000.0,116.98999786376953
2022-06-13,115.87000274658203,114.58000183105469,115.62999725341797,115.0199966430664,7081800.0,115.0199966430664
2022-06-14,114.55000305175781,113.01000213623047,114.5,113.44000244140625,12801700.0,113.44000244140625
2022-06-15,115.29000091552734,113.68000030517578,113.87000274658203,115.01000213623047,10128000.0,115.01000213623047
2022-06-16,114.9800033569336,113.25,113.58000183105469,114.66999816894531,5934500.0,114.66999816894531
2022-06-17,114.83000183105469,114.26000213623047,114.61000061035156,114.7300033569336,5015900.0,114.7300033569336
2022-06-21,114.66999816894531,114.2300033569336,114.33999633789062,114.33000183105469,2628700.0,114.33000183105469
2022-06-22,115.12999725341797,114.79000091552734,114.91000366210938,114.98999786376953,5163300.0,114.98999786376953
2022-06-23,115.79000091552734,115.19999694824219,115.54000091552734,115.33000183105469,5523500.0,115.33000183105469
2022-06-24,115.80000305175781,115.27999877929688,115.45999908447266,115.44000244140625,3581400.0,115.44000244140625
2022-06-27,115.30999755859375,114.58000183105469,115.08999633789062,114.61000061035156,3885600.0,114.61000061035156
2022-06-28,114.5999984741211,114.12000274658203,114.56999969482422,114.20999908447266,3469600.0,114.20999908447266
2022-06-29,114.55000305175781,113.69000244140625,114.02999877929688,114.01000213623047,6274800.0,114.01000213623047
2022-06-30,114.76000213623047,113.88999938964844,114.58000183105469,113.91000366210938,8033400.0,113.91000366210938
2022-07-01,115.4000015258789,114.48999786376953,114.79000091552734,115.16999816894531,7041500.0,115.16999816894531
2022-07-05,115.3499984741211,114.70999908447266,115.30000305175781,114.8499984741211,4716100.0,114.8499984741211
2022-07-06,114.87000274658203,113.7699966430664,114.81999969482422,113.80999755859375,2909400.0,113.80999755859375
2022-07-07,114.29000091552734,113.4800033569336,114.27999877929688,113.62999725341797,2511700.0,113.62999725341797
2022-07-08,113.80999755859375,113.33999633789062,113.73999786376953,113.51000213623047,1919900.0,113.51000213623047
2022-07-11,114.0999984741211,113.58000183105469,113.83000183105469,113.69000244140625,2034200.0,113.69000244140625
2022-07-12,114.12999725341797,113.62999725341797,113.7300033569336,113.6500015258789,2604400.0,113.6500015258789
2022-07-13,114.54000091552734,113.47000122070312,113.61000061035156,114.23999786376953,3245600.0,114.23999786376953
2022-07-14,114.18000030517578,113.47000122070312,113.63999938964844,113.95999908447266,5758800.0,113.95999908447266
2022-07-15,114.70999908447266,114.0999984741211,114.19000244140625,114.62000274658203,4638600.0,114.62000274658203
2022-07-18,114.72000122070312,114.2699966430664,114.66999816894531,114.47000122070312,2302000.0,114.47000122070312
2022-07-19,114.66999816894531,114.31999969482422,114.43000030517578,114.3499984741211,4571400.0,114.3499984741211
2022-07-20,114.80999755859375,114.1500015258789,114.69000244140625,114.25,2787400.0,114.25
2022-07-21,114.95999908447266,114.0,114.29000091552734,114.95999908447266,8560600.0,114.95999908447266
2022-07-22,116.12000274658203,115.5199966430664,115.55999755859375,115.93000030517578,5918500.0,115.93000030517578
2022-07-25,115.98999786376953,115.55999755859375,115.58000183105469,115.70999908447266,11366300.0,115.70999908447266
2022-07-26,116.54000091552734,115.69999694824219,116.44000244140625,115.70999908447266,1796100.0,115.70999908447266
2022-07-27,116.69999694824219,115.95999908447266,116.0,116.44999694824219,2378500.0,116.44999694824219
2022-07-28,117.69000244140625,117.08999633789062,117.5,117.63999938964844,3283100.0,117.63999938964844
2022-07-29,118.4800033569336,117.77999877929688,117.91999816894531,118.2300033569336,3256700.0,118.2300033569336
2022-08-01,117.31999969482422,116.7699966430664,117.04000091552734,117.12999725341797,3576300.0,117.12999725341797
2022-08-02,117.19000244140625,115.5999984741211,116.9000015258789,115.75,3650800.0,115.75
2022-08-03,116.41999816894531,115.48999786376953,115.80000305175781,116.36000061035156,2442200.0,116.36000061035156
2022-08-04,116.44999694824219,116.04000091552734,116.1500015258789,116.33999633789062,2238700.0,116.33999633789062
2022-08-05,115.26499938964844,115.13500213623047,116.1500015258789,115.19499969482422,328458.0,115.19499969482422
