Date,High,Low,Open,Close,Volume,Adj Close
2017-08-07,57.880001068115234,57.75,57.75,57.880001068115234,2800.0,53.42424774169922
2017-08-08,57.900001525878906,57.83000183105469,57.849998474121094,57.880001068115234,1700.0,53.42424774169922
2017-08-09,58.15999984741211,58.029998779296875,58.15999984741211,58.029998779296875,4000.0,53.56270980834961
2017-08-10,58.16999816894531,58.130001068115234,58.13999938964844,58.13999938964844,15800.0,53.66423797607422
2017-08-11,58.11000061035156,58.099998474121094,58.099998474121094,58.11000061035156,900.0,53.63655090332031
2017-08-14,58.0,57.869998931884766,57.9900016784668,57.880001068115234,1400.0,53.42424774169922
2017-08-15,57.7599983215332,57.689998626708984,57.75,57.720001220703125,8300.0,53.27656936645508
2017-08-16,57.93000030517578,57.75,57.75,57.900001525878906,2500.0,53.442718505859375
2017-08-17,58.0099983215332,57.90999984741211,57.90999984741211,58.0099983215332,8300.0,53.544246673583984
2017-08-18,58.060001373291016,57.90999984741211,58.0099983215332,57.95000076293945,1600.0,53.488868713378906
2017-08-21,58.08000183105469,57.97999954223633,57.9900016784668,58.08000183105469,17400.0,53.608863830566406
2017-08-22,58.0,57.900001525878906,57.97999954223633,57.91999816894531,3200.0,53.46117401123047
2017-08-23,58.060001373291016,58.029998779296875,58.029998779296875,58.060001373291016,700.0,53.590396881103516
2017-08-24,58.04999923706055,57.9900016784668,57.9900016784668,58.04999923706055,700.0,53.58116149902344
2017-08-25,58.04999923706055,57.91999816894531,57.970001220703125,58.02000045776367,6900.0,53.5534782409668
2017-08-28,58.099998474121094,58.060001373291016,58.060001373291016,58.099998474121094,800.0,53.62732696533203
2017-08-29,58.29999923706055,58.150001525878906,58.29999923706055,58.16999816894531,2000.0,53.69192123413086
2017-08-30,58.150001525878906,58.09000015258789,58.13999938964844,58.130001068115234,2100.0,53.65501022338867
2017-08-31,58.279998779296875,58.22999954223633,58.22999954223633,58.279998779296875,3900.0,53.79345703125
2017-09-01,58.279998779296875,58.18000030517578,58.279998779296875,58.20000076293945,3000.0,53.75651931762695
2017-09-05,58.56999969482422,58.36000061035156,58.369998931884766,58.56999969482422,3100.0,54.098270416259766
2017-09-06,58.560001373291016,58.43000030517578,58.540000915527344,58.43000030517578,3000.0,53.968955993652344
2017-09-07,58.70000076293945,58.63999938964844,58.65999984741211,58.650001525878906,7500.0,54.17216491699219
2017-09-08,58.68000030517578,58.66999816894531,58.66999816894531,58.68000030517578,1800.0,54.199867248535156
2017-09-11,58.540000915527344,58.52000045776367,58.52000045776367,58.529998779296875,1200.0,54.06132888793945
2017-09-12,58.439998626708984,58.400001525878906,58.439998626708984,58.400001525878906,1300.0,53.94124221801758
2017-09-13,58.34000015258789,58.290000915527344,58.31999969482422,58.290000915527344,5800.0,53.839637756347656
2017-09-14,58.369998931884766,58.31999969482422,58.31999969482422,58.349998474121094,1300.0,53.895050048828125
2017-09-15,58.369998931884766,58.33000183105469,58.369998931884766,58.33000183105469,2600.0,53.87657928466797
2017-09-18,58.29999923706055,58.29999923706055,58.29999923706055,58.29999923706055,300.0,53.8488883972168
2017-09-19,58.2599983215332,58.220001220703125,58.2599983215332,58.2400016784668,10700.0,53.793460845947266
2017-09-20,58.20000076293945,58.04999923706055,58.20000076293945,58.04999923706055,19900.0,53.61796569824219
2017-09-21,58.060001373291016,57.95000076293945,58.029998779296875,57.97999954223633,3500.0,53.553306579589844
2017-09-22,58.130001068115234,58.06999969482422,58.06999969482422,58.130001068115234,28600.0,53.691856384277344
2017-09-25,58.290000915527344,58.13999938964844,58.13999938964844,58.290000915527344,36700.0,53.839637756347656
2017-09-26,58.25,58.15999984741211,58.189998626708984,58.2400016784668,5100.0,53.793460845947266
2017-09-27,58.040000915527344,57.959999084472656,58.040000915527344,57.9900016784668,2300.0,53.56254959106445
2017-09-28,57.970001220703125,57.90999984741211,57.90999984741211,57.95000076293945,7100.0,53.525611877441406
2017-09-29,57.939998626708984,57.88999938964844,57.93000030517578,57.88999938964844,4500.0,53.47017288208008
2017-10-02,57.869998931884766,57.77000045776367,57.869998931884766,57.77000045776367,5400.0,53.35934829711914
2017-10-03,57.83000183105469,57.7400016784668,57.7400016784668,57.79999923706055,1900.0,53.387046813964844
2017-10-04,57.900001525878906,57.81999969482422,57.900001525878906,57.86000061035156,2800.0,53.44246292114258
2017-10-05,57.83000183105469,57.790000915527344,57.790000915527344,57.83000183105469,6500.0,53.41475296020508
2017-10-06,57.84000015258789,57.68000030517578,57.68000030517578,57.720001220703125,1900.0,53.313167572021484
2017-10-09,57.790000915527344,57.75,57.790000915527344,57.75,1500.0,53.340877532958984
2017-10-10,57.970001220703125,57.90999984741211,57.970001220703125,57.90999984741211,16700.0,53.48865509033203
2017-10-11,58.0099983215332,57.95000076293945,57.9900016784668,57.95000076293945,26800.0,53.525611877441406
2017-10-12,58.13999938964844,57.97999954223633,58.0099983215332,58.13999938964844,16200.0,53.70109558105469
2017-10-13,58.13999938964844,58.099998474121094,58.099998474121094,58.099998474121094,2900.0,53.664146423339844
2017-10-16,58.11000061035156,58.0099983215332,58.099998474121094,58.029998779296875,4000.0,53.5994987487793
2017-10-17,57.9900016784668,57.93000030517578,57.939998626708984,57.939998626708984,1500.0,53.5163688659668
2017-10-18,57.90999984741211,57.81999969482422,57.81999969482422,57.880001068115234,1000.0,53.46095275878906
2017-10-19,57.9900016784668,57.880001068115234,57.9900016784668,57.93000030517578,2300.0,53.507137298583984
2017-10-20,57.81999969482422,57.7400016784668,57.81999969482422,57.790000915527344,6700.0,53.377811431884766
2017-10-23,57.86000061035156,57.77000045776367,57.810001373291016,57.83000183105469,6100.0,53.41475296020508
2017-10-24,57.779998779296875,57.68000030517578,57.68000030517578,57.779998779296875,1600.0,53.36857604980469
2017-10-25,57.65999984741211,57.560001373291016,57.560001373291016,57.61000061035156,1000.0,53.211570739746094
2017-10-26,57.63999938964844,57.59000015258789,57.63999938964844,57.59000015258789,900.0,53.193092346191406
2017-10-27,57.779998779296875,57.77000045776367,57.77000045776367,57.77000045776367,700.0,53.35934829711914
2017-10-30,57.939998626708984,57.91999816894531,57.93000030517578,57.939998626708984,6200.0,53.5163688659668
2017-10-31,58.029998779296875,58.0,58.029998779296875,58.0,600.0,53.57178497314453
2017-11-01,57.95000076293945,57.880001068115234,57.90999984741211,57.939998626708984,1200.0,53.61805725097656
2017-11-02,58.11000061035156,57.869998931884766,58.11000061035156,58.040000915527344,8700.0,53.71059799194336
2017-11-03,57.97999954223633,57.95000076293945,57.97999954223633,57.95000076293945,700.0,53.6273193359375
2017-11-06,58.15999984741211,58.15999984741211,58.15999984741211,58.15999984741211,300.0,53.821651458740234
2017-11-07,58.27000045776367,58.209999084472656,58.209999084472656,58.209999084472656,1800.0,53.86791229248047
2017-11-08,58.27000045776367,58.2400016784668,58.27000045776367,58.2400016784668,900.0,53.89568328857422
2017-11-09,58.2599983215332,58.150001525878906,58.22999954223633,58.2599983215332,5900.0,53.914188385009766
2017-11-10,58.2599983215332,58.2599983215332,58.2599983215332,58.2599983215332,0.0,53.914188385009766
2017-11-13,57.97999954223633,57.900001525878906,57.93000030517578,57.97999954223633,25200.0,53.65507125854492
2017-11-14,58.0099983215332,57.91999816894531,57.91999816894531,58.0099983215332,2100.0,53.682830810546875
2017-11-15,58.22999954223633,58.0099983215332,58.150001525878906,58.20000076293945,3000.0,53.858665466308594
2017-11-16,58.099998474121094,58.02000045776367,58.060001373291016,58.029998779296875,66500.0,53.70134353637695
2017-11-17,58.16999816894531,58.09000015258789,58.13999938964844,58.13999938964844,2100.0,53.803138732910156
2017-11-20,58.130001068115234,58.060001373291016,58.060001373291016,58.09000015258789,4900.0,53.75687026977539
2017-11-21,58.18000030517578,58.02000045776367,58.18000030517578,58.02000045776367,600.0,53.692081451416016
2017-11-22,58.220001220703125,58.13999938964844,58.189998626708984,58.13999938964844,2600.0,53.803138732910156
2017-11-24,58.209999084472656,58.13999938964844,58.209999084472656,58.13999938964844,2800.0,53.803138732910156
2017-11-27,58.13999938964844,58.13999938964844,58.13999938964844,58.13999938964844,0.0,53.803138732910156
2017-11-28,58.25,58.13999938964844,58.150001525878906,58.16999816894531,4300.0,53.83090591430664
2017-11-29,58.0,57.970001220703125,58.0,58.0,1100.0,53.673580169677734
2017-11-30,57.97999954223633,57.93000030517578,57.970001220703125,57.97999954223633,2400.0,53.65507125854492
2017-12-01,58.09000015258789,57.65999984741211,57.65999984741211,57.939998626708984,2500.0,53.86891174316406
2017-12-04,57.91999816894531,57.88999938964844,57.90999984741211,57.91999816894531,2100.0,53.850318908691406
2017-12-05,58.04999923706055,57.9900016784668,58.0,58.040000915527344,6500.0,53.96188735961914
2017-12-06,58.130001068115234,58.099998474121094,58.130001068115234,58.099998474121094,2100.0,54.017662048339844
2017-12-07,58.15999984741211,58.08000183105469,58.15999984741211,58.08000183105469,1200.0,53.99907684326172
2017-12-08,57.97999954223633,57.88999938964844,57.970001220703125,57.97999954223633,6600.0,53.906097412109375
2017-12-11,58.0,57.900001525878906,57.97999954223633,57.90999984741211,2300.0,53.84102249145508
2017-12-12,57.970001220703125,57.869998931884766,57.88999938964844,57.970001220703125,1900.0,53.89680862426758
2017-12-13,58.09000015258789,57.900001525878906,58.040000915527344,58.04999923706055,5600.0,53.9711799621582
2017-12-14,58.11000061035156,58.0,58.0,58.09000015258789,2500.0,54.00836944580078
2017-12-15,58.150001525878906,57.9900016784668,58.0,58.130001068115234,3300.0,54.045555114746094
2017-12-18,58.060001373291016,57.97999954223633,58.04999923706055,57.97999954223633,2900.0,53.906097412109375
2017-12-19,57.90999984741211,57.7400016784668,57.90999984741211,57.77000045776367,1100.0,53.71085739135742
2017-12-20,57.650001525878906,57.599998474121094,57.650001525878906,57.630001068115234,4800.0,53.580692291259766
2017-12-21,57.75,57.61000061035156,57.66999816894531,57.75,1700.0,53.692256927490234
2017-12-22,57.790000915527344,57.779998779296875,57.790000915527344,57.779998779296875,1100.0,53.72015380859375
2017-12-26,57.84000015258789,57.77000045776367,57.77000045776367,57.81999969482422,1800.0,53.757347106933594
2017-12-27,58.13999938964844,57.88999938964844,57.959999084472656,58.13999938964844,4300.0,54.05485916137695
2017-12-28,58.09000015258789,58.029998779296875,58.029998779296875,58.060001373291016,1400.0,53.980472564697266
2017-12-29,58.2400016784668,58.09000015258789,58.11000061035156,58.22999954223633,9400.0,54.138545989990234
2018-01-02,58.22999954223633,58.09000015258789,58.22999954223633,58.130001068115234,3500.0,54.045555114746094
2018-01-03,58.20000076293945,58.06999969482422,58.20000076293945,58.06999969482422,2900.0,53.98977279663086
2018-01-04,58.15999984741211,58.06999969482422,58.06999969482422,58.15999984741211,1200.0,54.073455810546875
2018-01-05,58.20000076293945,58.11000061035156,58.18000030517578,58.16999816894531,4000.0,54.08275604248047
2018-01-08,58.220001220703125,58.040000915527344,58.220001220703125,58.060001373291016,2300.0,53.980472564697266
2018-01-09,58.08000183105469,57.900001525878906,58.08000183105469,57.900001525878906,2100.0,53.83172607421875
2018-01-10,57.810001373291016,57.70000076293945,57.7400016784668,57.810001373291016,3000.0,53.74805450439453
2018-01-11,57.869998931884766,57.7599983215332,57.790000915527344,57.83000183105469,3700.0,53.76664352416992
2018-01-12,57.84000015258789,57.83000183105469,57.83000183105469,57.83000183105469,3400.0,53.76664352416992
2018-01-16,58.0099983215332,57.91999816894531,58.0,58.0099983215332,5500.0,53.93398666381836
2018-01-17,57.9900016784668,57.91999816894531,57.9900016784668,57.91999816894531,800.0,53.850318908691406
2018-01-18,57.959999084472656,57.81999969482422,57.81999969482422,57.95000076293945,12500.0,53.87821578979492
2018-01-19,57.869998931884766,57.70000076293945,57.709999084472656,57.79999923706055,4600.0,53.73875045776367
2018-01-22,57.81999969482422,57.72999954223633,57.779998779296875,57.7400016784668,2500.0,53.68297576904297
2018-01-23,57.939998626708984,57.849998474121094,57.91999816894531,57.86000061035156,8100.0,53.794532775878906
2018-01-24,57.81999969482422,57.72999954223633,57.77000045776367,57.790000915527344,2300.0,53.72944641113281
2018-01-25,57.91999816894531,57.779998779296875,57.779998779296875,57.90999984741211,2400.0,53.84102249145508
2018-01-26,57.939998626708984,57.84000015258789,57.939998626708984,57.900001525878906,5000.0,53.83172607421875
2018-01-29,57.93000030517578,57.70000076293945,57.84000015258789,57.72999954223633,5000.0,53.673675537109375
2018-01-30,57.619998931884766,57.560001373291016,57.619998931884766,57.599998474121094,900.0,53.552799224853516
2018-01-31,57.7599983215332,57.59000015258789,57.61000061035156,57.7599983215332,4000.0,53.7015495300293
2018-02-01,57.70000076293945,57.5,57.70000076293945,57.5,1800.0,53.45983123779297
2018-02-02,57.33000183105469,57.310001373291016,57.33000183105469,57.310001373291016,600.0,53.28318405151367
2018-02-05,57.599998474121094,57.209999084472656,57.220001220703125,57.59000015258789,2400.0,53.54351043701172
2018-02-06,57.54999923706055,57.38999938964844,57.4900016784668,57.38999938964844,1700.0,53.35756301879883
2018-02-07,57.41999816894531,57.130001068115234,57.38999938964844,57.130001068115234,3300.0,53.115821838378906
2018-02-08,57.150001525878906,57.029998779296875,57.029998779296875,57.119998931884766,1500.0,53.106536865234375
2018-02-09,57.0,56.93000030517578,56.9900016784668,56.93000030517578,3200.0,52.92987823486328
2018-02-12,57.16999816894531,56.95000076293945,57.04999923706055,56.95000076293945,1600.0,52.9484748840332
2018-02-13,57.04999923706055,56.900001525878906,57.0099983215332,56.970001220703125,183200.0,52.96706771850586
2018-02-14,56.97999954223633,56.83000183105469,56.97999954223633,56.83000183105469,600.0,52.836910247802734
2018-02-15,57.029998779296875,56.91999816894531,57.02000045776367,56.95000076293945,2000.0,52.9484748840332
2018-02-16,57.02000045776367,57.02000045776367,57.02000045776367,57.02000045776367,200.0,53.01356887817383
2018-02-20,57.08000183105469,56.88999938964844,57.08000183105469,56.970001220703125,2000.0,52.96706771850586
2018-02-21,57.02000045776367,56.7400016784668,57.02000045776367,56.7400016784668,4000.0,52.753231048583984
2018-02-22,56.939998626708984,56.810001373291016,56.880001068115234,56.810001373291016,2000.0,52.818321228027344
2018-02-23,57.119998931884766,56.970001220703125,56.970001220703125,57.02000045776367,2300.0,53.01356887817383
2018-02-26,57.25,57.150001525878906,57.220001220703125,57.150001525878906,1300.0,53.134422302246094
2018-02-27,57.150001525878906,57.150001525878906,57.150001525878906,57.150001525878906,0.0,53.134422302246094
2018-02-28,57.16999816894531,57.06999969482422,57.15999984741211,57.11000061035156,1200.0,53.09724044799805
2018-03-01,57.369998931884766,57.08000183105469,57.08000183105469,57.279998779296875,4600.0,53.25529098510742
2018-03-02,57.279998779296875,57.09000015258789,57.13999938964844,57.2599983215332,3100.0,53.236690521240234
2018-03-05,57.36000061035156,57.13999938964844,57.36000061035156,57.15999984741211,5000.0,53.14372634887695
2018-03-06,57.29999923706055,57.08000183105469,57.2599983215332,57.15999984741211,2100.0,53.14372634887695
2018-03-07,57.2400016784668,57.09000015258789,57.22999954223633,57.09000015258789,2900.0,53.078636169433594
2018-03-08,57.209999084472656,57.15999984741211,57.209999084472656,57.209999084472656,700.0,53.190208435058594
2018-03-09,57.189998626708984,57.04999923706055,57.15999984741211,57.189998626708984,3100.0,53.17161178588867
2018-03-12,57.220001220703125,57.099998474121094,57.220001220703125,57.18000030517578,3400.0,53.162315368652344
2018-03-13,57.2400016784668,57.130001068115234,57.220001220703125,57.220001220703125,5300.0,53.19950866699219
2018-03-14,57.25,57.25,57.25,57.25,200.0,53.2274055480957
2018-03-15,57.459999084472656,57.310001373291016,57.36000061035156,57.310001373291016,1200.0,53.28318405151367
2018-03-16,57.27000045776367,57.20000076293945,57.220001220703125,57.27000045776367,200900.0,53.2459831237793
2018-03-19,57.310001373291016,57.209999084472656,57.209999084472656,57.310001373291016,900.0,53.28318405151367
2018-03-20,57.130001068115234,57.11000061035156,57.130001068115234,57.11000061035156,600.0,53.09724044799805
2018-03-21,57.25,57.25,57.25,57.25,400.0,53.2274055480957
2018-03-22,57.439998626708984,57.279998779296875,57.349998474121094,57.279998779296875,5200.0,53.25529098510742
2018-03-23,57.38999938964844,57.2599983215332,57.29999923706055,57.34000015258789,1200.0,53.311065673828125
2018-03-26,57.38999938964844,57.31999969482422,57.38999938964844,57.38999938964844,1100.0,53.35756301879883
2018-03-27,57.54999923706055,57.41999816894531,57.41999816894531,57.54999923706055,1100.0,53.506317138671875
2018-03-28,57.61000061035156,57.4900016784668,57.599998474121094,57.529998779296875,2500.0,53.48772048950195
2018-03-29,57.689998626708984,57.630001068115234,57.650001525878906,57.65999984741211,1500.0,53.60858917236328
2018-04-02,57.56999969482422,57.290000915527344,57.290000915527344,57.540000915527344,3700.0,53.68321990966797
2018-04-03,57.5,57.43000030517578,57.5,57.439998626708984,1100.0,53.58993148803711
2018-04-04,57.58000183105469,57.40999984741211,57.58000183105469,57.40999984741211,6100.0,53.56193923950195
2018-04-05,57.369998931884766,57.29999923706055,57.29999923706055,57.369998931884766,2500.0,53.52462387084961
2018-04-06,57.47999954223633,57.380001068115234,57.380001068115234,57.470001220703125,600.0,53.617919921875
2018-04-09,57.52000045776367,57.40999984741211,57.41999816894531,57.52000045776367,1700.0,53.6645622253418
2018-04-10,57.470001220703125,57.459999084472656,57.459999084472656,57.470001220703125,1100.0,53.617919921875
2018-04-11,57.63999938964844,57.619998931884766,57.63999938964844,57.63999938964844,1600.0,53.776527404785156
2018-04-12,57.59000015258789,57.54999923706055,57.54999923706055,57.56999969482422,1100.0,53.71120834350586
2018-04-13,57.650001525878906,57.619998931884766,57.630001068115234,57.630001068115234,2200.0,53.76719284057617
2018-04-16,57.630001068115234,57.59000015258789,57.59000015258789,57.619998931884766,400.0,53.75785446166992
2018-04-17,57.650001525878906,57.630001068115234,57.630001068115234,57.650001525878906,1200.0,53.78585433959961
2018-04-18,57.66999816894531,57.599998474121094,57.66999816894531,57.599998474121094,500.0,53.739200592041016
2018-04-19,57.5,57.5,57.5,57.5,300.0,53.645912170410156
2018-04-20,57.34000015258789,57.29999923706055,57.34000015258789,57.34000015258789,1500.0,53.49663162231445
2018-04-23,57.29999923706055,57.22999954223633,57.29999923706055,57.25,1200.0,53.41266632080078
2018-04-24,57.27000045776367,57.11000061035156,57.27000045776367,57.119998931884766,2100.0,53.291385650634766
2018-04-25,57.04999923706055,56.959999084472656,57.04999923706055,56.97999954223633,1000.0,53.160762786865234
2018-04-26,57.15999984741211,57.08000183105469,57.09000015258789,57.15999984741211,600.0,53.328704833984375
2018-04-27,57.369998931884766,57.2400016784668,57.2400016784668,57.369998931884766,6000.0,53.52462387084961
2018-04-30,57.470001220703125,57.43000030517578,57.470001220703125,57.43000030517578,900.0,53.58060073852539
2018-05-01,57.43000030517578,57.43000030517578,57.43000030517578,57.43000030517578,0.0,53.78664779663086
2018-05-02,57.09000015258789,57.04999923706055,57.06999969482422,57.09000015258789,2900.0,53.46821975708008
2018-05-03,57.209999084472656,57.150001525878906,57.18000030517578,57.20000076293945,2800.0,53.57123565673828
2018-05-04,57.29999923706055,57.29999923706055,57.29999923706055,57.29999923706055,300.0,53.66489028930664
2018-05-07,57.22999954223633,57.150001525878906,57.209999084472656,57.22999954223633,2600.0,53.59933853149414
2018-05-08,57.02000045776367,57.02000045776367,57.02000045776367,57.02000045776367,500.0,53.40265655517578
2018-05-09,57.150001525878906,57.08000183105469,57.08000183105469,57.150001525878906,4900.0,53.5244140625
2018-05-10,57.16999816894531,57.16999816894531,57.16999816894531,57.16999816894531,800.0,53.54313659667969
2018-05-11,57.220001220703125,57.15999984741211,57.20000076293945,57.220001220703125,2200.0,53.589969635009766
2018-05-14,57.08000183105469,57.040000915527344,57.08000183105469,57.040000915527344,1100.0,53.42137908935547
2018-05-15,56.88999938964844,56.7599983215332,56.88999938964844,56.810001373291016,1500.0,53.20597457885742
2018-05-16,56.869998931884766,56.7400016784668,56.84000015258789,56.75,9600.0,53.14978790283203
2018-05-17,56.709999084472656,56.63999938964844,56.709999084472656,56.63999938964844,1600.0,53.0467529296875
2018-05-18,56.81999969482422,56.630001068115234,56.630001068115234,56.77000045776367,1400.0,53.16851043701172
2018-05-21,56.779998779296875,56.75,56.779998779296875,56.77000045776367,1000.0,53.16851043701172
2018-05-22,56.77000045776367,56.77000045776367,56.77000045776367,56.77000045776367,900.0,53.16851043701172
2018-05-23,56.939998626708984,56.939998626708984,56.939998626708984,56.939998626708984,300.0,53.32773208618164
2018-05-24,57.06999969482422,56.97999954223633,57.06999969482422,57.02000045776367,6800.0,53.40265655517578
2018-05-25,57.099998474121094,57.029998779296875,57.029998779296875,57.099998474121094,1700.0,53.47757339477539
2018-05-29,57.54999923706055,57.2599983215332,57.2599983215332,57.5099983215332,1900.0,53.86156463623047
2018-05-30,57.400001525878906,57.290000915527344,57.33000183105469,57.290000915527344,1200.0,53.65552520751953
2018-05-31,57.5099983215332,57.349998474121094,57.349998474121094,57.45000076293945,5900.0,53.80537796020508
2018-06-01,57.16999816894531,57.09000015258789,57.16999816894531,57.09000015258789,3400.0,53.5894775390625
2018-06-04,57.099998474121094,57.04999923706055,57.04999923706055,57.08000183105469,1400.0,53.580081939697266
2018-06-05,57.22999954223633,57.150001525878906,57.15999984741211,57.22999954223633,700.0,53.720890045166016
2018-06-06,57.11000061035156,56.970001220703125,57.04999923706055,57.029998779296875,11000.0,53.53316116333008
2018-06-07,57.290000915527344,57.0099983215332,57.0099983215332,57.18000030517578,15200.0,53.673954010009766
2018-06-08,57.150001525878906,57.11000061035156,57.150001525878906,57.11000061035156,1400.0,53.608245849609375
2018-06-11,57.04999923706055,56.97999954223633,56.97999954223633,57.040000915527344,1300.0,53.542545318603516
2018-06-12,57.09000015258789,57.0099983215332,57.09000015258789,57.08000183105469,4400.0,53.580081939697266
2018-06-13,57.099998474121094,57.04999923706055,57.09000015258789,57.060001373291016,4600.0,53.561317443847656
2018-06-14,57.13999938964844,57.11000061035156,57.11000061035156,57.13999938964844,600.0,53.636409759521484
2018-06-15,57.2599983215332,57.15999984741211,57.2599983215332,57.25,11300.0,53.73966598510742
2018-06-18,57.29999923706055,57.16999816894531,57.279998779296875,57.18000030517578,11400.0,53.673954010009766
2018-06-19,57.40999984741211,57.34000015258789,57.34000015258789,57.38999938964844,1300.0,53.87106704711914
2018-06-20,57.31999969482422,57.20000076293945,57.2400016784668,57.25,5200.0,53.73966598510742
2018-06-21,57.310001373291016,57.16999816894531,57.16999816894531,57.2599983215332,2400.0,53.749053955078125
2018-06-22,57.33000183105469,57.209999084472656,57.209999084472656,57.33000183105469,1800.0,53.814762115478516
2018-06-25,57.41999816894531,57.380001068115234,57.380001068115234,57.41999816894531,400.0,53.89923858642578
2018-06-26,57.41999816894531,57.41999816894531,57.41999816894531,57.41999816894531,0.0,53.89923858642578
2018-06-27,57.72999954223633,57.63999938964844,57.63999938964844,57.70000076293945,3400.0,54.162071228027344
2018-06-28,57.63999938964844,57.59000015258789,57.63999938964844,57.59000015258789,1500.0,54.05881118774414
2018-06-29,57.68000030517578,57.56999969482422,57.56999969482422,57.68000030517578,400.0,54.14330291748047
2018-07-02,57.529998779296875,57.40999984741211,57.5099983215332,57.459999084472656,8900.0,54.12445831298828
2018-07-03,57.61000061035156,57.5,57.5,57.56999969482422,5700.0,54.228065490722656
2018-07-05,57.68000030517578,57.540000915527344,57.59000015258789,57.650001525878906,1700.0,54.30343246459961
2018-07-06,57.72999954223633,57.630001068115234,57.630001068115234,57.70000076293945,12900.0,54.35052490234375
2018-07-09,57.619998931884766,57.529998779296875,57.529998779296875,57.61000061035156,11100.0,54.26576232910156
2018-07-10,57.61000061035156,57.47999954223633,57.54999923706055,57.47999954223633,2400.0,54.1432991027832
2018-07-11,57.59000015258789,57.59000015258789,57.59000015258789,57.59000015258789,400.0,54.246910095214844
2018-07-12,57.52000045776367,57.4900016784668,57.5,57.52000045776367,4900.0,54.180973052978516
2018-07-13,57.650001525878906,57.58000183105469,57.58000183105469,57.619998931884766,7600.0,54.27517318725586
2018-07-16,57.529998779296875,57.459999084472656,57.5099983215332,57.5,3100.0,54.162132263183594
2018-07-17,57.400001525878906,57.400001525878906,57.400001525878906,57.400001525878906,400.0,54.06793975830078
2018-07-18,57.400001525878906,57.33000183105469,57.33000183105469,57.369998931884766,3700.0,54.03968048095703
2018-07-19,57.439998626708984,57.380001068115234,57.380001068115234,57.41999816894531,1900.0,54.086769104003906
2018-07-20,57.459999084472656,57.380001068115234,57.459999084472656,57.380001068115234,2800.0,54.049095153808594
2018-07-23,57.20000076293945,56.939998626708984,57.20000076293945,57.02000045776367,1100.0,53.71000671386719
2018-07-24,57.0,56.93000030517578,56.93000030517578,57.0,2000.0,53.69116973876953
2018-07-25,57.11000061035156,57.06999969482422,57.06999969482422,57.11000061035156,1100.0,53.794776916503906
2018-07-26,57.11000061035156,57.11000061035156,57.11000061035156,57.11000061035156,0.0,53.794776916503906
2018-07-27,57.130001068115234,57.04999923706055,57.08000183105469,57.04999923706055,800.0,53.73825454711914
2018-07-30,57.029998779296875,57.0,57.0,57.029998779296875,2100.0,53.719417572021484
2018-07-31,57.119998931884766,57.040000915527344,57.08000183105469,57.09000015258789,2400.0,53.77594757080078
2018-08-01,56.869998931884766,56.70000076293945,56.83000183105469,56.7400016784668,3800.0,53.61530303955078
2018-08-02,56.869998931884766,56.790000915527344,56.790000915527344,56.869998931884766,26300.0,53.738136291503906
2018-08-03,56.959999084472656,56.849998474121094,56.849998474121094,56.95000076293945,35500.0,53.8137321472168
2018-08-06,57.06999969482422,56.939998626708984,57.06999969482422,56.939998626708984,3300.0,53.80427551269531
2018-08-07,56.95000076293945,56.849998474121094,56.95000076293945,56.849998474121094,5600.0,53.719242095947266
2018-08-08,56.88999938964844,56.83000183105469,56.88999938964844,56.83000183105469,600.0,53.700340270996094
2018-08-09,57.029998779296875,56.91999816894531,56.91999816894531,57.029998779296875,4600.0,53.88932418823242
2018-08-10,57.220001220703125,57.130001068115234,57.130001068115234,57.220001220703125,4900.0,54.068870544433594
2018-08-13,57.189998626708984,57.150001525878906,57.150001525878906,57.189998626708984,1500.0,54.0405158996582
2018-08-14,57.15999984741211,57.08000183105469,57.15999984741211,57.130001068115234,2200.0,53.98381805419922
2018-08-15,57.2400016784668,57.150001525878906,57.220001220703125,57.150001525878906,5000.0,54.002716064453125
2018-08-16,57.220001220703125,57.13999938964844,57.13999938964844,57.220001220703125,400.0,54.068870544433594
2018-08-17,57.2599983215332,57.16999816894531,57.2599983215332,57.16999816894531,1100.0,54.021629333496094
2018-08-20,57.33000183105469,57.310001373291016,57.33000183105469,57.310001373291016,1500.0,54.15391540527344
2018-08-21,57.279998779296875,57.279998779296875,57.279998779296875,57.279998779296875,400.0,54.12555694580078
2018-08-22,57.47999954223633,57.34000015258789,57.47999954223633,57.380001068115234,2000.0,54.22004699707031
2018-08-23,57.47999954223633,57.41999816894531,57.47999954223633,57.45000076293945,1000.0,54.28619384765625
2018-08-24,57.47999954223633,57.34000015258789,57.34000015258789,57.439998626708984,2700.0,54.27674865722656
2018-08-27,57.470001220703125,57.43000030517578,57.470001220703125,57.43000030517578,2400.0,54.26729202270508
2018-08-28,57.36000061035156,57.27000045776367,57.36000061035156,57.27000045776367,3200.0,54.11610794067383
2018-08-29,57.36000061035156,57.290000915527344,57.310001373291016,57.36000061035156,1900.0,54.20114517211914
2018-08-30,57.41999816894531,57.34000015258789,57.380001068115234,57.380001068115234,6500.0,54.22004699707031
2018-08-31,57.43000030517578,57.369998931884766,57.43000030517578,57.369998931884766,1600.0,54.210594177246094
2018-09-04,57.130001068115234,57.029998779296875,57.06999969482422,57.130001068115234,1900.0,54.068641662597656
2018-09-05,57.11000061035156,57.02000045776367,57.11000061035156,57.02000045776367,4300.0,53.964542388916016
2018-09-06,57.11000061035156,57.0099983215332,57.060001373291016,57.11000061035156,3400.0,54.04970932006836
2018-09-07,56.97999954223633,56.88999938964844,56.93000030517578,56.900001525878906,1400.0,53.8509635925293
2018-09-10,57.0,56.939998626708984,56.97999954223633,56.95000076293945,2500.0,53.89828109741211
2018-09-11,56.86000061035156,56.77000045776367,56.86000061035156,56.849998474121094,1100.0,53.80364227294922
2018-09-12,56.900001525878906,56.900001525878906,56.900001525878906,56.900001525878906,400.0,53.8509635925293
2018-09-13,56.88999938964844,56.790000915527344,56.849998474121094,56.790000915527344,3200.0,53.746856689453125
2018-09-14,56.7599983215332,56.66999816894531,56.66999816894531,56.72999954223633,1800.0,53.6900749206543
2018-09-17,56.72999954223633,56.66999816894531,56.72999954223633,56.70000076293945,1700.0,53.66168212890625
2018-09-18,56.650001525878906,56.540000915527344,56.650001525878906,56.54999923706055,2400.0,53.519718170166016
2018-09-19,56.529998779296875,56.52000045776367,56.529998779296875,56.52000045776367,1700.0,53.491336822509766
2018-09-20,56.599998474121094,56.56999969482422,56.59000015258789,56.59000015258789,1600.0,53.55757522583008
2018-09-21,56.59000015258789,56.59000015258789,56.59000015258789,56.59000015258789,0.0,53.55757522583008
2018-09-24,56.619998931884766,56.56999969482422,56.619998931884766,56.56999969482422,2300.0,53.538639068603516
2018-09-25,56.56999969482422,56.470001220703125,56.56999969482422,56.529998779296875,4400.0,53.50079345703125
2018-09-26,56.58000183105469,56.52000045776367,56.58000183105469,56.56999969482422,2000.0,53.538639068603516
2018-09-27,56.68000030517578,56.599998474121094,56.619998931884766,56.63999938964844,2500.0,53.60489273071289
2018-09-28,56.689998626708984,56.619998931884766,56.689998626708984,56.619998931884766,1200.0,53.585968017578125
2018-10-01,56.599998474121094,56.59000015258789,56.599998474121094,56.59000015258789,4100.0,53.55757522583008
2018-10-02,56.560001373291016,56.52000045776367,56.52000045776367,56.560001373291016,1800.0,53.5291862487793
2018-10-03,56.38999938964844,56.29999923706055,56.38999938964844,56.349998474121094,1100.0,53.33043670654297
2018-10-04,56.150001525878906,56.04999923706055,56.04999923706055,56.13999938964844,11300.0,53.131683349609375
2018-10-05,56.029998779296875,55.90999984741211,55.970001220703125,55.939998626708984,4300.0,52.9423942565918
2018-10-08,56.0,55.95000076293945,56.0,56.0,4200.0,52.99919128417969
2018-10-09,56.06999969482422,55.97999954223633,55.9900016784668,56.04999923706055,6200.0,53.046512603759766
2018-10-10,56.02000045776367,55.869998931884766,55.97999954223633,56.0,4400.0,52.99919128417969
2018-10-11,56.13999938964844,56.08000183105469,56.13999938964844,56.08000183105469,3500.0,53.07490158081055
2018-10-12,56.119998931884766,56.02000045776367,56.02000045776367,56.119998931884766,3600.0,53.11275863647461
2018-10-15,56.11000061035156,56.040000915527344,56.04999923706055,56.040000915527344,1100.0,53.037044525146484
2018-10-16,56.06999969482422,56.02000045776367,56.02000045776367,56.040000915527344,1600.0,53.037044525146484
2018-10-17,56.08000183105469,56.0,56.08000183105469,56.0,700.0,52.99919128417969
2018-10-18,55.9900016784668,55.849998474121094,55.86000061035156,55.9900016784668,2700.0,52.98973083496094
2018-10-19,55.86000061035156,55.849998474121094,55.86000061035156,55.849998474121094,600.0,52.85722732543945
2018-10-22,55.86000061035156,55.79999923706055,55.86000061035156,55.810001373291016,3200.0,52.819374084472656
2018-10-23,55.95000076293945,55.790000915527344,55.95000076293945,55.810001373291016,37800.0,52.819374084472656
2018-10-24,56.0099983215332,55.91999816894531,55.93000030517578,55.9900016784668,12400.0,52.98973083496094
2018-10-25,55.97999954223633,55.75,55.97999954223633,55.84000015258789,6300.0,52.8477668762207
2018-10-26,56.08000183105469,55.880001068115234,55.880001068115234,56.060001373291016,12000.0,53.05597686767578
2018-10-29,56.0,55.95000076293945,56.0,55.95000076293945,2600.0,52.951866149902344
2018-10-30,55.970001220703125,55.900001525878906,55.970001220703125,55.900001525878906,800.0,52.90454864501953
2018-10-31,55.84000015258789,55.72999954223633,55.810001373291016,55.7599983215332,12500.0,52.77204513549805
2018-11-01,55.650001525878906,55.560001373291016,55.61000061035156,55.599998474121094,20800.0,52.686763763427734
2018-11-02,55.41999816894531,55.38999938964844,55.400001525878906,55.38999938964844,4300.0,52.48777389526367
2018-11-05,55.540000915527344,55.47999954223633,55.529998779296875,55.5099983215332,5100.0,52.60148620605469
2018-11-06,55.56999969482422,55.459999084472656,55.56999969482422,55.540000915527344,37400.0,52.629913330078125
2018-11-07,55.66999816894531,55.5099983215332,55.63999938964844,55.5099983215332,12300.0,52.60148620605469
2018-11-08,55.54999923706055,55.5,55.529998779296875,55.54999923706055,1000.0,52.63937759399414
2018-11-09,55.56999969482422,55.540000915527344,55.540000915527344,55.56999969482422,1400.0,52.65834045410156
2018-11-12,55.790000915527344,55.689998626708984,55.689998626708984,55.790000915527344,2500.0,52.86681365966797
2018-11-13,55.689998626708984,55.619998931884766,55.65999984741211,55.66999816894531,2800.0,52.75310134887695
2018-11-14,55.7400016784668,55.599998474121094,55.599998474121094,55.68000030517578,12300.0,52.76258087158203
2018-11-15,55.7400016784668,55.63999938964844,55.720001220703125,55.63999938964844,1600.0,52.72467041015625
2018-11-16,55.91999816894531,55.84000015258789,55.84000015258789,55.91999816894531,35200.0,52.9900016784668
2018-11-19,55.970001220703125,55.880001068115234,55.880001068115234,55.900001525878906,15800.0,52.971046447753906
2018-11-20,55.88999938964844,55.810001373291016,55.88999938964844,55.810001373291016,2500.0,52.885765075683594
2018-11-21,55.72999954223633,55.689998626708984,55.709999084472656,55.72999954223633,600.0,52.8099479675293
2018-11-23,55.77000045776367,55.72999954223633,55.77000045776367,55.72999954223633,900.0,52.8099479675293
2018-11-26,55.70000076293945,55.65999984741211,55.66999816894531,55.65999984741211,1900.0,52.743621826171875
2018-11-27,55.560001373291016,55.5,55.5,55.540000915527344,9500.0,52.629913330078125
2018-11-28,55.65999984741211,55.41999816894531,55.41999816894531,55.560001373291016,9600.0,52.648860931396484
2018-11-29,55.86000061035156,55.72999954223633,55.72999954223633,55.84000015258789,7300.0,52.91419219970703
2018-11-30,55.95000076293945,55.86000061035156,55.88999938964844,55.93000030517578,5300.0,52.999481201171875
2018-12-03,55.849998474121094,55.75,55.79999923706055,55.849998474121094,5300.0,53.07550811767578
2018-12-04,56.11000061035156,55.959999084472656,55.959999084472656,56.06999969482422,11400.0,53.28457260131836
2018-12-06,56.15999984741211,56.060001373291016,56.060001373291016,56.11000061035156,4800.0,53.32258987426758
2018-12-07,56.130001068115234,56.04999923706055,56.09000015258789,56.130001068115234,3600.0,53.341590881347656
2018-12-10,56.150001525878906,55.970001220703125,56.150001525878906,55.9900016784668,12600.0,53.208553314208984
2018-12-11,55.9900016784668,55.709999084472656,55.93000030517578,55.72999954223633,18100.0,52.96146011352539
2018-12-12,55.779998779296875,55.63999938964844,55.779998779296875,55.66999816894531,18100.0,52.90445327758789
2018-12-13,55.7400016784668,55.66999816894531,55.68000030517578,55.709999084472656,14900.0,52.94245529174805
2018-12-14,55.75,55.720001220703125,55.7400016784668,55.72999954223633,4600.0,52.96146011352539
2018-12-17,55.79999923706055,55.709999084472656,55.709999084472656,55.79999923706055,12700.0,53.027984619140625
2018-12-18,56.02000045776367,55.869998931884766,55.869998931884766,55.97999954223633,6800.0,53.19903564453125
2018-12-19,56.220001220703125,56.06999969482422,56.06999969482422,56.150001525878906,4100.0,53.3606071472168
2018-12-20,56.0099983215332,55.91999816894531,56.0099983215332,55.95000076293945,16000.0,53.170536041259766
2018-12-21,55.9900016784668,55.880001068115234,55.9900016784668,55.90999984741211,13000.0,53.13252258300781
2018-12-24,55.97999954223633,55.95000076293945,55.959999084472656,55.97999954223633,1200.0,53.19903564453125
2018-12-26,56.04999923706055,55.869998931884766,56.0,55.869998931884766,4100.0,53.09450912475586
2018-12-27,56.099998474121094,55.880001068115234,56.060001373291016,55.880001068115234,27000.0,53.10401916503906
2018-12-28,55.90999984741211,55.83000183105469,55.880001068115234,55.90999984741211,17300.0,53.227779388427734
2018-12-31,56.029998779296875,55.86000061035156,55.86000061035156,56.029998779296875,7100.0,53.34202194213867
2019-01-02,56.08000183105469,55.970001220703125,55.970001220703125,56.04999923706055,4200.0,53.361061096191406
2019-01-03,56.47999954223633,56.2599983215332,56.2599983215332,56.400001525878906,4300.0,53.694271087646484
2019-01-04,56.31999969482422,56.189998626708984,56.290000915527344,56.27000045776367,7400.0,53.57050323486328
2019-01-07,56.34000015258789,56.209999084472656,56.31999969482422,56.209999084472656,4600.0,53.51338195800781
2019-01-08,56.31999969482422,56.27000045776367,56.279998779296875,56.279998779296875,1000.0,53.58003234863281
2019-01-09,56.34000015258789,56.290000915527344,56.29999923706055,56.34000015258789,500.0,53.63715362548828
2019-01-10,56.27000045776367,56.13999938964844,56.27000045776367,56.20000076293945,2000.0,53.50387191772461
2019-01-11,56.36000061035156,56.31999969482422,56.34000015258789,56.36000061035156,2300.0,53.656192779541016
2019-01-14,56.36000061035156,56.25,56.36000061035156,56.25,12200.0,53.55146408081055
2019-01-15,56.22999954223633,56.13999938964844,56.22999954223633,56.18000030517578,5100.0,53.484825134277344
2019-01-16,56.18000030517578,56.130001068115234,56.130001068115234,56.16999816894531,4400.0,53.47529983520508
2019-01-17,56.25,56.13999938964844,56.16999816894531,56.13999938964844,2700.0,53.44674301147461
2019-01-18,56.119998931884766,56.02000045776367,56.119998931884766,56.060001373291016,4400.0,53.37058639526367
2019-01-22,56.15999984741211,56.060001373291016,56.119998931884766,56.08000183105469,12500.0,53.38962173461914
2019-01-23,56.060001373291016,56.029998779296875,56.04999923706055,56.060001373291016,3600.0,53.37058639526367
2019-01-24,56.20000076293945,56.130001068115234,56.150001525878906,56.13999938964844,6000.0,53.44674301147461
2019-01-25,56.08000183105469,56.029998779296875,56.04999923706055,56.04999923706055,3600.0,53.361061096191406
2019-01-28,56.0099983215332,55.939998626708984,55.959999084472656,55.9900016784668,53400.0,53.30394744873047
2019-01-29,56.130001068115234,55.97999954223633,56.040000915527344,56.130001068115234,12300.0,53.43722152709961
2019-01-30,56.459999084472656,56.16999816894531,56.18000030517578,56.459999084472656,3900.0,53.75138473510742
2019-01-31,56.83000183105469,56.56999969482422,56.56999969482422,56.79999923706055,14800.0,54.0750846862793
2019-02-01,56.7400016784668,56.61000061035156,56.7400016784668,56.61000061035156,1100.0,53.894195556640625
2019-02-04,56.470001220703125,56.41999816894531,56.41999816894531,56.470001220703125,1900.0,53.76091766357422
2019-02-05,56.560001373291016,56.47999954223633,56.52000045776367,56.560001373291016,3000.0,53.84660339355469
2019-02-06,56.619998931884766,56.4900016784668,56.599998474121094,56.52000045776367,21500.0,53.80851745605469
2019-02-07,56.61000061035156,56.529998779296875,56.540000915527344,56.59000015258789,4600.0,53.875152587890625
2019-02-08,56.650001525878906,56.619998931884766,56.63999938964844,56.619998931884766,600.0,53.903717041015625
2019-02-11,56.560001373291016,56.459999084472656,56.560001373291016,56.52000045776367,2400.0,53.80851745605469
2019-02-12,56.4900016784668,56.459999084472656,56.459999084472656,56.4900016784668,400.0,53.77994918823242
2019-02-13,56.5099983215332,56.459999084472656,56.5099983215332,56.47999954223633,5400.0,53.77043533325195
2019-02-14,56.650001525878906,56.619998931884766,56.63999938964844,56.63999938964844,1500.0,53.92274856567383
2019-02-15,56.66999816894531,56.630001068115234,56.630001068115234,56.66999816894531,10200.0,53.951316833496094
2019-02-19,56.790000915527344,56.70000076293945,56.70000076293945,56.790000915527344,1700.0,54.06555938720703
2019-02-20,56.880001068115234,56.77000045776367,56.79999923706055,56.81999969482422,9900.0,54.09412384033203
2019-02-21,56.709999084472656,56.63999938964844,56.65999984741211,56.709999084472656,3600.0,53.98939895629883
2019-02-22,56.869998931884766,56.779998779296875,56.779998779296875,56.869998931884766,8400.0,54.1417236328125
2019-02-25,56.81999969482422,56.779998779296875,56.810001373291016,56.81999969482422,1500.0,54.09412384033203
2019-02-26,56.93000030517578,56.900001525878906,56.900001525878906,56.90999984741211,3300.0,54.179805755615234
2019-02-27,56.7599983215332,56.7400016784668,56.7599983215332,56.7599983215332,400.0,54.03700637817383
2019-02-28,56.66999816894531,56.66999816894531,56.66999816894531,56.66999816894531,100.0,53.951316833496094
2019-03-01,56.650001525878906,56.5099983215332,56.619998931884766,56.5099983215332,1300.0,53.79899597167969
2019-03-04,56.66999816894531,56.619998931884766,56.66999816894531,56.630001068115234,1200.0,53.913238525390625
2019-03-05,56.619998931884766,56.54999923706055,56.59000015258789,56.619998931884766,3800.0,53.903717041015625
2019-03-06,56.66999816894531,56.599998474121094,56.599998474121094,56.66999816894531,2000.0,53.951316833496094
2019-03-07,56.849998474121094,56.790000915527344,56.810001373291016,56.84000015258789,4000.0,54.1131591796875
2019-03-08,56.90999984741211,56.83000183105469,56.83000183105469,56.88999938964844,2100.0,54.160770416259766
2019-03-11,56.90999984741211,56.869998931884766,56.880001068115234,56.869998931884766,800.0,54.1417236328125
2019-03-12,57.0,56.900001525878906,56.900001525878906,57.0,700.0,54.26549530029297
2019-03-13,57.060001373291016,57.029998779296875,57.029998779296875,57.040000915527344,1400.0,54.303565979003906
2019-03-14,57.119998931884766,56.9900016784668,57.119998931884766,57.08000183105469,3900.0,54.34165954589844
2019-03-15,57.220001220703125,57.209999084472656,57.220001220703125,57.209999084472656,1300.0,54.46540451049805
2019-03-18,57.33000183105469,57.25,57.25,57.279998779296875,1600.0,54.53205490112305
2019-03-19,57.22999954223633,57.209999084472656,57.209999084472656,57.22999954223633,1800.0,54.484458923339844
2019-03-20,57.630001068115234,57.2400016784668,57.2400016784668,57.630001068115234,2500.0,54.86526870727539
2019-03-21,57.630001068115234,57.56999969482422,57.630001068115234,57.58000183105469,1600.0,54.817665100097656
2019-03-22,57.810001373291016,57.66999816894531,57.72999954223633,57.77000045776367,2000.0,54.99854278564453
2019-03-25,57.95000076293945,57.77000045776367,57.790000915527344,57.790000915527344,1800.0,55.0175895690918
2019-03-26,57.72999954223633,57.68000030517578,57.72999954223633,57.68000030517578,1000.0,54.91286849975586
2019-03-27,57.7400016784668,57.650001525878906,57.650001525878906,57.709999084472656,300.0,54.94143295288086
2019-03-28,57.720001220703125,57.68000030517578,57.68000030517578,57.720001220703125,600.0,54.950950622558594
2019-03-29,57.84000015258789,57.790000915527344,57.790000915527344,57.83000183105469,500.0,55.055667877197266
2019-04-01,57.70000076293945,57.529998779296875,57.70000076293945,57.59000015258789,1200.0,54.82718276977539
2019-04-02,57.650001525878906,57.63999938964844,57.63999938964844,57.650001525878906,300.0,54.88431930541992
2019-04-03,57.47999954223633,57.470001220703125,57.470001220703125,57.47999954223633,300.0,54.72246551513672
2019-04-04,57.52000045776367,57.5099983215332,57.52000045776367,57.5099983215332,800.0,54.75101852416992
2019-04-05,57.56999969482422,57.47999954223633,57.47999954223633,57.56999969482422,2000.0,54.80813980102539
2019-04-08,57.560001373291016,57.47999954223633,57.560001373291016,57.52000045776367,8400.0,54.76054382324219
2019-04-09,57.650001525878906,57.58000183105469,57.619998931884766,57.59000015258789,23400.0,54.82718276977539
2019-04-10,57.810001373291016,57.77000045776367,57.79999923706055,57.79999923706055,900.0,55.0271110534668
2019-04-11,57.72999954223633,57.65999984741211,57.709999084472656,57.65999984741211,1100.0,54.893821716308594
2019-04-12,57.599998474121094,57.54999923706055,57.59000015258789,57.560001373291016,600.0,54.79862594604492
2019-04-15,57.58000183105469,57.529998779296875,57.540000915527344,57.58000183105469,1700.0,54.817665100097656
2019-04-16,57.5,57.439998626708984,57.5,57.439998626708984,1000.0,54.684383392333984
2019-04-17,57.5099983215332,57.40999984741211,57.439998626708984,57.45000076293945,3000.0,54.69388961791992
2019-04-18,57.619998931884766,57.560001373291016,57.59000015258789,57.599998474121094,3600.0,54.836700439453125
2019-04-22,57.619998931884766,57.52000045776367,57.619998931884766,57.52000045776367,1700.0,54.76054382324219
2019-04-23,57.650001525878906,57.58000183105469,57.58000183105469,57.650001525878906,700.0,54.88431930541992
2019-04-24,57.88999938964844,57.88999938964844,57.88999938964844,57.88999938964844,400.0,55.11279296875
2019-04-25,57.90999984741211,57.900001525878906,57.900001525878906,57.90999984741211,200.0,55.13182830810547
2019-04-26,58.02000045776367,57.9900016784668,58.0,58.02000045776367,400.0,55.23654556274414
2019-04-29,57.93000030517578,57.83000183105469,57.93000030517578,57.869998931884766,2000.0,55.09375
2019-04-30,57.970001220703125,57.849998474121094,57.849998474121094,57.939998626708984,2100.0,55.16039276123047
2019-05-01,58.06999969482422,57.84000015258789,57.959999084472656,57.84000015258789,600.0,55.065185546875
2019-05-02,57.560001373291016,57.4900016784668,57.4900016784668,57.560001373291016,1700.0,54.79862594604492
2019-05-03,57.77000045776367,57.720001220703125,57.7400016784668,57.720001220703125,400.0,54.950950622558594
2019-05-06,57.84000015258789,57.79999923706055,57.79999923706055,57.84000015258789,400.0,55.065185546875
2019-05-07,57.939998626708984,57.869998931884766,57.939998626708984,57.869998931884766,500.0,55.09375
2019-05-08,57.79999923706055,57.7400016784668,57.790000915527344,57.7400016784668,10500.0,54.969993591308594
2019-05-09,57.81999969482422,57.81999969482422,57.81999969482422,57.81999969482422,100.0,55.04615020751953
2019-05-10,57.93000030517578,57.849998474121094,57.86000061035156,57.93000030517578,24400.0,55.15086364746094
2019-05-13,58.119998931884766,58.029998779296875,58.029998779296875,58.09000015258789,1700.0,55.303199768066406
2019-05-14,58.150001525878906,58.060001373291016,58.06999969482422,58.08000183105469,2000.0,55.29367446899414
2019-05-15,58.220001220703125,58.15999984741211,58.15999984741211,58.189998626708984,1400.0,55.39839553833008
2019-05-16,58.13999938964844,58.130001068115234,58.130001068115234,58.130001068115234,400.0,55.341278076171875
2019-05-17,58.16999816894531,58.04999923706055,58.15999984741211,58.08000183105469,1600.0,55.29367446899414
2019-05-20,58.099998474121094,57.9900016784668,58.099998474121094,57.9900016784668,10600.0,55.207984924316406
2019-05-21,58.040000915527344,57.970001220703125,58.040000915527344,58.0099983215332,11600.0,55.227020263671875
2019-05-22,58.08000183105469,58.0099983215332,58.08000183105469,58.040000915527344,700.0,55.255592346191406
2019-05-23,58.16999816894531,58.16999816894531,58.16999816894531,58.16999816894531,100.0,55.37934875488281
2019-05-24,58.2599983215332,58.209999084472656,58.209999084472656,58.2599983215332,300.0,55.46503829956055
2019-05-28,58.349998474121094,58.290000915527344,58.349998474121094,58.33000183105469,1300.0,55.531681060791016
2019-05-29,58.529998779296875,58.439998626708984,58.529998779296875,58.439998626708984,200.0,55.636409759521484
2019-05-30,58.61000061035156,58.47999954223633,58.47999954223633,58.61000061035156,2600.0,55.798248291015625
2019-05-31,59.0,58.849998474121094,58.849998474121094,59.0,300.0,56.16953659057617
2019-06-03,59.189998626708984,59.06999969482422,59.09000015258789,59.189998626708984,600.0,56.35042190551758
2019-06-04,59.08000183105469,58.9900016784668,59.0099983215332,59.08000183105469,1300.0,56.24571228027344
2019-06-05,59.15999984741211,59.06999969482422,59.15999984741211,59.099998474121094,1700.0,56.264739990234375
2019-06-06,59.060001373291016,59.029998779296875,59.060001373291016,59.029998779296875,1200.0,56.19810485839844
2019-06-07,59.2599983215332,59.16999816894531,59.22999954223633,59.2599983215332,19800.0,56.41706466674805
2019-06-10,59.119998931884766,58.93000030517578,59.119998931884766,58.959999084472656,1800.0,56.1314582824707
2019-06-11,58.880001068115234,58.869998931884766,58.869998931884766,58.880001068115234,500.0,56.05529022216797
2019-06-12,58.93000030517578,58.900001525878906,58.93000030517578,58.900001525878906,200.0,56.07433319091797
2019-06-13,59.0,58.91999816894531,58.9900016784668,58.91999816894531,14600.0,56.09337615966797
2019-06-14,58.93000030517578,58.77000045776367,58.93000030517578,58.77000045776367,400.0,55.9505729675293
2019-06-17,58.7599983215332,58.689998626708984,58.72999954223633,58.70000076293945,16900.0,55.88392639160156
2019-06-18,59.0099983215332,58.91999816894531,59.0,58.959999084472656,3000.0,56.1314582824707
2019-06-19,59.33000183105469,58.84000015258789,58.849998474121094,59.33000183105469,2300.0,56.483707427978516
2019-06-20,59.689998626708984,59.66999816894531,59.66999816894531,59.66999816894531,1500.0,56.80739212036133
2019-06-21,59.599998474121094,59.33000183105469,59.599998474121094,59.400001525878906,2000.0,56.550350189208984
2019-06-24,59.4900016784668,59.470001220703125,59.470001220703125,59.47999954223633,1400.0,56.626502990722656
2019-06-25,59.41999816894531,59.400001525878906,59.41999816894531,59.400001525878906,800.0,56.550350189208984
2019-06-26,59.33000183105469,59.33000183105469,59.33000183105469,59.33000183105469,300.0,56.483707427978516
2019-06-27,59.43000030517578,59.38999938964844,59.38999938964844,59.43000030517578,700.0,56.578914642333984
2019-06-28,59.439998626708984,59.43000030517578,59.43000030517578,59.439998626708984,500.0,56.58842849731445
2019-07-01,59.09000015258789,59.02000045776367,59.02000045776367,59.09000015258789,300.0,56.492828369140625
2019-07-02,59.150001525878906,59.060001373291016,59.060001373291016,59.150001525878906,1600.0,56.55018997192383
2019-07-03,59.34000015258789,59.29999923706055,59.34000015258789,59.29999923706055,300.0,56.693599700927734
2019-07-05,59.119998931884766,58.93000030517578,58.93000030517578,59.119998931884766,3500.0,56.52151107788086
2019-07-08,59.209999084472656,59.130001068115234,59.209999084472656,59.130001068115234,3600.0,56.53106689453125
2019-07-09,59.22999954223633,59.150001525878906,59.150001525878906,59.18000030517578,3000.0,56.57887649536133
2019-07-10,59.29999923706055,59.2400016784668,59.2400016784668,59.279998779296875,1700.0,56.67447280883789
2019-07-11,59.31999969482422,59.11000061035156,59.31999969482422,59.11000061035156,800.0,56.51195526123047
2019-07-12,59.18000030517578,59.06999969482422,59.06999969482422,59.18000030517578,300.0,56.57887649536133
2019-07-15,59.34000015258789,59.2400016784668,59.2400016784668,59.34000015258789,1500.0,56.731842041015625
2019-07-16,59.2599983215332,59.220001220703125,59.22999954223633,59.2599983215332,2800.0,56.65534973144531
2019-07-17,59.369998931884766,59.369998931884766,59.369998931884766,59.369998931884766,100.0,56.760520935058594
2019-07-18,59.4900016784668,59.290000915527344,59.290000915527344,59.4900016784668,2500.0,56.875247955322266
2019-07-19,59.38999938964844,59.38999938964844,59.38999938964844,59.38999938964844,200.0,56.779632568359375
2019-07-22,59.5,59.43000030517578,59.439998626708984,59.459999084472656,27400.0,56.8465690612793
2019-07-23,59.41999816894531,59.369998931884766,59.41999816894531,59.369998931884766,1400.0,56.760520935058594
2019-07-24,59.45000076293945,59.400001525878906,59.400001525878906,59.40999984741211,700.0,56.79875946044922
2019-07-25,59.33000183105469,59.310001373291016,59.31999969482422,59.33000183105469,700.0,56.72228240966797
2019-07-26,59.33000183105469,59.2599983215332,59.33000183105469,59.2599983215332,1000.0,56.65534973144531
2019-07-29,59.33000183105469,59.2400016784668,59.33000183105469,59.2400016784668,600.0,56.636234283447266
2019-07-30,59.34000015258789,59.33000183105469,59.34000015258789,59.33000183105469,300.0,56.72228240966797
2019-07-31,59.59000015258789,59.31999969482422,59.380001068115234,59.400001525878906,3900.0,56.78920364379883
2019-08-01,59.54999923706055,59.22999954223633,59.2400016784668,59.529998779296875,600.0,57.0383186340332
2019-08-02,59.59000015258789,59.47999954223633,59.5099983215332,59.59000015258789,900.0,57.09580993652344
2019-08-05,59.81999969482422,59.68000030517578,59.720001220703125,59.81999969482422,800.0,57.31617736816406
2019-08-06,60.02000045776367,59.75,59.75,60.02000045776367,5300.0,57.507808685302734
2019-08-07,60.36000061035156,60.08000183105469,60.310001373291016,60.08000183105469,1300.0,57.565303802490234
2019-08-08,60.209999084472656,60.02000045776367,60.02000045776367,60.209999084472656,1600.0,57.68986511230469
2019-08-09,60.33000183105469,60.13999938964844,60.290000915527344,60.13999938964844,700.0,57.62278747558594
2019-08-12,60.459999084472656,60.33000183105469,60.33000183105469,60.459999084472656,900.0,57.92938995361328
2019-08-13,60.31999969482422,60.279998779296875,60.279998779296875,60.290000915527344,3700.0,57.766510009765625
2019-08-14,60.5099983215332,60.459999084472656,60.5099983215332,60.459999084472656,900.0,57.92938995361328
2019-08-15,60.869998931884766,60.470001220703125,60.470001220703125,60.72999954223633,3500.0,58.18809127807617
2019-08-16,60.560001373291016,60.439998626708984,60.560001373291016,60.5099983215332,1100.0,57.9773063659668
2019-08-19,60.369998931884766,60.2599983215332,60.2599983215332,60.290000915527344,2700.0,57.766510009765625
2019-08-20,60.45000076293945,60.40999984741211,60.45000076293945,60.40999984741211,1800.0,57.88148498535156
2019-08-21,60.470001220703125,60.290000915527344,60.310001373291016,60.290000915527344,1000.0,57.766510009765625
2019-08-22,60.2400016784668,60.119998931884766,60.119998931884766,60.2400016784668,1500.0,57.718605041503906
2019-08-23,60.630001068115234,60.400001525878906,60.400001525878906,60.630001068115234,1600.0,58.09227752685547
2019-08-26,60.630001068115234,60.540000915527344,60.630001068115234,60.560001373291016,600.0,58.02520751953125
2019-08-27,60.86000061035156,60.61000061035156,60.61000061035156,60.86000061035156,3700.0,58.312644958496094
2019-08-28,61.060001373291016,60.97999954223633,61.0,60.97999954223633,1500.0,58.42761993408203
2019-08-29,61.04999923706055,60.880001068115234,60.880001068115234,61.029998779296875,3000.0,58.47553253173828
2019-08-30,60.97999954223633,60.79999923706055,60.97999954223633,60.79999923706055,1300.0,58.25516128540039
2019-09-03,60.93000030517578,60.66999816894531,60.93000030517578,60.66999816894531,900.0,58.159297943115234
2019-09-04,60.79999923706055,60.72999954223633,60.7400016784668,60.79999923706055,1100.0,58.28392791748047
2019-09-05,60.5,60.38999938964844,60.400001525878906,60.5,700.0,57.996334075927734
2019-09-06,60.56999969482422,60.459999084472656,60.459999084472656,60.560001373291016,1100.0,58.05384826660156
2019-09-09,60.31999969482422,60.2599983215332,60.2599983215332,60.310001373291016,2200.0,57.81419372558594
2019-09-10,60.310001373291016,59.93000030517578,60.310001373291016,59.93000030517578,2600.0,57.44992446899414
2019-09-11,59.849998474121094,59.81999969482422,59.81999969482422,59.849998474121094,200.0,57.373233795166016
2019-09-12,59.93000030517578,59.79999923706055,59.93000030517578,59.79999923706055,600.0,57.32530975341797
2019-09-13,59.630001068115234,59.439998626708984,59.630001068115234,59.439998626708984,700.0,56.98019790649414
2019-09-16,59.75,59.720001220703125,59.720001220703125,59.75,300.0,57.277374267578125
2019-09-17,59.88999938964844,59.86000061035156,59.88999938964844,59.869998931884766,400.0,57.39240646362305
2019-09-18,60.060001373291016,59.689998626708984,60.040000915527344,59.689998626708984,1600.0,57.219852447509766
2019-09-19,59.86000061035156,59.77000045776367,59.83000183105469,59.77000045776367,5900.0,57.296539306640625
2019-09-20,60.11000061035156,59.959999084472656,59.959999084472656,60.11000061035156,200.0,57.622474670410156
2019-09-23,60.310001373291016,60.18000030517578,60.27000045776367,60.20000076293945,2700.0,57.708744049072266
2019-09-24,60.36000061035156,60.279998779296875,60.279998779296875,60.36000061035156,1600.0,57.86213302612305
2019-09-25,60.20000076293945,60.029998779296875,60.20000076293945,60.04999923706055,1600.0,57.56495666503906
2019-09-26,60.150001525878906,60.060001373291016,60.13999938964844,60.060001373291016,5800.0,57.574546813964844
2019-09-27,59.959999084472656,59.959999084472656,59.959999084472656,59.959999084472656,0.0,57.47867965698242
2019-09-30,60.040000915527344,59.84000015258789,59.900001525878906,60.040000915527344,500.0,57.55536651611328
2019-10-01,59.939998626708984,59.779998779296875,59.779998779296875,59.939998626708984,1800.0,57.632293701171875
2019-10-02,60.040000915527344,59.9900016784668,60.040000915527344,59.9900016784668,900.0,57.68036651611328
2019-10-03,60.2599983215332,60.189998626708984,60.2599983215332,60.189998626708984,300.0,57.87266540527344
2019-10-04,60.40999984741211,60.220001220703125,60.220001220703125,60.38999938964844,3300.0,58.06496047973633
2019-10-07,60.349998474121094,60.220001220703125,60.349998474121094,60.220001220703125,1700.0,57.901512145996094
2019-10-08,60.34000015258789,60.13999938964844,60.34000015258789,60.13999938964844,3000.0,57.8245964050293
2019-10-09,60.09000015258789,59.93000030517578,60.029998779296875,59.97999954223633,2300.0,57.670753479003906
2019-10-10,59.900001525878906,59.77000045776367,59.900001525878906,59.779998779296875,1000.0,57.47844696044922
2019-10-11,59.70000076293945,59.63999938964844,59.70000076293945,59.63999938964844,6900.0,57.34383773803711
2019-10-14,59.86000061035156,59.599998474121094,59.599998474121094,59.7599983215332,2900.0,57.4592170715332
2019-10-15,59.70000076293945,59.4900016784668,59.70000076293945,59.4900016784668,2300.0,57.199615478515625
2019-10-16,59.70000076293945,59.459999084472656,59.459999084472656,59.61000061035156,1000.0,57.31499099731445
2019-10-17,59.70000076293945,59.56999969482422,59.599998474121094,59.70000076293945,1300.0,57.40153503417969
2019-10-18,59.75,59.70000076293945,59.70000076293945,59.75,900.0,57.449607849121094
2019-10-21,59.59000015258789,59.59000015258789,59.59000015258789,59.59000015258789,400.0,57.2957649230957
2019-10-22,59.7400016784668,59.68000030517578,59.7400016784668,59.7400016784668,700.0,57.43999481201172
2019-10-23,59.86000061035156,59.779998779296875,59.86000061035156,59.790000915527344,500.0,57.48807144165039
2019-10-24,59.880001068115234,59.79999923706055,59.880001068115234,59.79999923706055,500.0,57.497676849365234
2019-10-25,59.81999969482422,59.77000045776367,59.81999969482422,59.79999923706055,3100.0,57.497676849365234
2019-10-28,59.630001068115234,59.54999923706055,59.630001068115234,59.54999923706055,1400.0,57.25730895996094
2019-10-29,59.560001373291016,59.380001068115234,59.54999923706055,59.41999816894531,1900.0,57.13230514526367
2019-10-30,59.61000061035156,59.439998626708984,59.439998626708984,59.61000061035156,3700.0,57.31499099731445
2019-10-31,59.900001525878906,59.810001373291016,59.900001525878906,59.810001373291016,1500.0,57.507286071777344
2019-11-01,59.86000061035156,59.720001220703125,59.849998474121094,59.86000061035156,5100.0,57.6228141784668
2019-11-04,59.810001373291016,59.77000045776367,59.779998779296875,59.810001373291016,1300.0,57.57468032836914
2019-11-05,59.66999816894531,59.66999816894531,59.66999816894531,59.66999816894531,500.0,57.43991470336914
2019-11-06,59.84000015258789,59.79999923706055,59.79999923706055,59.84000015258789,900.0,57.60355758666992
2019-11-07,59.470001220703125,59.439998626708984,59.439998626708984,59.470001220703125,400.0,57.24738693237305
2019-11-08,59.47999954223633,59.38999938964844,59.400001525878906,59.47999954223633,3700.0,57.257015228271484
2019-11-11,59.5099983215332,59.33000183105469,59.5099983215332,59.470001220703125,1500.0,57.24738693237305
2019-11-12,59.58000183105469,59.470001220703125,59.5,59.5,1600.0,57.276268005371094
2019-11-13,59.560001373291016,59.529998779296875,59.529998779296875,59.540000915527344,1200.0,57.31476974487305
2019-11-14,59.66999816894531,59.650001525878906,59.650001525878906,59.66999816894531,600.0,57.43991470336914
2019-11-15,59.599998474121094,59.58000183105469,59.599998474121094,59.58000183105469,400.0,57.3532829284668
2019-11-18,59.75,59.61000061035156,59.61000061035156,59.720001220703125,1400.0,57.4880485534668
2019-11-19,59.869998931884766,59.83000183105469,59.83000183105469,59.84000015258789,600.0,57.60355758666992
2019-11-20,60.0099983215332,59.90999984741211,59.90999984741211,60.0099983215332,900.0,57.7672119140625
2019-11-21,59.93000030517578,59.90999984741211,59.90999984741211,59.91999816894531,800.0,57.68056106567383
2019-11-22,59.970001220703125,59.91999816894531,59.939998626708984,59.959999084472656,1600.0,57.71907424926758
2019-11-25,60.060001373291016,60.029998779296875,60.04999923706055,60.029998779296875,900.0,57.78645706176758
2019-11-26,60.15999984741211,60.119998931884766,60.13999938964844,60.15999984741211,1000.0,57.91160202026367
2019-11-27,60.099998474121094,60.040000915527344,60.09000015258789,60.040000915527344,900.0,57.79608917236328
2019-11-29,59.849998474121094,59.849998474121094,59.849998474121094,59.849998474121094,100.0,57.61317825317383
2019-12-02,59.66999816894531,59.58000183105469,59.58000183105469,59.66999816894531,2000.0,57.5553092956543
2019-12-03,60.13999938964844,59.869998931884766,59.869998931884766,60.11000061035156,2400.0,57.97972106933594
2019-12-04,60.040000915527344,59.970001220703125,60.040000915527344,60.02000045776367,1700.0,57.89291000366211
2019-12-05,59.97999954223633,59.900001525878906,59.97999954223633,59.93000030517578,1200.0,57.80609893798828
2019-12-06,59.869998931884766,59.83000183105469,59.84000015258789,59.869998931884766,1500.0,57.74822998046875
2019-12-09,59.90999984741211,59.88999938964844,59.900001525878906,59.88999938964844,1600.0,57.76750946044922
2019-12-10,59.900001525878906,59.84000015258789,59.900001525878906,59.900001525878906,2200.0,57.77716064453125
2019-12-11,60.09000015258789,59.9900016784668,59.9900016784668,60.09000015258789,1000.0,57.9604377746582
2019-12-12,60.099998474121094,59.689998626708984,60.099998474121094,59.77000045776367,2500.0,57.651771545410156
2019-12-13,60.04999923706055,60.0099983215332,60.029998779296875,60.04999923706055,1000.0,57.92184829711914
2019-12-16,59.970001220703125,59.88999938964844,59.970001220703125,59.88999938964844,2400.0,57.76750946044922
2019-12-17,59.970001220703125,59.939998626708984,59.939998626708984,59.970001220703125,1900.0,57.84467697143555
2019-12-18,60.0,59.88999938964844,59.959999084472656,59.88999938964844,1100.0,57.76750946044922
2019-12-19,60.02000045776367,60.0099983215332,60.02000045776367,60.02000045776367,1400.0,57.89291000366211
2019-12-20,60.0,59.959999084472656,60.0,59.970001220703125,2100.0,57.84467697143555
2019-12-23,59.86000061035156,59.86000061035156,59.86000061035156,59.86000061035156,700.0,57.73857879638672
2019-12-24,60.0,59.90999984741211,59.939998626708984,59.93000030517578,900.0,57.80609893798828
2019-12-26,59.9900016784668,59.939998626708984,59.959999084472656,59.9900016784668,1100.0,57.86397171020508
2019-12-27,60.029998779296875,59.97999954223633,59.97999954223633,59.9900016784668,1100.0,57.86397171020508
2019-12-30,59.810001373291016,59.66999816894531,59.66999816894531,59.810001373291016,2200.0,57.89300537109375
2019-12-31,59.869998931884766,59.70000076293945,59.70000076293945,59.869998931884766,1600.0,57.95109176635742
2020-01-02,60.08000183105469,59.970001220703125,59.970001220703125,60.08000183105469,2100.0,58.15435791015625
2020-01-03,60.349998474121094,60.29999923706055,60.29999923706055,60.349998474121094,3600.0,58.41570281982422
2020-01-06,60.40999984741211,60.20000076293945,60.40999984741211,60.20000076293945,4400.0,58.2705078125
2020-01-07,60.09000015258789,60.029998779296875,60.09000015258789,60.029998779296875,7200.0,58.105960845947266
2020-01-08,60.06999969482422,59.869998931884766,60.04999923706055,59.959999084472656,16300.0,58.03820037841797
2020-01-09,59.970001220703125,59.79999923706055,59.869998931884766,59.970001220703125,1400.0,58.04788589477539
2020-01-10,60.16999816894531,60.13999938964844,60.16999816894531,60.13999938964844,200.0,58.212440490722656
2020-01-13,60.13999938964844,60.040000915527344,60.06999969482422,60.119998931884766,2500.0,58.193077087402344
2020-01-14,60.2400016784668,60.16999816894531,60.16999816894531,60.2400016784668,1900.0,58.30922317504883
2020-01-15,60.31999969482422,60.27000045776367,60.27000045776367,60.29999923706055,2800.0,58.3673095703125
2020-01-16,60.279998779296875,60.18000030517578,60.279998779296875,60.20000076293945,5100.0,58.2705078125
2020-01-17,60.119998931884766,60.060001373291016,60.119998931884766,60.09000015258789,1100.0,58.164039611816406
2020-01-21,60.310001373291016,60.22999954223633,60.22999954223633,60.29999923706055,2500.0,58.3673095703125
2020-01-22,60.31999969482422,60.25,60.31999969482422,60.27000045776367,1300.0,58.33826446533203
2020-01-23,60.459999084472656,60.369998931884766,60.41999816894531,60.38999938964844,1500.0,58.45442199707031
2020-01-24,60.560001373291016,60.470001220703125,60.470001220703125,60.52000045776367,4100.0,58.580257415771484
2020-01-27,60.709999084472656,60.68000030517578,60.709999084472656,60.68000030517578,1700.0,58.73512649536133
2020-01-28,60.689998626708984,60.58000183105469,60.689998626708984,60.58000183105469,2300.0,58.638336181640625
2020-01-29,60.81999969482422,60.61000061035156,60.61000061035156,60.81999969482422,1800.0,58.870635986328125
2020-01-30,61.0099983215332,60.900001525878906,60.95000076293945,60.900001525878906,4600.0,58.94807815551758
2020-01-31,61.15999984741211,61.0,61.0,61.15999984741211,2300.0,59.199737548828125
2020-02-03,61.0,60.90999984741211,60.97999954223633,61.0,1700.0,59.04486846923828
2020-02-04,60.779998779296875,60.68000030517578,60.779998779296875,60.68000030517578,1100.0,58.73512649536133
2020-02-05,60.58000183105469,60.54999923706055,60.58000183105469,60.54999923706055,1600.0,58.60929489135742
2020-02-06,60.63999938964844,60.59000015258789,60.59000015258789,60.63999938964844,1000.0,58.696414947509766
2020-02-07,60.880001068115234,60.81999969482422,60.84000015258789,60.880001068115234,1100.0,58.9287109375
2020-02-10,61.02000045776367,60.970001220703125,60.970001220703125,60.970001220703125,2900.0,59.01583480834961
2020-02-11,60.83000183105469,60.790000915527344,60.810001373291016,60.790000915527344,2800.0,58.84160614013672
2020-02-12,60.75,60.650001525878906,60.650001525878906,60.7400016784668,3900.0,58.79320526123047
2020-02-13,60.86000061035156,60.79999923706055,60.84000015258789,60.84000015258789,3700.0,58.88999938964844
2020-02-14,60.959999084472656,60.88999938964844,60.959999084472656,60.900001525878906,400.0,58.94807815551758
2020-02-18,61.08000183105469,61.029998779296875,61.029998779296875,61.060001373291016,4200.0,59.10294723510742
2020-02-19,61.04999923706055,61.0,61.04999923706055,61.02000045776367,1800.0,59.06423568725586
2020-02-20,61.13999938964844,61.060001373291016,61.06999969482422,61.119998931884766,2400.0,59.16102600097656
2020-02-21,61.33000183105469,61.220001220703125,61.220001220703125,61.29999923706055,1600.0,59.33525466918945
2020-02-24,61.880001068115234,61.619998931884766,61.880001068115234,61.650001525878906,1800.0,59.674041748046875
2020-02-25,61.689998626708984,61.5099983215332,61.61000061035156,61.5099983215332,900.0,59.53852462768555
2020-02-26,61.47999954223633,61.45000076293945,61.459999084472656,61.47999954223633,1900.0,59.509490966796875
2020-02-27,61.72999954223633,61.560001373291016,61.650001525878906,61.65999984741211,1700.0,59.6837158203125
2020-02-28,61.970001220703125,61.79999923706055,61.79999923706055,61.83000183105469,1000.0,59.8482780456543
2020-03-02,61.9900016784668,61.68000030517578,61.849998474121094,61.779998779296875,9200.0,59.79986572265625
2020-03-03,62.65999984741211,61.41999816894531,61.900001525878906,62.459999084472656,19900.0,60.458072662353516
2020-03-04,62.61000061035156,62.40999984741211,62.61000061035156,62.43000030517578,2600.0,60.429039001464844
2020-03-05,62.810001373291016,62.650001525878906,62.72999954223633,62.70000076293945,8800.0,60.69038772583008
2020-03-06,63.2400016784668,62.95000076293945,63.2400016784668,63.04999923706055,2200.0,61.02916717529297
2020-03-09,63.61000061035156,61.4900016784668,63.61000061035156,62.22999954223633,18300.0,60.23544692993164
2020-03-10,62.20000076293945,60.849998474121094,62.20000076293945,60.970001220703125,13400.0,59.01583480834961
2020-03-11,60.58000183105469,58.7599983215332,60.5,59.060001373291016,21000.0,57.16705322265625
2020-03-12,60.95000076293945,57.0,58.7599983215332,58.16999816894531,107400.0,56.30557632446289
2020-03-13,59.47999954223633,57.880001068115234,57.9900016784668,58.790000915527344,8200.0,56.90570831298828
2020-03-16,58.630001068115234,57.9900016784668,58.33000183105469,58.41999816894531,7200.0,56.54756164550781
2020-03-17,58.86000061035156,56.77000045776367,57.689998626708984,56.83000183105469,50600.0,55.00852966308594
2020-03-18,57.75,55.599998474121094,57.27000045776367,56.439998626708984,15800.0,54.63102340698242
2020-03-19,57.13999938964844,55.79999923706055,55.79999923706055,56.880001068115234,18200.0,55.056922912597656
2020-03-20,59.40999984741211,56.470001220703125,56.470001220703125,59.40999984741211,12400.0,57.505836486816406
2020-03-23,60.619998931884766,59.529998779296875,59.619998931884766,60.47999954223633,7600.0,58.541534423828125
2020-03-24,61.380001068115234,60.54999923706055,60.56999969482422,61.060001373291016,7900.0,59.10294723510742
2020-03-25,61.459999084472656,61.02000045776367,61.02000045776367,61.220001220703125,7600.0,59.25782012939453
2020-03-26,62.650001525878906,61.220001220703125,62.279998779296875,61.5099983215332,9200.0,59.53852462768555
2020-03-27,62.290000915527344,60.939998626708984,62.290000915527344,61.529998779296875,8900.0,59.55788803100586
2020-03-30,62.099998474121094,60.84000015258789,60.869998931884766,61.150001525878906,3200.0,59.190059661865234
2020-03-31,61.25,60.439998626708984,61.119998931884766,60.83000183105469,9400.0,58.88032150268555
2020-04-01,60.959999084472656,60.099998474121094,60.099998474121094,60.959999084472656,2800.0,59.16176223754883
2020-04-02,61.959999084472656,60.83000183105469,60.83000183105469,61.7599983215332,3000.0,59.93816375732422
2020-04-03,62.619998931884766,62.119998931884766,62.619998931884766,62.349998474121094,9100.0,60.51076126098633
2020-04-06,62.560001373291016,61.959999084472656,61.959999084472656,62.529998779296875,13900.0,60.68545150756836
2020-04-07,62.77000045776367,62.13999938964844,62.77000045776367,62.15999984741211,10500.0,60.32636642456055
2020-04-08,62.34000015258789,61.900001525878906,62.34000015258789,62.09000015258789,4500.0,60.25843048095703
2020-04-09,62.77000045776367,62.2599983215332,62.459999084472656,62.52000045776367,15300.0,60.67574691772461
2020-04-13,62.900001525878906,62.22999954223633,62.22999954223633,62.599998474121094,8400.0,60.75338363647461
2020-04-14,63.040000915527344,62.4900016784668,63.040000915527344,62.72999954223633,6000.0,60.879554748535156
2020-04-15,63.15999984741211,62.58000183105469,62.58000183105469,62.7400016784668,8200.0,60.889259338378906
2020-04-16,63.209999084472656,62.02000045776367,63.209999084472656,62.27000045776367,5900.0,60.433128356933594
2020-04-17,62.41999816894531,62.0099983215332,62.38999938964844,62.08000183105469,2300.0,60.24872970581055
2020-04-20,62.02000045776367,61.709999084472656,61.810001373291016,61.83000183105469,7900.0,60.006107330322266
2020-04-21,62.18000030517578,61.95000076293945,62.04999923706055,62.119998931884766,5100.0,60.28754806518555
2020-04-22,62.54999923706055,62.04999923706055,62.220001220703125,62.400001525878906,16400.0,60.559288024902344
2020-04-23,62.630001068115234,62.43000030517578,62.619998931884766,62.47999954223633,7800.0,60.63692855834961
2020-04-24,62.86000061035156,62.4900016784668,62.79999923706055,62.84000015258789,4900.0,60.986305236816406
2020-04-27,63.02000045776367,62.59000015258789,63.02000045776367,62.81999969482422,2600.0,60.966896057128906
2020-04-28,63.16999816894531,62.77000045776367,63.16999816894531,62.95000076293945,4500.0,61.09307098388672
2020-04-29,63.0,62.70000076293945,63.0,62.849998474121094,13200.0,60.996009826660156
2020-04-30,62.90999984741211,62.34000015258789,62.529998779296875,62.41999816894531,7600.0,60.57870101928711
2020-05-01,62.189998626708984,62.0099983215332,62.0099983215332,62.06999969482422,7700.0,60.384132385253906
2020-05-04,62.349998474121094,62.029998779296875,62.029998779296875,62.2599983215332,1100.0,60.5689697265625
2020-05-05,62.45000076293945,62.16999816894531,62.2599983215332,62.31999969482422,2700.0,60.62733840942383
2020-05-06,62.34000015258789,62.0099983215332,62.34000015258789,62.029998779296875,4300.0,60.34521484375
2020-05-07,62.41999816894531,62.060001373291016,62.18000030517578,62.41999816894531,2500.0,60.7246208190918
2020-05-08,62.470001220703125,62.20000076293945,62.279998779296875,62.380001068115234,5500.0,60.68571090698242
2020-05-11,62.27000045776367,62.060001373291016,62.27000045776367,62.20000076293945,9200.0,60.510597229003906
2020-05-12,62.2599983215332,62.040000915527344,62.099998474121094,62.099998474121094,3600.0,60.41331481933594
2020-05-13,62.439998626708984,62.25,62.349998474121094,62.43000030517578,54900.0,60.73435592651367
2020-05-14,62.470001220703125,62.290000915527344,62.470001220703125,62.400001525878906,10400.0,60.705169677734375
2020-05-15,62.459999084472656,62.369998931884766,62.369998931884766,62.439998626708984,800.0,60.74407958984375
2020-05-18,62.7599983215332,62.369998931884766,62.7599983215332,62.52000045776367,7100.0,60.82190704345703
2020-05-19,62.52000045776367,62.38999938964844,62.52000045776367,62.41999816894531,1700.0,60.7246208190918
2020-05-20,62.68000030517578,62.41999816894531,62.41999816894531,62.59000015258789,14800.0,60.89000701904297
2020-05-21,62.65999984741211,62.470001220703125,62.56999969482422,62.560001373291016,2100.0,60.86082077026367
2020-05-22,62.54999923706055,62.38999938964844,62.5,62.54999923706055,7700.0,60.85109329223633
2020-05-26,62.5,62.310001373291016,62.5,62.349998474121094,16900.0,60.656524658203125
2020-05-27,62.529998779296875,62.15999984741211,62.15999984741211,62.290000915527344,3800.0,60.5981559753418
2020-05-28,62.619998931884766,62.349998474121094,62.349998474121094,62.52000045776367,3100.0,60.82190704345703
2020-05-29,62.7400016784668,62.5,62.7400016784668,62.599998474121094,3800.0,60.89973449707031
2020-06-01,62.66999816894531,62.61000061035156,62.61000061035156,62.619998931884766,6400.0,60.919193267822266
2020-06-02,62.560001373291016,62.47999954223633,62.54999923706055,62.4900016784668,900.0,60.792724609375
2020-06-03,62.41999816894531,62.16999816894531,62.34000015258789,62.27000045776367,30300.0,60.57870101928711
2020-06-04,62.25,62.08000183105469,62.11000061035156,62.08000183105469,6900.0,60.39385986328125
2020-06-05,62.04999923706055,61.77000045776367,61.77000045776367,62.0,4200.0,60.31603240966797
2020-06-08,62.18000030517578,61.970001220703125,62.09000015258789,62.08000183105469,2300.0,60.39385986328125
2020-06-09,62.58000183105469,62.29999923706055,62.34000015258789,62.29999923706055,7100.0,60.60788345336914
2020-06-10,62.7400016784668,62.5099983215332,62.540000915527344,62.72999954223633,2100.0,61.02620315551758
2020-06-11,62.9900016784668,62.779998779296875,62.9900016784668,62.849998474121094,1700.0,61.142948150634766
2020-06-12,62.75,62.599998474121094,62.75,62.619998931884766,3400.0,60.919193267822266
2020-06-15,62.720001220703125,62.56999969482422,62.720001220703125,62.65999984741211,2400.0,60.95810317993164
2020-06-16,62.650001525878906,62.45000076293945,62.650001525878906,62.599998474121094,14500.0,60.89973449707031
2020-06-17,62.630001068115234,62.4900016784668,62.529998779296875,62.560001373291016,4900.0,60.86082077026367
2020-06-18,62.880001068115234,62.720001220703125,62.810001373291016,62.869998931884766,5500.0,61.16239929199219
2020-06-19,62.9900016784668,62.83000183105469,62.90999984741211,62.93000030517578,10600.0,61.22077178955078
2020-06-22,63.15999984741211,62.97999954223633,63.06999969482422,63.11000061035156,13400.0,61.39588165283203
2020-06-23,63.25,63.15999984741211,63.18000030517578,63.189998626708984,2500.0,61.47370910644531
2020-06-24,63.25,63.040000915527344,63.25,63.15999984741211,24500.0,61.44453048706055
2020-06-25,63.2599983215332,63.150001525878906,63.150001525878906,63.20000076293945,1700.0,61.48343276977539
2020-06-26,63.29999923706055,63.22999954223633,63.22999954223633,63.27000045776367,600.0,61.551536560058594
2020-06-29,63.40999984741211,63.29999923706055,63.40999984741211,63.31999969482422,1600.0,61.60017776489258
2020-06-30,63.43000030517578,63.18000030517578,63.40999984741211,63.20000076293945,11300.0,61.48343276977539
2020-07-01,63.2599983215332,63.119998931884766,63.220001220703125,63.220001220703125,8100.0,61.502899169921875
2020-07-02,63.689998626708984,63.2400016784668,63.25,63.5,20100.0,61.77528762817383
2020-07-06,63.560001373291016,63.369998931884766,63.380001068115234,63.54999923706055,9000.0,61.82392883300781
2020-07-07,63.619998931884766,63.47999954223633,63.61000061035156,63.619998931884766,2900.0,61.89202880859375
2020-07-08,63.65999984741211,63.5099983215332,63.52000045776367,63.52000045776367,3100.0,61.79474639892578
2020-07-09,63.650001525878906,63.5,63.599998474121094,63.650001525878906,3900.0,61.92122268676758
2020-07-10,63.68000030517578,63.599998474121094,63.68000030517578,63.599998474121094,1000.0,61.87257385253906
2020-07-13,63.70000076293945,63.599998474121094,63.68000030517578,63.68000030517578,4200.0,61.95040512084961
2020-07-14,63.880001068115234,63.7400016784668,63.810001373291016,63.77000045776367,4400.0,62.037960052490234
2020-07-15,63.779998779296875,63.630001068115234,63.66999816894531,63.709999084472656,5800.0,61.979583740234375
2020-07-16,63.95000076293945,63.790000915527344,63.95000076293945,63.83000183105469,6900.0,62.0963249206543
2020-07-17,63.9900016784668,63.900001525878906,63.9900016784668,63.939998626708984,3600.0,62.203338623046875
2020-07-20,64.25,64.0,64.25,64.06999969482422,7400.0,62.329803466796875
2020-07-21,64.23999786376953,64.05999755859375,64.22000122070312,64.19999694824219,9500.0,62.45627212524414
2020-07-22,64.38999938964844,64.25,64.37000274658203,64.25,3900.0,62.504920959472656
2020-07-23,64.45999908447266,64.19999694824219,64.33000183105469,64.25,6800.0,62.504920959472656
2020-07-24,64.29000091552734,64.2300033569336,64.2300033569336,64.29000091552734,1400.0,62.5438346862793
2020-07-27,64.41000366210938,64.26000213623047,64.41000366210938,64.2699966430664,1700.0,62.52437210083008
2020-07-28,64.41999816894531,64.2699966430664,64.2699966430664,64.38999938964844,2200.0,62.641117095947266
2020-07-29,64.55000305175781,64.4000015258789,64.44999694824219,64.54000091552734,9700.0,62.787044525146484
2020-07-30,64.6500015258789,64.54000091552734,64.6500015258789,64.58000183105469,169100.0,62.82596206665039
2020-07-31,64.80999755859375,64.58000183105469,64.5999984741211,64.80999755859375,4300.0,63.04971694946289
2020-08-03,64.9000015258789,64.7300033569336,64.7300033569336,64.87999725341797,13700.0,63.11780548095703
2020-08-04,65.08999633789062,64.9800033569336,65.08999633789062,64.98999786376953,6600.0,63.22482681274414
2020-08-05,65.0999984741211,64.98999786376953,64.98999786376953,65.04000091552734,7500.0,63.27345657348633
2020-08-06,65.37000274658203,65.12999725341797,65.25,65.13999938964844,28100.0,63.37074279785156
2020-08-07,65.19999694824219,64.93000030517578,65.18000030517578,64.9800033569336,26500.0,63.21510314941406
2020-08-10,65.05000305175781,64.86000061035156,65.05000305175781,64.86000061035156,6600.0,63.09834671020508
2020-08-11,64.75,64.63999938964844,64.75,64.7300033569336,4600.0,62.971885681152344
2020-08-12,64.7300033569336,64.5999984741211,64.7300033569336,64.68000030517578,7000.0,62.923240661621094
2020-08-13,64.83000183105469,64.52999877929688,64.72000122070312,64.55999755859375,14400.0,62.806495666503906
2020-08-14,64.5999984741211,64.44000244140625,64.55000305175781,64.45999908447266,12400.0,62.7092170715332
2020-08-17,64.62000274658203,64.52999877929688,64.55000305175781,64.55999755859375,1900.0,62.806495666503906
2020-08-18,64.88999938964844,64.61000061035156,64.61000061035156,64.83999633789062,11100.0,63.07889175415039
2020-08-19,65.55000305175781,64.66000366210938,65.55000305175781,64.66000366210938,78900.0,62.90378189086914
2020-08-20,64.7699966430664,64.5,64.69000244140625,64.61000061035156,2800.0,62.85514831542969
2020-08-21,64.8499984741211,64.6500015258789,64.6500015258789,64.83999633789062,16600.0,63.07889175415039
2020-08-24,65.06999969482422,64.95999908447266,65.02999877929688,64.95999908447266,15400.0,63.19562911987305
2020-08-25,64.9800033569336,64.76000213623047,64.93000030517578,64.94999694824219,9300.0,63.18589782714844
2020-08-26,65.11000061035156,64.91999816894531,64.9800033569336,65.08000183105469,18100.0,63.3123779296875
2020-08-27,64.87999725341797,64.76000213623047,64.87999725341797,64.77999877929688,75900.0,63.02053451538086
2020-08-28,65.11000061035156,64.91999816894531,64.93000030517578,64.97000122070312,23500.0,63.20536804199219
2020-08-31,65.31999969482422,65.16999816894531,65.16999816894531,65.30000305175781,6600.0,63.52640914916992
2020-09-01,65.26000213623047,65.06999969482422,65.08000183105469,65.1500015258789,9600.0,63.584957122802734
2020-09-02,65.29000091552734,65.12000274658203,65.27999877929688,65.22000122070312,12900.0,63.65327072143555
2020-09-03,65.13999938964844,64.93000030517578,65.05000305175781,64.93000030517578,3600.0,63.3702392578125
2020-09-04,64.94999694824219,64.69000244140625,64.94999694824219,64.76000213623047,7400.0,63.20433807373047
2020-09-08,64.91000366210938,64.80000305175781,64.83999633789062,64.83000183105469,7100.0,63.272647857666016
2020-09-09,64.91999816894531,64.79000091552734,64.88999938964844,64.83999633789062,18800.0,63.282405853271484
2020-09-10,64.91000366210938,64.77999877929688,64.77999877929688,64.91000366210938,5400.0,63.3507194519043
2020-09-11,64.97000122070312,64.83000183105469,64.93000030517578,64.87000274658203,3400.0,63.31169128417969
2020-09-14,64.91000366210938,64.79000091552734,64.91000366210938,64.80000305175781,50700.0,63.24337387084961
2020-09-15,64.88999938964844,64.81999969482422,64.81999969482422,64.87000274658203,10300.0,63.31169128417969
2020-09-16,65.01000213623047,64.8499984741211,64.95999908447266,64.88999938964844,10400.0,63.331207275390625
2020-09-17,64.93000030517578,64.80000305175781,64.93000030517578,64.88999938964844,38700.0,63.331207275390625
2020-09-18,64.91000366210938,64.8499984741211,64.91000366210938,64.86000061035156,3800.0,63.30192565917969
2020-09-21,64.88999938964844,64.72000122070312,64.88999938964844,64.75,7400.0,63.19456481933594
2020-09-22,64.77999877929688,64.68000030517578,64.7699966430664,64.72000122070312,4700.0,63.165283203125
2020-09-23,64.79000091552734,64.63999938964844,64.79000091552734,64.7300033569336,6300.0,63.175052642822266
2020-09-24,64.73999786376953,64.69999694824219,64.70999908447266,64.70999908447266,3400.0,63.1555290222168
2020-09-25,64.81999969482422,64.69000244140625,64.69000244140625,64.80999755859375,3600.0,63.25313186645508
2020-09-28,64.94999694824219,64.8499984741211,64.88999938964844,64.93000030517578,9500.0,63.3702392578125
2020-09-29,65.12000274658203,65.0199966430664,65.02999877929688,65.04000091552734,28800.0,63.477596282958984
2020-09-30,65.02999877929688,64.86000061035156,64.98999786376953,64.86000061035156,7900.0,63.30192565917969
2020-10-01,64.7300033569336,64.56999969482422,64.56999969482422,64.69999694824219,3300.0,63.38028335571289
2020-10-02,64.68000030517578,64.61000061035156,64.66999816894531,64.63999938964844,7500.0,63.3215217590332
2020-10-05,64.5999984741211,64.41999816894531,64.58000183105469,64.44000244140625,7600.0,63.12560272216797
2020-10-06,64.5199966430664,64.3499984741211,64.4800033569336,64.47000122070312,7100.0,63.15497589111328
2020-10-07,64.4800033569336,64.37999725341797,64.41999816894531,64.41999816894531,12100.0,63.10600662231445
2020-10-08,64.68000030517578,64.52999877929688,64.52999877929688,64.68000030517578,4500.0,63.36069869995117
2020-10-09,64.70999908447266,64.5999984741211,64.61000061035156,64.62999725341797,3300.0,63.31172180175781
2020-10-12,64.83000183105469,64.63999938964844,64.7300033569336,64.68000030517578,4200.0,63.36069869995117
2020-10-13,64.8499984741211,64.79000091552734,64.80999755859375,64.80999755859375,1600.0,63.48805236816406
2020-10-14,64.86000061035156,64.7300033569336,64.86000061035156,64.77999877929688,13100.0,63.45866775512695
2020-10-15,64.88999938964844,64.72000122070312,64.88999938964844,64.7699966430664,36400.0,63.44886779785156
2020-10-16,64.94999694824219,64.72000122070312,64.8499984741211,64.79000091552734,65100.0,63.468467712402344
2020-10-19,64.77999877929688,64.52999877929688,64.77999877929688,64.6500015258789,19700.0,63.3313102722168
2020-10-20,64.83999633789062,64.5199966430664,64.83999633789062,64.55999755859375,68500.0,63.24314498901367
2020-10-21,64.6500015258789,64.43000030517578,64.6500015258789,64.5199966430664,30100.0,63.20396041870117
2020-10-22,64.6500015258789,64.30000305175781,64.47000122070312,64.5,13200.0,63.18437194824219
2020-10-23,64.55000305175781,64.37000274658203,64.41999816894531,64.44999694824219,3300.0,63.1353874206543
2020-10-26,64.56999969482422,64.54000091552734,64.56999969482422,64.54000091552734,1800.0,63.22355651855469
2020-10-27,64.73999786376953,64.68000030517578,64.69999694824219,64.72000122070312,5300.0,63.399879455566406
2020-10-28,64.6500015258789,64.48999786376953,64.61000061035156,64.51000213623047,4800.0,63.19416809082031
2020-10-29,64.62000274658203,64.3499984741211,64.58999633789062,64.37999725341797,8000.0,63.066810607910156
2020-10-30,64.37000274658203,64.06999969482422,64.37000274658203,64.27999877929688,10400.0,62.9688606262207
2020-11-02,64.37000274658203,64.19000244140625,64.19000244140625,64.29000091552734,1000.0,63.12595748901367
2020-11-03,64.23999786376953,63.9900016784668,64.22000122070312,64.12000274658203,10400.0,62.95903778076172
2020-11-04,64.54000091552734,64.26000213623047,64.27999877929688,64.36000061035156,5700.0,63.19469451904297
2020-11-05,64.4000015258789,64.20999908447266,64.4000015258789,64.37999725341797,5900.0,63.21432876586914
2020-11-06,64.31999969482422,64.02999877929688,64.22000122070312,64.08000183105469,7600.0,62.919761657714844
2020-11-09,64.0,63.65999984741211,64.0,63.79999923706055,11100.0,62.64482879638672
2020-11-10,64.16999816894531,63.81999969482422,64.16999816894531,63.970001220703125,5800.0,62.8117561340332
2020-11-11,64.26000213623047,63.970001220703125,64.20999908447266,63.970001220703125,4200.0,62.8117561340332
2020-11-12,64.27999877929688,64.18000030517578,64.2300033569336,64.2300033569336,3200.0,63.067047119140625
2020-11-13,64.33000183105469,64.2300033569336,64.33000183105469,64.29000091552734,2800.0,63.12595748901367
2020-11-16,64.38999938964844,64.12999725341797,64.38999938964844,64.22000122070312,6300.0,63.05722427368164
2020-11-17,64.37000274658203,64.19000244140625,64.22000122070312,64.20999908447266,6300.0,63.04740524291992
2020-11-18,64.37000274658203,64.19999694824219,64.25,64.33999633789062,5000.0,63.175052642822266
2020-11-19,64.54000091552734,64.13999938964844,64.3499984741211,64.44000244140625,8400.0,63.27324295043945
2020-11-20,64.55000305175781,64.4000015258789,64.5,64.52999877929688,6800.0,63.36161422729492
2020-11-23,64.55000305175781,64.20999908447266,64.45999908447266,64.44000244140625,6700.0,63.27324295043945
2020-11-24,64.38999938964844,64.33000183105469,64.37999725341797,64.3499984741211,700.0,63.18486785888672
2020-11-25,64.66999816894531,64.2699966430664,64.58000183105469,64.5,5800.0,63.3321533203125
2020-11-27,64.75,64.66000366210938,64.66000366210938,64.66000366210938,1800.0,63.48927307128906
2020-11-30,64.94999694824219,64.80000305175781,64.80000305175781,64.80999755859375,1400.0,63.63654708862305
2020-12-01,64.8499984741211,64.51000213623047,64.72000122070312,64.58000183105469,39700.0,63.45966339111328
2020-12-02,64.66000366210938,64.43000030517578,64.55000305175781,64.55999755859375,32500.0,63.44001007080078
2020-12-03,64.79000091552734,64.7699966430664,64.7699966430664,64.79000091552734,3200.0,63.666019439697266
2020-12-04,64.80000305175781,64.5,64.66999816894531,64.6500015258789,8500.0,63.52845764160156
2020-12-07,65.0,64.80999755859375,64.9000015258789,64.9000015258789,7600.0,63.77412033081055
2020-12-08,65.08000183105469,64.7699966430664,65.0,64.93000030517578,18000.0,63.80359649658203
2020-12-09,65.02999877929688,64.88999938964844,65.02999877929688,64.94999694824219,4000.0,63.823246002197266
2020-12-10,65.12000274658203,64.91000366210938,65.0,65.0,1800.0,63.872379302978516
2020-12-11,65.19999694824219,65.01000213623047,65.1500015258789,65.0999984741211,8600.0,63.97064971923828
2020-12-14,65.18000030517578,64.98999786376953,64.98999786376953,65.08999633789062,9800.0,63.960811614990234
2020-12-15,65.23999786376953,65.06999969482422,65.06999969482422,65.08000183105469,11000.0,63.950992584228516
2020-12-16,65.19999694824219,65.02999877929688,65.11000061035156,65.12000274658203,19800.0,63.990299224853516
2020-12-17,65.37000274658203,65.19999694824219,65.36000061035156,65.2699966430664,17900.0,64.13768768310547
2020-12-18,65.30999755859375,65.19999694824219,65.27999877929688,65.22000122070312,5900.0,64.08856964111328
2020-12-21,65.36000061035156,65.18000030517578,65.18000030517578,65.30000305175781,3700.0,64.16718292236328
2020-12-22,65.36000061035156,65.2300033569336,65.26000213623047,65.25,15700.0,64.1180419921875
2020-12-23,65.2699966430664,65.16000366210938,65.19999694824219,65.22000122070312,4700.0,64.08856964111328
2020-12-24,65.33000183105469,65.19000244140625,65.31999969482422,65.29000091552734,2200.0,64.1573486328125
2020-12-28,65.30000305175781,65.25,65.30000305175781,65.30000305175781,2500.0,64.16718292236328
2020-12-29,65.30999755859375,65.23999786376953,65.23999786376953,65.30000305175781,7000.0,64.16718292236328
2020-12-30,65.36000061035156,65.13999938964844,65.2699966430664,65.20999908447266,7100.0,64.0787353515625
2020-12-31,65.5999984741211,65.36000061035156,65.36000061035156,65.44999694824219,7600.0,64.3145751953125
2021-01-04,65.69000244140625,65.41999816894531,65.41999816894531,65.58000183105469,17300.0,64.44232177734375
2021-01-05,65.72000122070312,65.5199966430664,65.56999969482422,65.61000061035156,68500.0,64.4718017578125
2021-01-06,65.55999755859375,65.16000366210938,65.37000274658203,65.31999969482422,15400.0,64.18682098388672
2021-01-07,65.41000366210938,65.1500015258789,65.27999877929688,65.29000091552734,11000.0,64.1573486328125
2021-01-08,65.30000305175781,64.88999938964844,65.22000122070312,64.9800033569336,14100.0,63.85273742675781
2021-01-11,65.05999755859375,64.77999877929688,64.8499984741211,64.91000366210938,38500.0,63.7839469909668
2021-01-12,65.12000274658203,64.83000183105469,64.9800033569336,64.97000122070312,5900.0,63.84290313720703
2021-01-13,65.25,65.0199966430664,65.0199966430664,65.23999786376953,7300.0,64.10820770263672
2021-01-14,65.31999969482422,65.12999725341797,65.16999816894531,65.16999816894531,281200.0,64.03943634033203
2021-01-15,65.37999725341797,65.05000305175781,65.26000213623047,65.26000213623047,24400.0,64.12787628173828
2021-01-19,65.44999694824219,65.1500015258789,65.31999969482422,65.43000030517578,39900.0,64.29491424560547
2021-01-20,65.55999755859375,65.36000061035156,65.5,65.54000091552734,62700.0,64.40301513671875
2021-01-21,65.6500015258789,65.41999816894531,65.45999908447266,65.58000183105469,14100.0,64.44232177734375
2021-01-22,65.80999755859375,65.58999633789062,65.80999755859375,65.66999816894531,22000.0,64.53074645996094
2021-01-25,65.86000061035156,65.61000061035156,65.66999816894531,65.72000122070312,14600.0,64.57988739013672
2021-01-26,65.80000305175781,65.5,65.80000305175781,65.63999938964844,17100.0,64.50127410888672
2021-01-27,65.8499984741211,65.5199966430664,65.66999816894531,65.6500015258789,36800.0,64.51110076904297
2021-01-28,65.7699966430664,65.4800033569336,65.70999908447266,65.7699966430664,10900.0,64.62901306152344
2021-01-29,65.88999938964844,65.5199966430664,65.76000213623047,65.63999938964844,28800.0,64.50127410888672
2021-02-01,65.75,65.54000091552734,65.55999755859375,65.55999755859375,10700.0,64.42266082763672
2021-02-02,65.70999908447266,65.37999725341797,65.44000244140625,65.6500015258789,41700.0,64.51110076904297
2021-02-03,65.73999786376953,65.55999755859375,65.55999755859375,65.61000061035156,12500.0,64.4718017578125
2021-02-04,65.68000030517578,65.41999816894531,65.44999694824219,65.51000213623047,16400.0,64.37352752685547
2021-02-05,65.58000183105469,65.37000274658203,65.48999786376953,65.51000213623047,16600.0,64.37352752685547
2021-02-08,65.68000030517578,65.36000061035156,65.68000030517578,65.52999877929688,18100.0,64.3931884765625
2021-02-09,65.81999969482422,65.47000122070312,65.81999969482422,65.58000183105469,21200.0,64.44232177734375
2021-02-10,65.73999786376953,65.58000183105469,65.58000183105469,65.62999725341797,16800.0,64.49143981933594
2021-02-11,65.69000244140625,65.5,65.6500015258789,65.52999877929688,9600.0,64.3931884765625
2021-02-12,65.72000122070312,65.38999938964844,65.45999908447266,65.4000015258789,11600.0,64.26544189453125
2021-02-16,65.41999816894531,65.06999969482422,65.2699966430664,65.0999984741211,17000.0,63.97064971923828
2021-02-17,65.27999877929688,64.94000244140625,65.18000030517578,65.06999969482422,31200.0,63.941165924072266
2021-02-18,65.05999755859375,64.75,64.94999694824219,64.7699966430664,10800.0,63.646366119384766
2021-02-19,64.72000122070312,64.2699966430664,64.66000366210938,64.45999908447266,16400.0,63.34175109863281
2021-02-22,64.55000305175781,64.44000244140625,64.44999694824219,64.4800033569336,6800.0,63.36140823364258
2021-02-23,64.68000030517578,64.36000061035156,64.4800033569336,64.45999908447266,15500.0,63.34175109863281
2021-02-24,64.5199966430664,64.26000213623047,64.33999633789062,64.44999694824219,26100.0,63.3319206237793
2021-02-25,64.22000122070312,63.45000076293945,64.22000122070312,63.560001373291016,173700.0,62.457359313964844
2021-02-26,64.30999755859375,63.630001068115234,63.779998779296875,64.30999755859375,18000.0,63.19434356689453
2021-03-01,64.41000366210938,64.11000061035156,64.29000091552734,64.18000030517578,9300.0,63.06660842895508
2021-03-02,64.51000213623047,64.01000213623047,64.1500015258789,64.44000244140625,116000.0,63.32209396362305
2021-03-03,64.4800033569336,64.16999816894531,64.30000305175781,64.33000183105469,7400.0,63.2140007019043
2021-03-04,64.54000091552734,63.869998931884766,64.31999969482422,64.0199966430664,13600.0,62.90937805175781
2021-03-05,64.06999969482422,63.959999084472656,63.959999084472656,64.05999755859375,2000.0,62.94868469238281
2021-03-08,64.12999725341797,63.77000045776367,64.12999725341797,63.79999923706055,6500.0,62.69319534301758
2021-03-09,64.19000244140625,63.95000076293945,64.06999969482422,64.1500015258789,69400.0,63.03712844848633
2021-03-10,64.5,64.22000122070312,64.2300033569336,64.4800033569336,72400.0,63.36140823364258
2021-03-11,64.58000183105469,64.37000274658203,64.51000213623047,64.51000213623047,37300.0,63.39088439941406
2021-03-12,64.13999938964844,63.869998931884766,64.12999725341797,63.970001220703125,8400.0,62.860252380371094
2021-03-15,64.18000030517578,63.81999969482422,63.81999969482422,64.18000030517578,6500.0,63.06660842895508
2021-03-16,64.44999694824219,64.2300033569336,64.36000061035156,64.30999755859375,20200.0,63.19434356689453
2021-03-17,64.36000061035156,64.0,64.12000274658203,64.27999877929688,6300.0,63.16487121582031
2021-03-18,64.04000091552734,63.7400016784668,63.91999816894531,63.7400016784668,4800.0,62.634239196777344
2021-03-19,63.970001220703125,63.61000061035156,63.83000183105469,63.88999938964844,11000.0,62.781639099121094
2021-03-22,64.27999877929688,64.0199966430664,64.05000305175781,64.20999908447266,4900.0,63.09608459472656
2021-03-23,64.4000015258789,64.26000213623047,64.26000213623047,64.4000015258789,3800.0,63.28278732299805
2021-03-24,64.61000061035156,64.25,64.4000015258789,64.58000183105469,4200.0,63.45966339111328
2021-03-25,64.5999984741211,64.4000015258789,64.45999908447266,64.5199966430664,6000.0,63.40070724487305
2021-03-26,64.63999938964844,64.47000122070312,64.48999786376953,64.52999877929688,5000.0,63.4105339050293
2021-03-29,64.6500015258789,64.33000183105469,64.61000061035156,64.3499984741211,6300.0,63.2336540222168
2021-03-30,64.30000305175781,64.1500015258789,64.25,64.26000213623047,12200.0,63.14522171020508
2021-03-31,64.4000015258789,64.16999816894531,64.29000091552734,64.19000244140625,4600.0,63.07643508911133
2021-04-01,64.30999755859375,63.959999084472656,64.0,64.2699966430664,240300.0,63.3128547668457
2021-04-05,64.11000061035156,63.88999938964844,63.88999938964844,64.05999755859375,22200.0,63.10598373413086
2021-04-06,64.29000091552734,64.0,64.29000091552734,64.16000366210938,243100.0,63.204498291015625
2021-04-07,64.27999877929688,64.13999938964844,64.19000244140625,64.16000366210938,12300.0,63.204498291015625
2021-04-08,64.37000274658203,64.0999984741211,64.37000274658203,64.30000305175781,10100.0,63.342411041259766
2021-04-09,64.31999969482422,64.0,64.18000030517578,64.19999694824219,6300.0,63.243896484375
2021-04-12,64.25,64.02999877929688,64.16000366210938,64.11000061035156,6700.0,63.15523910522461
2021-04-13,64.38999938964844,64.18000030517578,64.23999786376953,64.3499984741211,5200.0,63.391666412353516
2021-04-14,64.4000015258789,64.30999755859375,64.31999969482422,64.33999633789062,3900.0,63.381813049316406
2021-04-15,64.76000213623047,64.61000061035156,64.61000061035156,64.76000213623047,17700.0,63.795562744140625
2021-04-16,64.81999969482422,64.6500015258789,64.6500015258789,64.72000122070312,11500.0,63.75615692138672
2021-04-19,64.69999694824219,64.56999969482422,64.5999984741211,64.62999725341797,14200.0,63.6674919128418
2021-04-20,64.70999908447266,64.5199966430664,64.5199966430664,64.63999938964844,12300.0,63.67734909057617
2021-04-21,64.83000183105469,64.63999938964844,64.66000366210938,64.68000030517578,7600.0,63.71675491333008
2021-04-22,64.91000366210938,64.7300033569336,64.80999755859375,64.80999755859375,6000.0,63.844810485839844
2021-04-23,64.8499984741211,64.72000122070312,64.72000122070312,64.83000183105469,18100.0,63.8645133972168
2021-04-26,64.91000366210938,64.76000213623047,64.80000305175781,64.87999725341797,10300.0,63.91376876831055
2021-04-27,65.06999969482422,64.83999633789062,64.95999908447266,64.91000366210938,8700.0,63.943328857421875
2021-04-28,65.22000122070312,64.95999908447266,64.98999786376953,65.19999694824219,8600.0,64.22899627685547
2021-04-29,65.12999725341797,64.86000061035156,65.08000183105469,65.06999969482422,12600.0,64.10094451904297
2021-04-30,65.0999984741211,64.87000274658203,64.9800033569336,65.0,15600.0,64.03199005126953
2021-05-03,64.98999786376953,64.80000305175781,64.80999755859375,64.9000015258789,18500.0,64.17041778564453
2021-05-04,65.36000061035156,64.95999908447266,65.16000366210938,65.08000183105469,6300.0,64.34839630126953
2021-05-05,65.41999816894531,65.11000061035156,65.11000061035156,65.41999816894531,9200.0,64.6845703125
2021-05-06,65.5199966430664,65.30999755859375,65.37999725341797,65.30999755859375,5200.0,64.57579803466797
2021-05-07,65.51000213623047,65.3499984741211,65.3499984741211,65.44000244140625,9700.0,64.704345703125
2021-05-10,65.7300033569336,65.44000244140625,65.58000183105469,65.44000244140625,11500.0,64.704345703125
2021-05-11,65.3499984741211,65.18000030517578,65.2699966430664,65.33000183105469,22100.0,64.5955810546875
2021-05-12,65.43000030517578,65.11000061035156,65.36000061035156,65.18000030517578,13300.0,64.447265625
2021-05-13,65.2699966430664,65.0999984741211,65.16999816894531,65.16999816894531,6100.0,64.4373779296875
2021-05-14,65.47000122070312,65.36000061035156,65.38999938964844,65.44000244140625,9000.0,64.704345703125
2021-05-17,65.61000061035156,65.43000030517578,65.43000030517578,65.56999969482422,9300.0,64.83287811279297
2021-05-18,65.51000213623047,65.45999908447266,65.47000122070312,65.47000122070312,24700.0,64.7340087890625
2021-05-19,65.47000122070312,64.98999786376953,65.43000030517578,65.05999755859375,12200.0,64.32861328125
2021-05-20,65.16999816894531,65.05999755859375,65.08999633789062,65.12000274658203,4400.0,64.38794708251953
2021-05-21,65.19000244140625,65.08999633789062,65.16999816894531,65.19000244140625,10100.0,64.4571533203125
2021-05-24,65.41999816894531,65.16999816894531,65.27999877929688,65.4000015258789,13900.0,64.664794921875
2021-05-25,65.66999816894531,65.5,65.55999755859375,65.58999633789062,12700.0,64.85265350341797
2021-05-26,65.63999938964844,65.4000015258789,65.62000274658203,65.44000244140625,20800.0,64.704345703125
2021-05-27,65.44999694824219,65.2300033569336,65.30000305175781,65.43000030517578,19500.0,64.6944580078125
2021-05-28,65.58999633789062,65.44000244140625,65.44999694824219,65.55000305175781,14100.0,64.8131103515625
2021-06-01,65.30999755859375,65.12000274658203,65.16000366210938,65.30999755859375,33100.0,64.91249084472656
2021-06-02,65.37999725341797,65.26000213623047,65.3499984741211,65.2699966430664,22700.0,64.87273406982422
2021-06-03,65.20999908447266,65.02999877929688,65.12999725341797,65.02999877929688,9200.0,64.63420104980469
2021-06-04,65.4000015258789,65.25,65.25,65.38999938964844,82900.0,64.99201202392578
2021-06-07,65.41000366210938,65.19000244140625,65.41000366210938,65.29000091552734,17900.0,64.89261627197266
2021-06-08,65.45999908447266,65.30000305175781,65.30000305175781,65.30999755859375,22000.0,64.91249084472656
2021-06-09,65.48999786376953,65.33999633789062,65.44999694824219,65.37000274658203,7600.0,64.97213745117188
2021-06-10,65.72000122070312,65.5,65.5199966430664,65.6500015258789,8000.0,65.25042724609375
2021-06-11,65.7300033569336,65.45999908447266,65.7300033569336,65.54000091552734,20400.0,65.14109802246094
2021-06-14,65.61000061035156,65.4000015258789,65.61000061035156,65.4800033569336,10800.0,65.08146667480469
2021-06-15,65.70999908447266,65.51000213623047,65.52999877929688,65.58999633789062,10300.0,65.19078826904297
2021-06-16,65.83999633789062,65.01000213623047,65.51000213623047,65.01000213623047,14700.0,64.61432647705078
2021-06-17,65.30999755859375,64.95999908447266,65.05000305175781,65.27999877929688,23400.0,64.88267517089844
2021-06-18,65.37000274658203,65.12999725341797,65.23999786376953,65.3499984741211,13300.0,64.95225524902344
2021-06-21,65.25,65.12999725341797,65.22000122070312,65.13999938964844,15900.0,64.7435302734375
2021-06-22,65.54000091552734,65.19999694824219,65.20999908447266,65.5199966430664,8300.0,65.1212158203125
2021-06-23,65.56999969482422,65.43000030517578,65.51000213623047,65.51000213623047,14800.0,65.11128234863281
2021-06-24,65.69000244140625,65.44000244140625,65.56999969482422,65.44000244140625,9300.0,65.04170989990234
2021-06-25,65.48999786376953,65.36000061035156,65.4800033569336,65.45999908447266,7100.0,65.06158447265625
2021-06-28,65.75,65.62000274658203,65.62000274658203,65.63999938964844,10800.0,65.24048614501953
2021-06-29,65.6500015258789,65.56999969482422,65.6500015258789,65.61000061035156,3600.0,65.2106704711914
2021-06-30,65.9000015258789,65.72000122070312,65.73999786376953,65.72000122070312,53600.0,65.31999969482422
2021-07-01,65.41999816894531,65.33999633789062,65.4000015258789,65.41000366210938,5400.0,65.41000366210938
2021-07-02,65.66999816894531,65.48999786376953,65.5,65.58999633789062,11200.0,65.58999633789062
2021-07-06,65.91999816894531,65.73999786376953,65.7699966430664,65.87999725341797,12800.0,65.87999725341797
2021-07-07,66.0199966430664,65.81999969482422,65.98999786376953,65.81999969482422,29700.0,65.81999969482422
2021-07-08,65.86000061035156,65.72000122070312,65.80999755859375,65.80000305175781,14900.0,65.80000305175781
2021-07-09,65.7699966430664,65.6500015258789,65.66999816894531,65.7300033569336,23300.0,65.7300033569336
2021-07-12,65.91999816894531,65.79000091552734,65.80000305175781,65.91000366210938,6500.0,65.91000366210938
2021-07-13,66.16999816894531,65.91999816894531,66.05999755859375,65.94000244140625,14900.0,65.94000244140625
2021-07-14,66.16999816894531,66.0199966430664,66.13999938964844,66.11000061035156,24400.0,66.11000061035156
2021-07-15,66.3499984741211,66.12999725341797,66.26000213623047,66.33000183105469,42400.0,66.33000183105469
2021-07-16,66.4000015258789,66.27999877929688,66.27999877929688,66.33999633789062,14000.0,66.33999633789062
2021-07-19,66.62000274658203,66.37999725341797,66.52999877929688,66.37999725341797,20600.0,66.37999725341797
2021-07-20,66.5199966430664,66.27999877929688,66.51000213623047,66.30999755859375,10600.0,66.30999755859375
2021-07-21,66.2699966430664,66.0999984741211,66.22000122070312,66.1500015258789,9300.0,66.1500015258789
2021-07-22,66.43000030517578,66.20999908447266,66.20999908447266,66.38999938964844,9200.0,66.38999938964844
2021-07-23,66.63999938964844,66.4000015258789,66.41999816894531,66.56999969482422,7400.0,66.56999969482422
2021-07-26,66.98999786376953,66.69999694824219,66.80000305175781,66.97000122070312,27800.0,66.97000122070312
2021-07-27,67.0,66.77999877929688,66.95999908447266,66.97000122070312,31100.0,66.97000122070312
2021-07-28,67.1500015258789,66.73999786376953,66.88999938964844,67.08999633789062,25700.0,67.08999633789062
2021-07-29,67.23999786376953,67.04000091552734,67.0999984741211,67.05000305175781,23000.0,67.05000305175781
2021-07-30,67.16999816894531,67.06999969482422,67.16000366210938,67.11000061035156,23300.0,67.11000061035156
2021-08-02,67.0,66.77999877929688,66.79000091552734,66.79000091552734,27600.0,66.79000091552734
2021-08-03,66.83999633789062,66.7300033569336,66.7300033569336,66.83000183105469,7700.0,66.83000183105469
2021-08-04,66.9000015258789,66.63999938964844,66.87999725341797,66.72000122070312,19600.0,66.72000122070312
2021-08-05,66.58000183105469,66.43000030517578,66.55999755859375,66.47000122070312,18600.0,66.47000122070312
2021-08-06,66.37999725341797,66.16000366210938,66.22000122070312,66.30999755859375,36000.0,66.30999755859375
2021-08-09,66.37999725341797,66.19000244140625,66.37999725341797,66.22000122070312,22700.0,66.22000122070312
2021-08-10,66.31999969482422,66.16999816894531,66.16999816894531,66.20999908447266,11800.0,66.20999908447266
2021-08-11,66.47000122070312,66.05000305175781,66.20999908447266,66.3499984741211,21300.0,66.3499984741211
2021-08-12,66.33000183105469,66.23999786376953,66.27999877929688,66.29000091552734,14500.0,66.29000091552734
2021-08-13,66.48999786376953,66.36000061035156,66.36000061035156,66.4800033569336,8600.0,66.4800033569336
2021-08-16,66.63999938964844,66.55000305175781,66.55000305175781,66.55999755859375,6400.0,66.55999755859375
2021-08-17,66.5999984741211,66.37999725341797,66.5999984741211,66.38999938964844,8600.0,66.38999938964844
2021-08-18,66.41000366210938,66.22000122070312,66.36000061035156,66.36000061035156,10700.0,66.36000061035156
2021-08-19,66.44000244140625,66.30000305175781,66.38999938964844,66.41999816894531,27300.0,66.41999816894531
2021-08-20,66.38999938964844,66.2300033569336,66.36000061035156,66.2300033569336,15200.0,66.2300033569336
2021-08-23,66.37999725341797,66.30999755859375,66.33999633789062,66.3499984741211,14300.0,66.3499984741211
2021-08-24,66.44999694824219,66.31999969482422,66.31999969482422,66.33999633789062,28500.0,66.33999633789062
2021-08-25,66.37999725341797,66.23999786376953,66.37999725341797,66.30999755859375,36800.0,66.30999755859375
2021-08-26,66.36000061035156,66.26000213623047,66.3499984741211,66.31999969482422,20400.0,66.31999969482422
2021-08-27,66.86000061035156,66.33000183105469,66.41000366210938,66.83999633789062,8400.0,66.83999633789062
2021-08-30,66.97000122070312,66.7699966430664,66.97000122070312,66.83999633789062,16000.0,66.83999633789062
2021-08-31,66.79000091552734,66.58999633789062,66.7699966430664,66.5999984741211,6300.0,66.5999984741211
2021-09-01,66.25,66.06999969482422,66.08000183105469,66.2300033569336,18900.0,66.2300033569336
2021-09-02,66.26000213623047,66.19000244140625,66.25,66.25,10200.0,66.25
2021-09-03,66.19000244140625,66.12000274658203,66.16999816894531,66.1500015258789,37600.0,66.1500015258789
2021-09-07,66.06999969482422,65.95999908447266,66.04000091552734,65.98999786376953,23700.0,65.98999786376953
2021-09-08,66.30999755859375,66.1500015258789,66.1500015258789,66.30000305175781,28500.0,66.30000305175781
2021-09-09,66.66000366210938,66.33000183105469,66.36000061035156,66.6500015258789,20800.0,66.6500015258789
2021-09-10,66.6500015258789,66.45999908447266,66.62999725341797,66.45999908447266,22300.0,66.45999908447266
2021-09-13,66.61000061035156,66.41999816894531,66.58999633789062,66.43000030517578,9200.0,66.43000030517578
2021-09-14,66.52999877929688,66.44000244140625,66.51000213623047,66.5,12900.0,66.5
2021-09-15,66.62999725341797,66.43000030517578,66.62999725341797,66.5,17800.0,66.5
2021-09-16,66.47000122070312,66.36000061035156,66.41000366210938,66.4000015258789,22300.0,66.4000015258789
2021-09-17,66.30999755859375,66.16999816894531,66.30999755859375,66.16999816894531,23600.0,66.16999816894531
2021-09-20,66.3499984741211,66.20999908447266,66.25,66.26000213623047,8900.0,66.26000213623047
2021-09-21,66.30999755859375,66.16999816894531,66.27999877929688,66.19000244140625,12900.0,66.19000244140625
2021-09-22,66.29000091552734,66.08000183105469,66.20999908447266,66.13999938964844,16200.0,66.13999938964844
2021-09-23,66.04000091552734,65.86000061035156,66.0,65.87000274658203,42700.0,65.87000274658203
2021-09-24,65.75,65.66000366210938,65.73999786376953,65.70999908447266,50900.0,65.70999908447266
2021-09-27,65.80000305175781,65.63999938964844,65.68000030517578,65.75,7400.0,65.75
2021-09-28,65.69999694824219,65.55999755859375,65.66999816894531,65.58999633789062,7700.0,65.58999633789062
2021-09-29,65.73999786376953,65.48999786376953,65.68000030517578,65.56999969482422,30300.0,65.56999969482422
2021-09-30,65.63999938964844,65.45999908447266,65.54000091552734,65.63999938964844,10600.0,65.63999938964844
2021-10-01,65.72000122070312,65.58000183105469,65.6500015258789,65.72000122070312,40000.0,65.72000122070312
2021-10-04,65.72000122070312,65.62999725341797,65.6500015258789,65.68000030517578,12200.0,65.68000030517578
2021-10-05,65.83999633789062,65.69000244140625,65.80000305175781,65.80999755859375,14800.0,65.80999755859375
2021-10-06,65.83000183105469,65.69999694824219,65.77999877929688,65.75,12300.0,65.75
2021-10-07,65.66000366210938,65.52999877929688,65.6500015258789,65.63999938964844,83400.0,65.63999938964844
2021-10-08,65.7300033569336,65.63999938964844,65.69000244140625,65.66999816894531,28900.0,65.66999816894531
2021-10-11,65.73999786376953,65.6500015258789,65.6500015258789,65.6500015258789,22100.0,65.6500015258789
2021-10-12,65.81999969482422,65.68000030517578,65.75,65.75,23700.0,65.75
2021-10-13,66.0999984741211,65.9000015258789,65.95999908447266,66.0999984741211,26400.0,66.0999984741211
2021-10-14,66.2699966430664,66.12999725341797,66.19999694824219,66.20999908447266,11800.0,66.20999908447266
2021-10-15,66.22000122070312,66.06999969482422,66.22000122070312,66.0999984741211,9000.0,66.0999984741211
2021-10-18,66.05000305175781,65.9000015258789,65.97000122070312,65.98999786376953,44800.0,65.98999786376953
2021-10-19,65.86000061035156,65.70999908447266,65.8499984741211,65.7699966430664,15500.0,65.7699966430664
2021-10-20,65.95999908447266,65.70999908447266,65.7300033569336,65.91000366210938,10600.0,65.91000366210938
2021-10-21,66.16999816894531,65.91000366210938,65.98999786376953,66.08000183105469,27500.0,66.08000183105469
2021-10-22,66.25,66.08999633789062,66.16999816894531,66.16999816894531,9200.0,66.16999816894531
2021-10-25,66.44999694824219,66.19000244140625,66.19000244140625,66.37999725341797,38700.0,66.37999725341797
2021-10-26,66.63999938964844,66.3499984741211,66.44999694824219,66.63999938964844,40000.0,66.63999938964844
2021-10-27,67.0199966430664,66.70999908447266,66.80000305175781,66.98999786376953,26500.0,66.98999786376953
2021-10-28,66.7300033569336,66.25,66.7300033569336,66.30000305175781,38500.0,66.30000305175781
2021-10-29,66.22000122070312,65.87999725341797,65.88999938964844,66.1500015258789,21400.0,66.1500015258789
2021-11-01,66.20999908447266,65.72000122070312,66.20999908447266,65.8499984741211,16600.0,65.8499984741211
2021-11-02,66.0999984741211,65.94000244140625,65.94000244140625,66.0999984741211,26500.0,66.0999984741211
2021-11-03,66.18000030517578,65.94000244140625,66.06999969482422,66.04000091552734,25100.0,66.04000091552734
2021-11-04,66.5,66.36000061035156,66.36000061035156,66.47000122070312,23300.0,66.47000122070312
2021-11-05,66.77999877929688,66.5999984741211,66.6500015258789,66.73999786376953,22600.0,66.73999786376953
2021-11-08,66.9800033569336,66.80999755859375,66.86000061035156,66.9800033569336,27900.0,66.9800033569336
2021-11-09,67.43000030517578,67.16999816894531,67.26000213623047,67.41000366210938,11600.0,67.41000366210938
2021-11-10,67.69999694824219,67.08000183105469,67.63999938964844,67.19999694824219,34600.0,67.19999694824219
2021-11-11,67.26000213623047,67.16000366210938,67.22000122070312,67.16000366210938,18900.0,67.16000366210938
2021-11-12,67.41999816894531,67.16000366210938,67.19999694824219,67.16000366210938,21600.0,67.16000366210938
2021-11-15,67.30000305175781,67.11000061035156,67.20999908447266,67.11000061035156,36600.0,67.11000061035156
2021-11-16,67.22000122070312,66.95999908447266,67.1500015258789,67.0,33500.0,67.0
2021-11-17,67.16000366210938,66.87999725341797,66.91000366210938,67.13999938964844,33200.0,67.13999938964844
2021-11-18,67.23999786376953,67.08000183105469,67.12000274658203,67.18000030517578,36300.0,67.18000030517578
2021-11-19,67.4000015258789,67.05000305175781,67.18000030517578,67.05000305175781,22400.0,67.05000305175781
2021-11-22,66.69999694824219,66.41000366210938,66.58999633789062,66.47000122070312,26600.0,66.47000122070312
2021-11-23,66.31999969482422,66.06999969482422,66.30999755859375,66.19999694824219,14600.0,66.19999694824219
2021-11-24,66.41000366210938,66.08000183105469,66.2300033569336,66.41000366210938,11000.0,66.41000366210938
2021-11-26,66.9000015258789,66.52999877929688,66.52999877929688,66.87999725341797,7500.0,66.87999725341797
2021-11-29,66.81999969482422,66.58000183105469,66.69000244140625,66.5999984741211,30400.0,66.5999984741211
2021-11-30,66.98999786376953,66.55999755859375,66.87000274658203,66.7300033569336,34900.0,66.7300033569336
2021-12-01,66.44000244140625,66.12000274658203,66.44000244140625,66.4000015258789,87100.0,66.4000015258789
2021-12-02,66.62000274658203,66.31999969482422,66.37999725341797,66.58999633789062,12400.0,66.58999633789062
2021-12-03,66.83000183105469,66.5,66.5,66.69999694824219,53500.0,66.69999694824219
2021-12-06,66.83000183105469,66.4000015258789,66.83000183105469,66.41999816894531,71100.0,66.41999816894531
2021-12-07,66.58999633789062,66.44000244140625,66.55000305175781,66.48999786376953,25700.0,66.48999786376953
2021-12-08,66.4800033569336,66.31999969482422,66.4800033569336,66.38999938964844,50600.0,66.38999938964844
2021-12-09,66.5,66.08000183105469,66.44999694824219,66.08000183105469,20500.0,66.08000183105469
2021-12-10,65.72000122070312,65.5199966430664,65.58000183105469,65.58000183105469,27600.0,65.58000183105469
2021-12-13,65.81999969482422,65.5999984741211,65.70999908447266,65.5999984741211,31000.0,65.5999984741211
2021-12-14,65.44999694824219,65.27999877929688,65.44000244140625,65.41000366210938,40300.0,65.41000366210938
2021-12-15,65.5,65.01000213623047,65.29000091552734,65.5,112300.0,65.5
2021-12-16,65.69999694824219,65.41999816894531,65.66999816894531,65.5999984741211,32400.0,65.5999984741211
2021-12-17,65.7300033569336,65.58000183105469,65.62999725341797,65.62000274658203,66300.0,65.62000274658203
2021-12-20,65.66000366210938,65.54000091552734,65.5999984741211,65.5999984741211,36500.0,65.5999984741211
2021-12-21,65.72000122070312,65.44999694824219,65.58000183105469,65.72000122070312,36500.0,65.72000122070312
2021-12-22,65.95999908447266,65.68000030517578,65.7699966430664,65.94000244140625,77500.0,65.94000244140625
2021-12-23,65.94999694824219,65.69999694824219,65.94999694824219,65.76000213623047,22000.0,65.76000213623047
2021-12-27,66.05000305175781,65.81999969482422,65.83000183105469,66.05000305175781,23200.0,66.05000305175781
2021-12-28,66.20999908447266,65.95999908447266,66.13999938964844,65.98999786376953,39600.0,65.98999786376953
2021-12-29,66.06999969482422,65.72000122070312,65.77999877929688,66.05000305175781,61900.0,66.05000305175781
2021-12-30,66.06999969482422,65.75,65.80000305175781,66.06999969482422,45900.0,66.06999969482422
2021-12-31,66.05000305175781,65.91000366210938,66.01000213623047,66.05000305175781,16200.0,66.05000305175781
2022-01-03,65.72000122070312,65.5199966430664,65.70999908447266,65.5199966430664,30100.0,65.5199966430664
2022-01-04,65.54000091552734,65.19000244140625,65.52999877929688,65.30000305175781,99000.0,65.30000305175781
2022-01-05,65.36000061035156,64.7300033569336,65.36000061035156,64.7300033569336,65500.0,64.7300033569336
2022-01-06,64.45999908447266,64.18000030517578,64.45999908447266,64.38999938964844,80900.0,64.38999938964844
2022-01-07,64.41000366210938,64.2300033569336,64.33999633789062,64.31999969482422,59700.0,64.31999969482422
2022-01-10,64.4000015258789,64.13999938964844,64.23999786376953,64.4000015258789,40100.0,64.4000015258789
2022-01-11,64.87999725341797,64.38999938964844,64.45999908447266,64.87999725341797,62100.0,64.87999725341797
2022-01-12,64.80999755859375,64.41999816894531,64.80999755859375,64.41999816894531,56900.0,64.41999816894531
2022-01-13,64.52999877929688,64.30000305175781,64.36000061035156,64.4800033569336,50000.0,64.4800033569336
2022-01-14,64.33999633789062,64.11000061035156,64.33999633789062,64.12000274658203,33900.0,64.12000274658203
2022-01-18,63.970001220703125,63.790000915527344,63.869998931884766,63.810001373291016,57500.0,63.810001373291016
2022-01-19,63.86000061035156,63.689998626708984,63.86000061035156,63.689998626708984,27600.0,63.689998626708984
2022-01-20,63.97999954223633,63.7599983215332,63.81999969482422,63.790000915527344,22700.0,63.790000915527344
2022-01-21,64.20999908447266,63.939998626708984,63.959999084472656,64.19000244140625,53400.0,64.19000244140625
2022-01-24,64.4000015258789,64.13999938964844,64.19000244140625,64.31999969482422,73500.0,64.31999969482422
2022-01-25,64.44000244140625,64.16999816894531,64.33000183105469,64.18000030517578,71400.0,64.18000030517578
2022-01-26,64.31999969482422,63.81999969482422,64.20999908447266,63.83000183105469,64700.0,63.83000183105469
2022-01-27,64.11000061035156,63.880001068115234,63.95000076293945,64.06999969482422,45300.0,64.06999969482422
2022-01-28,64.3499984741211,64.12999725341797,64.12999725341797,64.30999755859375,44600.0,64.30999755859375
2022-01-31,64.48999786376953,64.25,64.29000091552734,64.4800033569336,142700.0,64.4800033569336
2022-02-01,64.20999908447266,63.900001525878906,64.20999908447266,63.900001525878906,485700.0,63.900001525878906
2022-02-02,64.08000183105469,63.90999984741211,63.91999816894531,63.959999084472656,65800.0,63.959999084472656
2022-02-03,63.68000030517578,63.52000045776367,63.560001373291016,63.52000045776367,64100.0,63.52000045776367
2022-02-04,63.27000045776367,63.040000915527344,63.189998626708984,63.15999984741211,58000.0,63.15999984741211
2022-02-07,63.13999938964844,62.869998931884766,63.13999938964844,63.11000061035156,61800.0,63.11000061035156
2022-02-08,63.11000061035156,62.90999984741211,62.95000076293945,62.9900016784668,20500.0,62.9900016784668
2022-02-09,63.2599983215332,63.08000183105469,63.130001068115234,63.119998931884766,21700.0,63.119998931884766
2022-02-10,62.97999954223633,62.529998779296875,62.939998626708984,62.529998779296875,102400.0,62.529998779296875
2022-02-11,63.13999938964844,62.63999938964844,62.939998626708984,63.119998931884766,48100.0,63.119998931884766
2022-02-14,63.13999938964844,62.83000183105469,62.91999816894531,63.02000045776367,37500.0,63.02000045776367
2022-02-15,62.84000015258789,62.689998626708984,62.720001220703125,62.689998626708984,40400.0,62.689998626708984
2022-02-16,62.90999984741211,62.7400016784668,62.810001373291016,62.84000015258789,19100.0,62.84000015258789
2022-02-17,63.11000061035156,62.630001068115234,62.91999816894531,62.970001220703125,38300.0,62.970001220703125
2022-02-18,63.209999084472656,63.08000183105469,63.150001525878906,63.16999816894531,117600.0,63.16999816894531
2022-02-22,63.38999938964844,63.18000030517578,63.25,63.38999938964844,35800.0,63.38999938964844
2022-02-23,63.5099983215332,63.18000030517578,63.27000045776367,63.40999984741211,41300.0,63.40999984741211
2022-02-24,64.43000030517578,63.560001373291016,64.29000091552734,63.68000030517578,127800.0,63.68000030517578
2022-02-25,63.650001525878906,63.459999084472656,63.560001373291016,63.650001525878906,26700.0,63.650001525878906
2022-02-28,64.87000274658203,64.05000305175781,64.05000305175781,64.86000061035156,143800.0,64.86000061035156
2022-03-01,65.41999816894531,64.86000061035156,64.86000061035156,65.25,484000.0,65.25
2022-03-02,65.12000274658203,64.73999786376953,65.02999877929688,64.7699966430664,87500.0,64.7699966430664
2022-03-03,64.94999694824219,64.69999694824219,64.8499984741211,64.70999908447266,62000.0,64.70999908447266
2022-03-04,65.5,65.12999725341797,65.12999725341797,65.19999694824219,62200.0,65.19999694824219
2022-03-07,65.66999816894531,65.19999694824219,65.19999694824219,65.62999725341797,48000.0,65.62999725341797
2022-03-08,66.08000183105469,65.4800033569336,65.5999984741211,65.88999938964844,87500.0,65.88999938964844
2022-03-09,65.4800033569336,64.9800033569336,65.4800033569336,65.26000213623047,54300.0,65.26000213623047
2022-03-10,65.2300033569336,64.62000274658203,64.87999725341797,65.06999969482422,53800.0,65.06999969482422
2022-03-11,65.5999984741211,65.25,65.25,65.56999969482422,65000.0,65.56999969482422
2022-03-14,65.16000366210938,64.80000305175781,65.16000366210938,64.80999755859375,35500.0,64.80999755859375
2022-03-15,64.87000274658203,64.2699966430664,64.8499984741211,64.2699966430664,33100.0,64.2699966430664
2022-03-16,64.2300033569336,63.43000030517578,64.11000061035156,63.939998626708984,38400.0,63.939998626708984
2022-03-17,64.80000305175781,64.08999633789062,64.16000366210938,64.80000305175781,54500.0,64.80000305175781
2022-03-18,64.87000274658203,64.47000122070312,64.5199966430664,64.55000305175781,21200.0,64.55000305175781
2022-03-21,64.41000366210938,63.869998931884766,64.26000213623047,64.0,13800.0,64.0
2022-03-22,63.97999954223633,63.619998931884766,63.88999938964844,63.65999984741211,32400.0,63.65999984741211
2022-03-23,64.51000213623047,63.91999816894531,63.959999084472656,64.51000213623047,27900.0,64.51000213623047
2022-03-24,64.38999938964844,64.04000091552734,64.31999969482422,64.05999755859375,26500.0,64.05999755859375
2022-03-25,63.75,63.45000076293945,63.68000030517578,63.599998474121094,39300.0,63.599998474121094
2022-03-28,63.79999923706055,63.54999923706055,63.56999969482422,63.54999923706055,18300.0,63.54999923706055
2022-03-29,63.5099983215332,63.22999954223633,63.22999954223633,63.27000045776367,82400.0,63.27000045776367
2022-03-30,63.650001525878906,63.290000915527344,63.290000915527344,63.58000183105469,24900.0,63.58000183105469
2022-03-31,63.91999816894531,63.310001373291016,63.650001525878906,63.310001373291016,66300.0,63.310001373291016
2022-04-01,62.880001068115234,62.349998474121094,62.470001220703125,62.619998931884766,42000.0,62.619998931884766
2022-04-04,62.7400016784668,62.529998779296875,62.66999816894531,62.58000183105469,43900.0,62.58000183105469
2022-04-05,62.560001373291016,62.060001373291016,62.47999954223633,62.11000061035156,53300.0,62.11000061035156
2022-04-06,62.029998779296875,61.540000915527344,61.970001220703125,61.84000015258789,25300.0,61.84000015258789
2022-04-07,61.88999938964844,61.59000015258789,61.72999954223633,61.70000076293945,19000.0,61.70000076293945
2022-04-08,61.779998779296875,61.61000061035156,61.619998931884766,61.779998779296875,25500.0,61.779998779296875
2022-04-11,61.689998626708984,61.40999984741211,61.45000076293945,61.68000030517578,19100.0,61.68000030517578
2022-04-12,62.040000915527344,61.63999938964844,61.849998474121094,61.68000030517578,32100.0,61.68000030517578
2022-04-13,61.83000183105469,61.5099983215332,61.68000030517578,61.5099983215332,58000.0,61.5099983215332
2022-04-14,61.59000015258789,61.349998474121094,61.470001220703125,61.59000015258789,24200.0,61.59000015258789
2022-04-18,61.630001068115234,61.459999084472656,61.630001068115234,61.5099983215332,16100.0,61.5099983215332
2022-04-19,61.470001220703125,61.150001525878906,61.33000183105469,61.220001220703125,27200.0,61.220001220703125
2022-04-20,61.790000915527344,61.33000183105469,61.400001525878906,61.709999084472656,38200.0,61.709999084472656
2022-04-21,61.959999084472656,61.29999923706055,61.70000076293945,61.959999084472656,50100.0,61.959999084472656
2022-04-22,62.16999816894531,61.619998931884766,61.88999938964844,61.65999984741211,26100.0,61.65999984741211
2022-04-25,61.959999084472656,61.61000061035156,61.810001373291016,61.63999938964844,27000.0,61.63999938964844
2022-04-26,61.790000915527344,61.56999969482422,61.68000030517578,61.720001220703125,29500.0,61.720001220703125
2022-04-27,61.790000915527344,61.540000915527344,61.7599983215332,61.68000030517578,24500.0,61.68000030517578
2022-04-28,62.029998779296875,61.61000061035156,61.709999084472656,62.02000045776367,35100.0,62.02000045776367
2022-04-29,62.06999969482422,61.349998474121094,61.900001525878906,61.459999084472656,148400.0,61.459999084472656
2022-05-02,60.689998626708984,59.9900016784668,60.619998931884766,60.09000015258789,75800.0,60.09000015258789
2022-05-03,60.68000030517578,60.22999954223633,60.5,60.31999969482422,43500.0,60.31999969482422
2022-05-04,60.939998626708984,60.02000045776367,60.2599983215332,60.779998779296875,29700.0,60.779998779296875
2022-05-05,60.45000076293945,59.90999984741211,60.380001068115234,60.150001525878906,65100.0,60.150001525878906
2022-05-06,60.15999984741211,59.68000030517578,59.75,59.869998931884766,54100.0,59.869998931884766
2022-05-09,59.77000045776367,59.54999923706055,59.7400016784668,59.70000076293945,143800.0,59.70000076293945
2022-05-10,59.77000045776367,59.369998931884766,59.56999969482422,59.369998931884766,107500.0,59.369998931884766
2022-05-11,60.220001220703125,59.31999969482422,59.5,60.150001525878906,36900.0,60.150001525878906
2022-05-12,60.38999938964844,59.849998474121094,60.369998931884766,59.91999816894531,109000.0,59.91999816894531
2022-05-13,60.20000076293945,59.81999969482422,59.9900016784668,60.13999938964844,64200.0,60.13999938964844
2022-05-16,60.369998931884766,60.15999984741211,60.34000015258789,60.220001220703125,65800.0,60.220001220703125
2022-05-17,60.130001068115234,59.86000061035156,60.130001068115234,59.86000061035156,32400.0,59.86000061035156
2022-05-18,60.41999816894531,60.09000015258789,60.09000015258789,60.33000183105469,42000.0,60.33000183105469
2022-05-19,60.54999923706055,59.86000061035156,60.47999954223633,60.060001373291016,54300.0,60.060001373291016
2022-05-20,60.13999938964844,59.93000030517578,60.02000045776367,60.08000183105469,58000.0,60.08000183105469
2022-05-23,60.09000015258789,59.849998474121094,60.0,59.86000061035156,67700.0,59.86000061035156
2022-05-24,60.310001373291016,59.91999816894531,59.91999816894531,60.16999816894531,54700.0,60.16999816894531
2022-05-25,60.29999923706055,60.119998931884766,60.2599983215332,60.209999084472656,16500.0,60.209999084472656
2022-05-26,60.619998931884766,60.349998474121094,60.41999816894531,60.529998779296875,32000.0,60.529998779296875
2022-05-27,60.77000045776367,60.59000015258789,60.68000030517578,60.59000015258789,95400.0,60.59000015258789
2022-05-31,60.560001373291016,60.15999984741211,60.560001373291016,60.349998474121094,31000.0,60.349998474121094
2022-06-01,59.630001068115234,59.279998779296875,59.560001373291016,59.279998779296875,38100.0,59.279998779296875
2022-06-02,59.59000015258789,59.459999084472656,59.529998779296875,59.56999969482422,28200.0,59.56999969482422
2022-06-03,59.91999816894531,59.45000076293945,59.45000076293945,59.90999984741211,23800.0,59.90999984741211
2022-06-06,59.86000061035156,59.5099983215332,59.84000015258789,59.58000183105469,62000.0,59.58000183105469
2022-06-07,59.77000045776367,59.599998474121094,59.68000030517578,59.72999954223633,43400.0,59.72999954223633
2022-06-08,59.720001220703125,59.560001373291016,59.689998626708984,59.56999969482422,28200.0,59.56999969482422
2022-06-09,59.650001525878906,59.40999984741211,59.54999923706055,59.56999969482422,31100.0,59.56999969482422
2022-06-10,59.560001373291016,59.2400016784668,59.47999954223633,59.34000015258789,65600.0,59.34000015258789
2022-06-13,58.65999984741211,58.02000045776367,58.529998779296875,58.2400016784668,28100.0,58.2400016784668
2022-06-14,58.08000183105469,57.150001525878906,58.08000183105469,57.41999816894531,46800.0,57.41999816894531
2022-06-15,58.25,57.540000915527344,57.619998931884766,58.220001220703125,45200.0,58.220001220703125
2022-06-16,58.209999084472656,57.29999923706055,57.4900016784668,58.13999938964844,35200.0,58.13999938964844
2022-06-17,58.119998931884766,57.84000015258789,58.119998931884766,58.04999923706055,66100.0,58.04999923706055
2022-06-21,58.09000015258789,57.77000045776367,57.849998474121094,57.84000015258789,59200.0,57.84000015258789
2022-06-22,58.279998779296875,58.130001068115234,58.209999084472656,58.2599983215332,18000.0,58.2599983215332
2022-06-23,58.63999938964844,58.33000183105469,58.54999923706055,58.40999984741211,41200.0,58.40999984741211
2022-06-24,58.58000183105469,58.380001068115234,58.5,58.459999084472656,19700.0,58.459999084472656
2022-06-27,58.349998474121094,58.0,58.27000045776367,58.02000045776367,21600.0,58.02000045776367
2022-06-28,57.9900016784668,57.75,57.9900016784668,57.810001373291016,29800.0,57.810001373291016
2022-06-29,57.93000030517578,57.529998779296875,57.79999923706055,57.66999816894531,11700.0,57.66999816894531
2022-06-30,58.060001373291016,57.54999923706055,57.90999984741211,57.54999923706055,36500.0,57.54999923706055
2022-07-01,58.58000183105469,57.9900016784668,58.08000183105469,58.119998931884766,1761300.0,58.119998931884766
2022-07-05,58.459999084472656,58.119998931884766,58.459999084472656,58.2400016784668,299000.0,58.2400016784668
2022-07-06,58.16999816894531,57.59000015258789,58.09000015258789,57.63999938964844,42700.0,57.63999938964844
2022-07-07,57.880001068115234,57.47999954223633,57.880001068115234,57.5,297500.0,57.5
2022-07-08,57.54999923706055,57.38999938964844,57.47999954223633,57.54999923706055,62000.0,57.54999923706055
2022-07-11,57.7400016784668,57.529998779296875,57.599998474121094,57.619998931884766,27400.0,57.619998931884766
2022-07-12,57.7400016784668,57.54999923706055,57.619998931884766,57.63999938964844,12000.0,57.63999938964844
2022-07-13,57.91999816894531,57.5099983215332,57.5099983215332,57.90999984741211,25500.0,57.90999984741211
2022-07-14,57.83000183105469,57.540000915527344,57.61000061035156,57.619998931884766,7700.0,57.619998931884766
2022-07-15,58.099998474121094,57.81999969482422,57.81999969482422,58.04999923706055,12100.0,58.04999923706055
2022-07-18,58.13999938964844,57.869998931884766,58.11000061035156,58.040000915527344,19400.0,58.040000915527344
2022-07-19,58.11000061035156,57.95000076293945,57.95000076293945,57.97999954223633,12700.0,57.97999954223633
2022-07-20,58.189998626708984,57.84000015258789,58.119998931884766,57.90999984741211,16000.0,57.90999984741211
2022-07-21,58.25,57.88999938964844,57.88999938964844,58.220001220703125,23800.0,58.220001220703125
2022-07-22,58.869998931884766,58.58000183105469,58.58000183105469,58.84000015258789,19200.0,58.84000015258789
2022-07-25,58.83000183105469,58.61000061035156,58.63999938964844,58.720001220703125,39100.0,58.720001220703125
2022-07-26,59.06999969482422,58.709999084472656,59.029998779296875,58.720001220703125,26000.0,58.720001220703125
2022-07-27,59.18000030517578,58.84000015258789,58.86000061035156,59.18000030517578,21300.0,59.18000030517578
2022-07-28,59.70000076293945,59.45000076293945,59.61000061035156,59.689998626708984,19400.0,59.689998626708984
2022-07-29,60.16999816894531,59.83000183105469,59.88999938964844,60.119998931884766,24100.0,60.119998931884766
2022-08-01,59.689998626708984,59.43000030517578,59.560001373291016,59.560001373291016,1031900.0,59.560001373291016
2022-08-02,59.630001068115234,58.810001373291016,59.52000045776367,58.900001525878906,333800.0,58.900001525878906
2022-08-03,59.220001220703125,58.75,58.90999984741211,59.220001220703125,90300.0,59.220001220703125
2022-08-04,59.25,59.04999923706055,59.18000030517578,59.22999954223633,53700.0,59.22999954223633
