Date,High,Low,Open,Close,Volume,Adj Close
2018-01-25,16.950000762939453,16.950000762939453,16.950000762939453,16.950000762939453,0,16.950000762939453
2018-01-26,16.950000762939453,16.950000762939453,16.950000762939453,16.950000762939453,0,16.950000762939453
2018-01-29,16.950000762939453,16.950000762939453,16.950000762939453,16.950000762939453,0,16.950000762939453
2018-01-30,16.950000762939453,16.950000762939453,16.950000762939453,16.950000762939453,0,16.950000762939453
2018-01-31,16.950000762939453,16.950000762939453,16.950000762939453,16.950000762939453,0,16.950000762939453
2018-02-01,16.950000762939453,16.950000762939453,16.950000762939453,16.950000762939453,0,16.950000762939453
2018-02-02,16.950000762939453,16.950000762939453,16.950000762939453,16.950000762939453,0,16.950000762939453
2018-02-05,16.950000762939453,16.950000762939453,16.950000762939453,16.950000762939453,0,16.950000762939453
2018-02-06,16.950000762939453,16.950000762939453,16.950000762939453,16.950000762939453,0,16.950000762939453
2018-02-07,16.950000762939453,16.950000762939453,16.950000762939453,16.950000762939453,0,16.950000762939453
2018-02-08,16.950000762939453,16.950000762939453,16.950000762939453,16.950000762939453,0,16.950000762939453
2018-02-09,16.950000762939453,16.950000762939453,16.950000762939453,16.950000762939453,0,16.950000762939453
2018-02-12,16.950000762939453,16.950000762939453,16.950000762939453,16.950000762939453,0,16.950000762939453
2018-02-13,16.950000762939453,16.950000762939453,16.950000762939453,16.950000762939453,0,16.950000762939453
2018-02-14,21.280000686645508,20.829999923706055,21.280000686645508,20.829999923706055,900,20.829999923706055
2018-02-15,20.43000030517578,20.43000030517578,20.43000030517578,20.43000030517578,100,20.43000030517578
2018-02-16,20.43000030517578,20.43000030517578,20.43000030517578,20.43000030517578,0,20.43000030517578
2018-02-20,20.43000030517578,20.43000030517578,20.43000030517578,20.43000030517578,0,20.43000030517578
2018-02-21,20.3799991607666,20.3799991607666,20.3799991607666,20.3799991607666,100,20.3799991607666
2018-02-22,20.3799991607666,20.3799991607666,20.3799991607666,20.3799991607666,0,20.3799991607666
2018-02-23,20.3799991607666,20.3799991607666,20.3799991607666,20.3799991607666,0,20.3799991607666
2018-02-26,19.56999969482422,19.56999969482422,19.56999969482422,19.56999969482422,100,19.56999969482422
2018-02-27,19.56999969482422,19.56999969482422,19.56999969482422,19.56999969482422,0,19.56999969482422
2018-02-28,19.56999969482422,19.56999969482422,19.56999969482422,19.56999969482422,0,19.56999969482422
2018-03-01,21.469999313354492,21.219999313354492,21.219999313354492,21.469999313354492,700,21.469999313354492
2018-03-02,22.0,21.540000915527344,22.0,21.540000915527344,1600,21.540000915527344
2018-03-05,21.540000915527344,21.540000915527344,21.540000915527344,21.540000915527344,0,21.540000915527344
2018-03-06,21.540000915527344,21.540000915527344,21.540000915527344,21.540000915527344,0,21.540000915527344
2018-03-07,21.540000915527344,21.540000915527344,21.540000915527344,21.540000915527344,0,21.540000915527344
2018-03-08,21.540000915527344,21.540000915527344,21.540000915527344,21.540000915527344,400,21.540000915527344
2018-03-09,21.540000915527344,21.540000915527344,21.540000915527344,21.540000915527344,0,21.540000915527344
2018-03-12,20.121000289916992,20.121000289916992,20.121000289916992,20.121000289916992,100,20.121000289916992
2018-03-13,20.121000289916992,20.121000289916992,20.121000289916992,20.121000289916992,0,20.121000289916992
2018-03-14,20.799999237060547,20.799999237060547,20.799999237060547,20.799999237060547,400,20.799999237060547
2018-03-15,20.799999237060547,20.799999237060547,20.799999237060547,20.799999237060547,0,20.799999237060547
2018-03-16,20.799999237060547,20.799999237060547,20.799999237060547,20.799999237060547,0,20.799999237060547
2018-03-19,20.799999237060547,20.799999237060547,20.799999237060547,20.799999237060547,0,20.799999237060547
2018-03-20,20.850000381469727,20.850000381469727,20.850000381469727,20.850000381469727,100,20.850000381469727
2018-03-21,20.540000915527344,20.030000686645508,20.040000915527344,20.520000457763672,7300,20.520000457763672
2018-03-22,20.520000457763672,20.520000457763672,20.520000457763672,20.520000457763672,0,20.520000457763672
2018-03-23,20.520000457763672,20.520000457763672,20.520000457763672,20.520000457763672,0,20.520000457763672
2018-03-26,20.520000457763672,20.520000457763672,20.520000457763672,20.520000457763672,4000,20.520000457763672
2018-03-27,20.520000457763672,20.520000457763672,20.520000457763672,20.520000457763672,0,20.520000457763672
2018-03-28,20.520000457763672,20.520000457763672,20.520000457763672,20.520000457763672,0,20.520000457763672
2018-03-29,20.520000457763672,20.520000457763672,20.520000457763672,20.520000457763672,0,20.520000457763672
2018-04-02,22.860000610351562,22.860000610351562,22.860000610351562,22.860000610351562,100,22.860000610351562
2018-04-03,22.860000610351562,22.860000610351562,22.860000610351562,22.860000610351562,0,22.860000610351562
2018-04-04,23.079999923706055,23.079999923706055,23.079999923706055,23.079999923706055,400,23.079999923706055
2018-04-05,23.079999923706055,23.079999923706055,23.079999923706055,23.079999923706055,0,23.079999923706055
2018-04-06,23.079999923706055,23.079999923706055,23.079999923706055,23.079999923706055,0,23.079999923706055
2018-04-09,23.079999923706055,23.079999923706055,23.079999923706055,23.079999923706055,0,23.079999923706055
2018-04-10,23.079999923706055,23.079999923706055,23.079999923706055,23.079999923706055,0,23.079999923706055
2018-04-11,23.079999923706055,23.079999923706055,23.079999923706055,23.079999923706055,0,23.079999923706055
2018-04-12,23.079999923706055,23.079999923706055,23.079999923706055,23.079999923706055,0,23.079999923706055
2018-04-13,21.860000610351562,21.860000610351562,21.860000610351562,21.860000610351562,100,21.860000610351562
2018-04-16,21.31999969482422,21.31999969482422,21.31999969482422,21.31999969482422,400,21.31999969482422
2018-04-17,21.31999969482422,21.31999969482422,21.31999969482422,21.31999969482422,0,21.31999969482422
2018-04-18,21.31999969482422,21.31999969482422,21.31999969482422,21.31999969482422,0,21.31999969482422
2018-04-19,21.31999969482422,21.31999969482422,21.31999969482422,21.31999969482422,100,21.31999969482422
2018-04-20,21.31999969482422,21.31999969482422,21.31999969482422,21.31999969482422,0,21.31999969482422
2018-04-23,21.31999969482422,21.31999969482422,21.31999969482422,21.31999969482422,0,21.31999969482422
2018-04-24,21.31999969482422,21.31999969482422,21.31999969482422,21.31999969482422,0,21.31999969482422
2018-04-25,21.180999755859375,21.180999755859375,21.180999755859375,21.180999755859375,500,21.180999755859375
2018-04-26,21.180999755859375,21.180999755859375,21.180999755859375,21.180999755859375,0,21.180999755859375
2018-04-27,21.180999755859375,21.180999755859375,21.180999755859375,21.180999755859375,0,21.180999755859375
2018-04-30,21.180999755859375,21.180999755859375,21.180999755859375,21.180999755859375,0,21.180999755859375
2018-05-01,21.180999755859375,21.180999755859375,21.180999755859375,21.180999755859375,0,21.180999755859375
2018-05-02,21.180999755859375,21.180999755859375,21.180999755859375,21.180999755859375,0,21.180999755859375
2018-05-03,21.180999755859375,21.180999755859375,21.180999755859375,21.180999755859375,0,21.180999755859375
2018-05-04,21.180999755859375,21.180999755859375,21.180999755859375,21.180999755859375,0,21.180999755859375
2018-05-07,21.180999755859375,21.180999755859375,21.180999755859375,21.180999755859375,0,21.180999755859375
2018-05-08,21.180999755859375,21.180999755859375,21.180999755859375,21.180999755859375,0,21.180999755859375
2018-05-09,21.180999755859375,21.180999755859375,21.180999755859375,21.180999755859375,0,21.180999755859375
2018-05-10,19.540000915527344,19.21500015258789,19.540000915527344,19.21500015258789,800,19.21500015258789
2018-05-11,19.21500015258789,19.21500015258789,19.21500015258789,19.21500015258789,0,19.21500015258789
2018-05-14,19.21500015258789,19.21500015258789,19.21500015258789,19.21500015258789,0,19.21500015258789
2018-05-15,19.21500015258789,19.21500015258789,19.21500015258789,19.21500015258789,0,19.21500015258789
2018-05-16,19.21500015258789,19.21500015258789,19.21500015258789,19.21500015258789,0,19.21500015258789
2018-05-17,19.21500015258789,19.21500015258789,19.21500015258789,19.21500015258789,0,19.21500015258789
2018-05-18,19.21500015258789,19.21500015258789,19.21500015258789,19.21500015258789,0,19.21500015258789
2018-05-21,19.21500015258789,19.21500015258789,19.21500015258789,19.21500015258789,0,19.21500015258789
2018-05-22,19.21500015258789,19.21500015258789,19.21500015258789,19.21500015258789,0,19.21500015258789
2018-05-23,19.21500015258789,19.21500015258789,19.21500015258789,19.21500015258789,0,19.21500015258789
2018-05-24,19.21500015258789,19.21500015258789,19.21500015258789,19.21500015258789,0,19.21500015258789
2018-05-25,19.21500015258789,19.21500015258789,19.21500015258789,19.21500015258789,0,19.21500015258789
2018-05-29,19.21500015258789,19.21500015258789,19.21500015258789,19.21500015258789,0,19.21500015258789
2018-05-30,19.21500015258789,19.21500015258789,19.21500015258789,19.21500015258789,0,19.21500015258789
2018-05-31,19.21500015258789,19.21500015258789,19.21500015258789,19.21500015258789,0,19.21500015258789
2018-06-01,19.21500015258789,19.21500015258789,19.21500015258789,19.21500015258789,0,19.21500015258789
2018-06-04,19.21500015258789,19.21500015258789,19.21500015258789,19.21500015258789,0,19.21500015258789
2018-06-05,19.21500015258789,19.21500015258789,19.21500015258789,19.21500015258789,0,19.21500015258789
2018-06-06,19.21500015258789,19.21500015258789,19.21500015258789,19.21500015258789,0,19.21500015258789
2018-06-07,19.21500015258789,19.21500015258789,19.21500015258789,19.21500015258789,0,19.21500015258789
2018-06-08,19.21500015258789,19.21500015258789,19.21500015258789,19.21500015258789,0,19.21500015258789
2018-06-11,19.21500015258789,19.21500015258789,19.21500015258789,19.21500015258789,0,19.21500015258789
2018-06-12,19.21500015258789,19.21500015258789,19.21500015258789,19.21500015258789,0,19.21500015258789
2018-06-13,19.21500015258789,19.21500015258789,19.21500015258789,19.21500015258789,0,19.21500015258789
2018-06-14,19.21500015258789,19.21500015258789,19.21500015258789,19.21500015258789,0,19.21500015258789
2018-06-15,19.21500015258789,19.21500015258789,19.21500015258789,19.21500015258789,0,19.21500015258789
2018-06-18,19.21500015258789,19.21500015258789,19.21500015258789,19.21500015258789,0,19.21500015258789
2018-06-19,19.21500015258789,19.21500015258789,19.21500015258789,19.21500015258789,0,19.21500015258789
2018-06-20,19.21500015258789,19.21500015258789,19.21500015258789,19.21500015258789,0,19.21500015258789
2018-06-21,18.235000610351562,18.024999618530273,18.024999618530273,18.235000610351562,300,18.235000610351562
2018-06-22,18.235000610351562,18.235000610351562,18.235000610351562,18.235000610351562,0,18.235000610351562
2018-06-25,18.235000610351562,18.235000610351562,18.235000610351562,18.235000610351562,0,18.235000610351562
2018-06-26,18.235000610351562,18.235000610351562,18.235000610351562,18.235000610351562,0,18.235000610351562
2018-06-27,18.235000610351562,18.235000610351562,18.235000610351562,18.235000610351562,0,18.235000610351562
2018-06-28,18.235000610351562,18.235000610351562,18.235000610351562,18.235000610351562,0,18.235000610351562
2018-06-29,18.235000610351562,18.235000610351562,18.235000610351562,18.235000610351562,0,18.235000610351562
2018-07-02,18.235000610351562,18.235000610351562,18.235000610351562,18.235000610351562,0,18.235000610351562
2018-07-03,18.235000610351562,18.235000610351562,18.235000610351562,18.235000610351562,0,18.235000610351562
2018-07-05,18.235000610351562,18.235000610351562,18.235000610351562,18.235000610351562,0,18.235000610351562
2018-07-06,18.235000610351562,18.235000610351562,18.235000610351562,18.235000610351562,0,18.235000610351562
2018-07-09,18.235000610351562,18.235000610351562,18.235000610351562,18.235000610351562,0,18.235000610351562
2018-07-10,18.235000610351562,18.235000610351562,18.235000610351562,18.235000610351562,0,18.235000610351562
2018-07-11,18.235000610351562,18.235000610351562,18.235000610351562,18.235000610351562,0,18.235000610351562
2018-07-12,18.235000610351562,18.235000610351562,18.235000610351562,18.235000610351562,0,18.235000610351562
2018-07-13,18.235000610351562,18.235000610351562,18.235000610351562,18.235000610351562,0,18.235000610351562
2018-07-16,18.235000610351562,18.235000610351562,18.235000610351562,18.235000610351562,0,18.235000610351562
2018-07-17,18.235000610351562,18.235000610351562,18.235000610351562,18.235000610351562,0,18.235000610351562
2018-07-18,18.235000610351562,18.235000610351562,18.235000610351562,18.235000610351562,0,18.235000610351562
2018-07-19,18.235000610351562,18.235000610351562,18.235000610351562,18.235000610351562,0,18.235000610351562
2018-07-20,18.235000610351562,18.235000610351562,18.235000610351562,18.235000610351562,0,18.235000610351562
2018-07-23,18.235000610351562,18.235000610351562,18.235000610351562,18.235000610351562,100,18.235000610351562
2018-07-24,18.235000610351562,18.235000610351562,18.235000610351562,18.235000610351562,0,18.235000610351562
2018-07-25,18.235000610351562,18.235000610351562,18.235000610351562,18.235000610351562,0,18.235000610351562
2018-07-26,18.235000610351562,18.235000610351562,18.235000610351562,18.235000610351562,0,18.235000610351562
2018-07-27,18.235000610351562,18.235000610351562,18.235000610351562,18.235000610351562,0,18.235000610351562
2018-07-30,18.235000610351562,18.235000610351562,18.235000610351562,18.235000610351562,0,18.235000610351562
2018-07-31,18.235000610351562,18.235000610351562,18.235000610351562,18.235000610351562,0,18.235000610351562
2018-08-01,17.68000030517578,17.68000030517578,17.68000030517578,17.68000030517578,200,17.68000030517578
2018-08-02,17.68000030517578,17.68000030517578,17.68000030517578,17.68000030517578,0,17.68000030517578
2018-08-03,17.68000030517578,17.68000030517578,17.68000030517578,17.68000030517578,0,17.68000030517578
2018-08-06,17.68000030517578,17.68000030517578,17.68000030517578,17.68000030517578,0,17.68000030517578
2018-08-07,17.68000030517578,17.68000030517578,17.68000030517578,17.68000030517578,200,17.68000030517578
2018-08-08,17.68000030517578,17.68000030517578,17.68000030517578,17.68000030517578,200,17.68000030517578
2018-08-09,17.68000030517578,17.68000030517578,17.68000030517578,17.68000030517578,0,17.68000030517578
2018-08-10,17.68000030517578,17.68000030517578,17.68000030517578,17.68000030517578,0,17.68000030517578
2018-08-13,17.68000030517578,17.68000030517578,17.68000030517578,17.68000030517578,0,17.68000030517578
2018-08-14,17.68000030517578,17.68000030517578,17.68000030517578,17.68000030517578,200,17.68000030517578
2018-08-15,17.68000030517578,17.68000030517578,17.68000030517578,17.68000030517578,0,17.68000030517578
2018-08-16,17.68000030517578,17.68000030517578,17.68000030517578,17.68000030517578,0,17.68000030517578
2018-08-17,17.68000030517578,17.68000030517578,17.68000030517578,17.68000030517578,0,17.68000030517578
2018-08-20,17.68000030517578,17.68000030517578,17.68000030517578,17.68000030517578,0,17.68000030517578
2018-08-21,17.68000030517578,17.68000030517578,17.68000030517578,17.68000030517578,0,17.68000030517578
2018-08-22,17.68000030517578,17.68000030517578,17.68000030517578,17.68000030517578,0,17.68000030517578
2018-08-23,17.68000030517578,17.68000030517578,17.68000030517578,17.68000030517578,0,17.68000030517578
2018-08-24,17.68000030517578,17.68000030517578,17.68000030517578,17.68000030517578,0,17.68000030517578
2018-08-27,17.68000030517578,17.68000030517578,17.68000030517578,17.68000030517578,0,17.68000030517578
2018-08-28,17.68000030517578,17.68000030517578,17.68000030517578,17.68000030517578,0,17.68000030517578
2018-08-29,17.68000030517578,17.68000030517578,17.68000030517578,17.68000030517578,0,17.68000030517578
2018-08-30,17.68000030517578,17.68000030517578,17.68000030517578,17.68000030517578,0,17.68000030517578
2018-08-31,17.68000030517578,17.68000030517578,17.68000030517578,17.68000030517578,0,17.68000030517578
2018-09-04,17.68000030517578,17.68000030517578,17.68000030517578,17.68000030517578,0,17.68000030517578
2018-09-05,17.68000030517578,17.68000030517578,17.68000030517578,17.68000030517578,0,17.68000030517578
2018-09-06,18.079999923706055,18.079999923706055,18.079999923706055,18.079999923706055,200,18.079999923706055
2018-09-07,18.079999923706055,18.079999923706055,18.079999923706055,18.079999923706055,0,18.079999923706055
2018-09-10,18.079999923706055,18.079999923706055,18.079999923706055,18.079999923706055,0,18.079999923706055
2018-09-11,18.079999923706055,18.079999923706055,18.079999923706055,18.079999923706055,0,18.079999923706055
2018-09-12,18.079999923706055,18.079999923706055,18.079999923706055,18.079999923706055,0,18.079999923706055
2018-09-13,17.280000686645508,17.280000686645508,17.280000686645508,17.280000686645508,100,17.280000686645508
2018-09-14,17.219999313354492,17.20199966430664,17.219999313354492,17.20199966430664,900,17.20199966430664
2018-09-17,17.20199966430664,17.20199966430664,17.20199966430664,17.20199966430664,0,17.20199966430664
2018-09-18,17.20199966430664,17.20199966430664,17.20199966430664,17.20199966430664,0,17.20199966430664
2018-09-19,17.20199966430664,17.20199966430664,17.20199966430664,17.20199966430664,0,17.20199966430664
2018-09-20,17.20199966430664,17.20199966430664,17.20199966430664,17.20199966430664,100,17.20199966430664
2018-09-21,17.20199966430664,17.20199966430664,17.20199966430664,17.20199966430664,0,17.20199966430664
2018-09-24,17.20199966430664,17.20199966430664,17.20199966430664,17.20199966430664,0,17.20199966430664
2018-09-25,16.969999313354492,16.961999893188477,16.969999313354492,16.961999893188477,500,16.961999893188477
2018-09-26,17.170000076293945,17.170000076293945,17.170000076293945,17.170000076293945,500,17.170000076293945
2018-09-27,17.170000076293945,17.170000076293945,17.170000076293945,17.170000076293945,0,17.170000076293945
2018-09-28,17.170000076293945,17.170000076293945,17.170000076293945,17.170000076293945,0,17.170000076293945
2018-10-01,17.170000076293945,17.170000076293945,17.170000076293945,17.170000076293945,0,17.170000076293945
2018-10-02,17.170000076293945,17.170000076293945,17.170000076293945,17.170000076293945,0,17.170000076293945
2018-10-03,17.170000076293945,17.170000076293945,17.170000076293945,17.170000076293945,100,17.170000076293945
2018-10-04,17.170000076293945,17.170000076293945,17.170000076293945,17.170000076293945,0,17.170000076293945
2018-10-05,17.520000457763672,17.520000457763672,17.520000457763672,17.520000457763672,1100,17.520000457763672
2018-10-08,17.520000457763672,17.520000457763672,17.520000457763672,17.520000457763672,0,17.520000457763672
2018-10-09,17.520000457763672,17.520000457763672,17.520000457763672,17.520000457763672,0,17.520000457763672
2018-10-10,17.520000457763672,17.520000457763672,17.520000457763672,17.520000457763672,0,17.520000457763672
2018-10-11,19.0,18.889999389648438,19.0,18.889999389648438,1100,18.889999389648438
2018-10-12,19.059999465942383,19.049999237060547,19.049999237060547,19.059999465942383,800,19.059999465942383
2018-10-15,19.059999465942383,19.059999465942383,19.059999465942383,19.059999465942383,0,19.059999465942383
2018-10-16,19.260000228881836,19.260000228881836,19.260000228881836,19.260000228881836,200,19.260000228881836
2018-10-17,19.260000228881836,19.260000228881836,19.260000228881836,19.260000228881836,0,19.260000228881836
2018-10-18,19.260000228881836,19.260000228881836,19.260000228881836,19.260000228881836,0,19.260000228881836
2018-10-19,19.56999969482422,19.56999969482422,19.56999969482422,19.56999969482422,100,19.56999969482422
2018-10-22,19.56999969482422,19.56999969482422,19.56999969482422,19.56999969482422,0,19.56999969482422
2018-10-23,19.56999969482422,19.56999969482422,19.56999969482422,19.56999969482422,0,19.56999969482422
2018-10-24,19.56999969482422,19.56999969482422,19.56999969482422,19.56999969482422,0,19.56999969482422
2018-10-25,19.56999969482422,19.56999969482422,19.56999969482422,19.56999969482422,100,19.56999969482422
2018-10-26,19.56999969482422,19.56999969482422,19.56999969482422,19.56999969482422,0,19.56999969482422
2018-10-29,19.56999969482422,19.56999969482422,19.56999969482422,19.56999969482422,0,19.56999969482422
2018-10-30,19.56999969482422,19.56999969482422,19.56999969482422,19.56999969482422,0,19.56999969482422
2018-10-31,19.56999969482422,19.56999969482422,19.56999969482422,19.56999969482422,0,19.56999969482422
2018-11-01,19.56999969482422,19.56999969482422,19.56999969482422,19.56999969482422,0,19.56999969482422
2018-11-02,19.56999969482422,19.56999969482422,19.56999969482422,19.56999969482422,0,19.56999969482422
2018-11-05,20.239999771118164,20.020000457763672,20.200000762939453,20.020000457763672,7100,20.020000457763672
2018-11-06,19.777000427246094,19.777000427246094,19.777000427246094,19.777000427246094,100,19.777000427246094
2018-11-07,19.149999618530273,19.049999237060547,19.059999465942383,19.149999618530273,1500,19.149999618530273
2018-11-08,19.100000381469727,18.850000381469727,19.0,18.850000381469727,1800,18.850000381469727
2018-11-09,19.059999465942383,18.899999618530273,18.899999618530273,19.059999465942383,1400,19.059999465942383
2018-11-12,19.059999465942383,19.059999465942383,19.059999465942383,19.059999465942383,0,19.059999465942383
2018-11-13,20.139999389648438,20.139999389648438,20.139999389648438,20.139999389648438,1900,20.139999389648438
2018-11-14,20.139999389648438,20.139999389648438,20.139999389648438,20.139999389648438,100,20.139999389648438
2018-11-15,20.139999389648438,20.139999389648438,20.139999389648438,20.139999389648438,0,20.139999389648438
2018-11-16,20.139999389648438,20.139999389648438,20.139999389648438,20.139999389648438,0,20.139999389648438
2018-11-19,20.139999389648438,20.139999389648438,20.139999389648438,20.139999389648438,0,20.139999389648438
2018-11-20,21.260000228881836,21.100000381469727,21.100000381469727,21.260000228881836,800,21.260000228881836
2018-11-21,21.399999618530273,21.399999618530273,21.399999618530273,21.399999618530273,300,21.399999618530273
2018-11-23,21.264999389648438,20.985000610351562,20.985000610351562,21.264999389648438,700,21.264999389648438
2018-11-26,20.7549991607666,20.540000915527344,20.75,20.75,2200,20.75
2018-11-27,20.454999923706055,20.454999923706055,20.454999923706055,20.454999923706055,200,20.454999923706055
2018-11-28,20.579999923706055,20.364999771118164,20.364999771118164,20.459999084472656,900,20.459999084472656
2018-11-29,20.219999313354492,20.100000381469727,20.100000381469727,20.1200008392334,1200,20.1200008392334
2018-11-30,20.1200008392334,20.1200008392334,20.1200008392334,20.1200008392334,0,20.1200008392334
2018-12-03,19.299999237060547,19.059999465942383,19.15999984741211,19.059999465942383,6800,19.059999465942383
2018-12-04,20.040000915527344,19.239999771118164,19.239999771118164,20.040000915527344,1000,20.040000915527344
2018-12-06,21.207000732421875,20.549999237060547,20.920000076293945,20.559999465942383,8400,20.559999465942383
2018-12-07,21.065000534057617,20.81999969482422,20.81999969482422,21.065000534057617,900,21.065000534057617
2018-12-10,21.360000610351562,21.100000381469727,21.100000381469727,21.149999618530273,1900,21.149999618530273
2018-12-11,21.152999877929688,21.152999877929688,21.152999877929688,21.152999877929688,100,21.152999877929688
2018-12-12,21.091999053955078,20.950000762939453,21.049999237060547,21.091999053955078,2500,21.091999053955078
2018-12-13,21.12299919128418,20.799999237060547,20.799999237060547,21.12299919128418,400,21.12299919128418
2018-12-14,21.12299919128418,21.12299919128418,21.12299919128418,21.12299919128418,0,21.12299919128418
2018-12-17,22.15999984741211,21.899999618530273,21.899999618530273,22.049999237060547,4900,22.049999237060547
2018-12-18,22.049999237060547,22.049999237060547,22.049999237060547,22.049999237060547,0,22.049999237060547
2018-12-19,22.222000122070312,22.222000122070312,22.222000122070312,22.222000122070312,300,22.222000122070312
2018-12-20,22.530000686645508,22.530000686645508,22.530000686645508,22.530000686645508,500,22.530000686645508
2018-12-21,22.65999984741211,22.299999237060547,22.299999237060547,22.65999984741211,2000,22.65999984741211
2018-12-24,22.65999984741211,22.65999984741211,22.65999984741211,22.65999984741211,0,22.65999984741211
2018-12-26,22.65999984741211,22.65999984741211,22.65999984741211,22.65999984741211,0,22.65999984741211
2018-12-27,22.579999923706055,22.520000457763672,22.579999923706055,22.576000213623047,1300,22.576000213623047
2018-12-28,22.559999465942383,22.54599952697754,22.559999465942383,22.54599952697754,400,22.54599952697754
2018-12-31,22.290000915527344,22.239999771118164,22.277999877929688,22.290000915527344,900,22.290000915527344
2019-01-02,22.02199935913086,22.02199935913086,22.02199935913086,22.02199935913086,0,22.02199935913086
2019-01-03,22.799999237060547,22.399999618530273,22.399999618530273,22.649999618530273,1000,22.649999618530273
2019-01-04,22.100000381469727,21.860000610351562,22.100000381469727,21.8799991607666,6400,21.8799991607666
2019-01-07,21.81999969482422,21.459999084472656,21.719999313354492,21.535999298095703,4800,21.535999298095703
2019-01-08,21.700000762939453,21.450000762939453,21.450000762939453,21.451000213623047,1600,21.451000213623047
2019-01-09,21.40999984741211,21.139999389648438,21.280000686645508,21.225000381469727,9800,21.225000381469727
2019-01-10,21.399999618530273,21.20599937438965,21.399999618530273,21.20599937438965,100,21.20599937438965
2019-01-11,21.079999923706055,20.979999542236328,21.059999465942383,20.979999542236328,3500,20.979999542236328
2019-01-14,21.049999237060547,20.75,21.049999237060547,20.832000732421875,700,20.832000732421875
2019-01-15,20.649999618530273,20.31999969482422,20.649999618530273,20.329999923706055,6800,20.329999923706055
2019-01-16,20.3799991607666,20.219999313354492,20.239999771118164,20.3799991607666,3700,20.3799991607666
2019-01-17,20.540000915527344,20.47100067138672,20.47100067138672,20.4950008392334,1200,20.4950008392334
2019-01-18,20.149999618530273,20.020000457763672,20.149999618530273,20.059999465942383,4800,20.059999465942383
2019-01-22,20.670000076293945,20.219999313354492,20.350000381469727,20.607999801635742,11200,20.607999801635742
2019-01-23,20.84000015258789,20.76099967956543,20.780000686645508,20.76099967956543,2100,20.76099967956543
2019-01-24,20.75,20.354000091552734,20.75,20.354000091552734,4900,20.354000091552734
2019-01-25,20.329999923706055,19.950000762939453,20.290000915527344,20.010000228881836,23300,20.010000228881836
2019-01-28,20.489999771118164,20.219999313354492,20.479999542236328,20.309999465942383,3300,20.309999465942383
2019-01-29,20.399999618530273,20.145000457763672,20.299999237060547,20.329999923706055,12500,20.329999923706055
2019-01-30,20.299999237060547,19.950000762939453,20.170000076293945,20.020000457763672,14700,20.020000457763672
2019-01-31,19.969999313354492,19.56999969482422,19.899999618530273,19.56999969482422,25700,19.56999969482422
2019-02-01,19.6299991607666,19.360000610351562,19.570999145507812,19.43000030517578,21200,19.43000030517578
2019-02-04,19.5,19.049999237060547,19.5,19.100000381469727,71900,19.100000381469727
2019-02-05,18.959999084472656,18.648000717163086,18.959999084472656,18.8799991607666,20900,18.8799991607666
2019-02-06,18.899999618530273,18.670000076293945,18.719999313354492,18.770000457763672,15600,18.770000457763672
2019-02-07,19.360000610351562,18.969999313354492,19.06399917602539,18.969999313354492,32000,18.969999313354492
2019-02-08,19.309999465942383,18.860000610351562,19.15999984741211,18.969999313354492,15800,18.969999313354492
2019-02-11,19.020000457763672,18.829999923706055,18.850000381469727,18.882999420166016,14500,18.882999420166016
2019-02-12,18.829999923706055,18.59000015258789,18.670000076293945,18.799999237060547,16200,18.799999237060547
2019-02-13,18.780000686645508,18.60300064086914,18.739999771118164,18.649999618530273,22500,18.649999618530273
2019-02-14,18.889999389648438,18.600000381469727,18.850000381469727,18.77400016784668,8500,18.77400016784668
2019-02-15,18.801000595092773,18.56999969482422,18.719999313354492,18.56999969482422,18500,18.56999969482422
2019-02-19,18.56999969482422,18.329999923706055,18.549999237060547,18.43000030517578,20800,18.43000030517578
2019-02-20,18.482999801635742,18.239999771118164,18.459999084472656,18.239999771118164,12400,18.239999771118164
2019-02-21,18.469999313354492,18.09000015258789,18.34000015258789,18.280000686645508,21000,18.280000686645508
2019-02-22,18.229999542236328,17.959999084472656,18.229999542236328,18.010000228881836,22500,18.010000228881836
2019-02-25,17.969999313354492,17.6200008392334,17.8799991607666,17.940000534057617,16200,17.940000534057617
2019-02-26,18.1200008392334,17.920000076293945,18.049999237060547,18.09000015258789,9300,18.09000015258789
2019-02-27,18.299999237060547,17.889999389648438,18.170000076293945,17.959999084472656,8000,17.959999084472656
2019-02-28,18.0,17.815000534057617,17.979999542236328,17.899999618530273,13500,17.899999618530273
2019-03-01,17.770000457763672,17.530000686645508,17.700000762939453,17.579999923706055,21600,17.579999923706055
2019-03-04,18.059999465942383,17.549999237060547,17.56999969482422,17.899999618530273,27200,17.899999618530273
2019-03-05,18.020000457763672,17.799999237060547,17.860000610351562,17.860000610351562,15500,17.860000610351562
2019-03-06,18.149999618530273,17.920000076293945,17.950000762939453,18.139999389648438,10900,18.139999389648438
2019-03-07,18.649999618530273,18.299999237060547,18.530000686645508,18.510000228881836,33600,18.510000228881836
2019-03-08,18.979999542236328,18.670000076293945,18.809999465942383,18.670000076293945,15900,18.670000076293945
2019-03-11,18.40999984741211,17.969999313354492,18.399999618530273,18.0,140300,18.0
2019-03-12,17.93000030517578,17.805999755859375,17.8700008392334,17.81999969482422,11700,17.81999969482422
2019-03-13,17.790000915527344,17.700000762939453,17.790000915527344,17.709999084472656,16900,17.709999084472656
2019-03-14,17.790000915527344,17.62299919128418,17.690000534057617,17.709999084472656,7600,17.709999084472656
2019-03-15,17.725000381469727,17.5,17.725000381469727,17.632999420166016,9000,17.632999420166016
2019-03-18,17.68000030517578,17.540000915527344,17.600000381469727,17.625999450683594,8100,17.625999450683594
2019-03-19,17.940000534057617,17.739999771118164,17.84000015258789,17.799999237060547,28000,17.799999237060547
2019-03-20,17.920000076293945,17.700000762939453,17.8700008392334,17.850000381469727,10800,17.850000381469727
2019-03-21,17.860000610351562,17.6560001373291,17.860000610351562,17.746000289916992,7500,17.746000289916992
2019-03-22,18.40999984741211,17.760000228881836,17.799999237060547,18.34000015258789,36700,18.34000015258789
2019-03-25,18.55900001525879,18.22100067138672,18.489999771118164,18.479999542236328,21700,18.479999542236328
2019-03-26,18.3799991607666,18.1200008392334,18.1200008392334,18.219999313354492,21900,18.219999313354492
2019-03-27,18.610000610351562,18.239999771118164,18.239999771118164,18.459999084472656,9300,18.459999084472656
2019-03-28,18.600000381469727,18.360000610351562,18.450000762939453,18.391000747680664,2200,18.391000747680664
2019-03-29,18.309999465942383,18.0,18.309999465942383,18.059999465942383,13700,18.059999465942383
2019-04-01,17.899999618530273,17.77400016784668,17.81999969482422,17.77400016784668,11400,17.77400016784668
2019-04-02,17.950000762939453,17.790000915527344,17.790000915527344,17.950000762939453,12400,17.950000762939453
2019-04-03,17.860000610351562,17.780000686645508,17.81999969482422,17.860000610351562,4600,17.860000610351562
2019-04-04,17.799999237060547,17.683000564575195,17.799999237060547,17.797000885009766,3900,17.797000885009766
2019-04-05,17.739999771118164,17.600000381469727,17.6299991607666,17.639999389648438,15400,17.639999389648438
2019-04-08,17.65999984741211,17.4689998626709,17.600000381469727,17.4689998626709,4700,17.4689998626709
2019-04-09,17.940000534057617,17.649999618530273,17.709999084472656,17.90999984741211,15200,17.90999984741211
2019-04-10,17.850000381469727,17.684999465942383,17.799999237060547,17.780000686645508,6200,17.780000686645508
2019-04-11,17.709999084472656,17.56999969482422,17.709999084472656,17.59000015258789,9400,17.59000015258789
2019-04-12,17.639999389648438,17.295000076293945,17.295000076293945,17.549999237060547,10600,17.549999237060547
2019-04-15,17.700000762939453,17.450000762939453,17.540000915527344,17.450000762939453,2400,17.450000762939453
2019-04-16,17.690000534057617,17.5,17.5,17.68000030517578,32100,17.68000030517578
2019-04-17,17.90999984741211,17.670000076293945,17.729999542236328,17.68000030517578,261200,17.68000030517578
2019-04-18,17.739999771118164,17.59000015258789,17.59000015258789,17.6200008392334,10000,17.6200008392334
2019-04-22,17.83099937438965,17.440000534057617,17.559999465942383,17.469999313354492,8800,17.469999313354492
2019-04-23,17.489999771118164,17.40999984741211,17.43000030517578,17.48900032043457,11100,17.48900032043457
2019-04-24,17.600000381469727,17.489999771118164,17.530000686645508,17.520999908447266,11000,17.520999908447266
2019-04-25,17.780000686645508,17.440000534057617,17.600000381469727,17.760000228881836,23000,17.760000228881836
2019-04-26,17.790000915527344,17.540000915527344,17.790000915527344,17.540000915527344,16500,17.540000915527344
2019-04-29,17.719999313354492,17.559999465942383,17.559999465942383,17.649999618530273,8300,17.649999618530273
2019-04-30,17.773000717163086,17.65999984741211,17.739999771118164,17.68000030517578,9400,17.68000030517578
2019-05-01,17.950000762939453,17.520000457763672,17.700000762939453,17.950000762939453,13700,17.950000762939453
2019-05-02,18.239999771118164,17.8700008392334,18.059999465942383,18.11400032043457,14100,18.11400032043457
2019-05-03,17.850000381469727,17.600000381469727,17.799999237060547,17.610000610351562,13500,17.610000610351562
2019-05-06,18.25,17.850000381469727,18.25,17.889999389648438,27600,17.889999389648438
2019-05-07,19.399999618530273,18.110000610351562,18.299999237060547,19.020000457763672,28900,19.020000457763672
2019-05-08,18.8799991607666,18.420000076293945,18.770000457763672,18.649999618530273,36500,18.649999618530273
2019-05-09,19.15999984741211,18.65999984741211,18.89699935913086,18.739999771118164,95800,18.739999771118164
2019-05-10,18.989999771118164,18.010000228881836,18.729999542236328,18.010000228881836,101700,18.010000228881836
2019-05-13,19.350000381469727,18.790000915527344,18.889999389648438,19.1560001373291,75500,19.1560001373291
2019-05-14,18.90999984741211,18.520000457763672,18.90999984741211,18.59000015258789,39300,18.59000015258789
2019-05-15,18.75,18.219999313354492,18.649999618530273,18.239999771118164,23100,18.239999771118164
2019-05-16,18.260000228881836,17.93000030517578,18.209999084472656,18.030000686645508,70500,18.030000686645508
2019-05-17,18.43000030517578,18.040000915527344,18.43000030517578,18.139999389648438,10500,18.139999389648438
2019-05-20,18.510000228881836,18.190000534057617,18.290000915527344,18.299999237060547,7400,18.299999237060547
2019-05-21,18.190000534057617,18.010000228881836,18.09000015258789,18.079999923706055,8600,18.079999923706055
2019-05-22,18.100000381469727,17.969999313354492,18.100000381469727,17.989999771118164,11100,17.989999771118164
2019-05-23,18.524999618530273,18.350000381469727,18.36199951171875,18.469999313354492,62800,18.469999313354492
2019-05-24,18.56999969482422,18.299999237060547,18.299999237060547,18.56999969482422,11400,18.56999969482422
2019-05-28,18.65999984741211,18.309999465942383,18.34000015258789,18.6299991607666,8100,18.6299991607666
2019-05-29,18.90999984741211,18.638999938964844,18.84000015258789,18.829999923706055,8500,18.829999923706055
2019-05-30,18.889999389648438,18.649999618530273,18.780000686645508,18.780000686645508,13100,18.780000686645508
2019-05-31,19.139999389648438,19.0,19.030000686645508,19.079999923706055,63700,19.079999923706055
2019-06-03,19.420000076293945,18.899999618530273,19.1200008392334,19.139999389648438,9700,19.139999389648438
2019-06-04,18.885000228881836,18.59000015258789,18.81999969482422,18.6299991607666,50400,18.6299991607666
2019-06-05,18.6200008392334,18.31999969482422,18.43000030517578,18.360000610351562,68700,18.360000610351562
2019-06-06,18.450000762939453,18.239999771118164,18.358999252319336,18.25,6100,18.25
2019-06-07,18.34000015258789,18.110000610351562,18.1200008392334,18.299999237060547,5000,18.299999237060547
2019-06-10,18.229999542236328,18.149999618530273,18.149999618530273,18.170000076293945,3500,18.170000076293945
2019-06-11,18.299999237060547,18.079999923706055,18.079999923706055,18.239999771118164,8600,18.239999771118164
2019-06-12,18.3700008392334,18.329999923706055,18.3700008392334,18.3700008392334,14000,18.3700008392334
2019-06-13,18.399999618530273,18.239999771118164,18.280000686645508,18.350000381469727,16400,18.350000381469727
2019-06-14,18.415000915527344,18.190000534057617,18.415000915527344,18.200000762939453,21100,18.200000762939453
2019-06-17,18.200000762939453,18.06999969482422,18.200000762939453,18.06999969482422,5100,18.06999969482422
2019-06-18,18.1299991607666,17.84000015258789,17.979999542236328,18.1299991607666,12800,18.1299991607666
2019-06-19,18.110000610351562,17.920000076293945,18.058000564575195,18.040000915527344,6800,18.040000915527344
2019-06-20,18.139999389648438,17.790000915527344,17.881000518798828,17.799999237060547,12800,17.799999237060547
2019-06-21,18.239999771118164,17.889999389648438,17.90999984741211,18.219999313354492,61700,18.219999313354492
2019-06-24,18.15999984741211,17.989999771118164,18.110000610351562,18.100000381469727,26400,18.100000381469727
2019-06-25,18.40999984741211,18.15999984741211,18.15999984741211,18.40999984741211,3200,18.40999984741211
2019-06-26,18.399999618530273,18.25,18.350000381469727,18.329999923706055,5100,18.329999923706055
2019-06-27,18.389999389648438,18.219999313354492,18.290000915527344,18.239999771118164,14700,18.239999771118164
2019-06-28,18.200000762939453,18.020000457763672,18.139999389648438,18.030000686645508,12900,18.030000686645508
2019-07-01,17.73699951171875,17.559999465942383,17.729999542236328,17.600000381469727,11100,17.600000381469727
2019-07-02,17.670000076293945,17.440000534057617,17.593000411987305,17.459999084472656,11200,17.459999084472656
2019-07-03,17.469999313354492,17.350000381469727,17.450000762939453,17.3700008392334,16600,17.3700008392334
2019-07-05,17.690000534057617,17.312999725341797,17.520000457763672,17.312999725341797,16500,17.312999725341797
2019-07-08,17.6299991607666,17.360000610351562,17.548999786376953,17.6299991607666,18000,17.6299991607666
2019-07-09,17.65999984741211,17.56999969482422,17.639999389648438,17.65999984741211,8700,17.65999984741211
2019-07-10,17.549999237060547,17.459999084472656,17.459999084472656,17.469999313354492,13800,17.469999313354492
2019-07-11,17.579999923706055,17.360000610351562,17.450000762939453,17.360000610351562,11100,17.360000610351562
2019-07-12,17.3799991607666,17.299999237060547,17.299999237060547,17.347999572753906,5000,17.347999572753906
2019-07-15,17.5,17.309999465942383,17.40999984741211,17.309999465942383,8400,17.309999465942383
2019-07-16,17.6200008392334,17.3799991607666,17.389999389648438,17.600000381469727,4900,17.600000381469727
2019-07-17,17.709999084472656,17.459999084472656,17.459999084472656,17.700000762939453,5800,17.700000762939453
2019-07-18,17.809999465942383,17.59000015258789,17.707000732421875,17.809999465942383,18000,17.809999465942383
2019-07-19,17.829999923706055,17.600000381469727,17.600000381469727,17.790000915527344,7400,17.790000915527344
2019-07-22,17.860000610351562,17.670000076293945,17.780000686645508,17.860000610351562,18200,17.860000610351562
2019-07-23,17.739999771118164,17.3799991607666,17.649999618530273,17.3799991607666,14800,17.3799991607666
2019-07-24,17.450000762939453,17.15999984741211,17.440000534057617,17.18000030517578,24000,17.18000030517578
2019-07-25,17.489999771118164,17.299999237060547,17.350000381469727,17.489999771118164,4000,17.489999771118164
2019-07-26,17.31999969482422,17.209999084472656,17.31999969482422,17.309999465942383,4700,17.309999465942383
2019-07-29,17.375,17.280000686645508,17.34000015258789,17.329999923706055,9200,17.329999923706055
2019-07-30,17.454999923706055,17.309999465942383,17.40999984741211,17.42300033569336,31100,17.42300033569336
2019-07-31,18.049999237060547,17.399999618530273,17.56999969482422,18.049999237060547,26500,18.049999237060547
2019-08-01,18.389999389648438,17.670000076293945,17.829999923706055,18.299999237060547,29200,18.299999237060547
2019-08-02,18.510000228881836,18.200000762939453,18.309999465942383,18.350000381469727,34900,18.350000381469727
2019-08-05,19.190000534057617,18.690000534057617,18.690000534057617,19.1200008392334,54300,19.1200008392334
2019-08-06,19.280000686645508,18.700000762939453,18.75,19.030000686645508,161800,19.030000686645508
2019-08-07,19.493000030517578,18.81999969482422,19.280000686645508,18.8700008392334,55300,18.8700008392334
2019-08-08,18.899999618530273,18.25,18.899999618530273,18.34000015258789,122600,18.34000015258789
2019-08-09,18.68000030517578,18.31999969482422,18.31999969482422,18.6200008392334,105100,18.6200008392334
2019-08-12,19.31999969482422,18.780000686645508,19.010000228881836,19.295000076293945,49000,19.295000076293945
2019-08-13,19.649999618530273,18.6299991607666,19.649999618530273,18.68000030517578,71700,18.68000030517578
2019-08-14,20.15999984741211,19.139999389648438,19.219999313354492,20.15999984741211,119700,20.15999984741211
2019-08-15,20.079999923706055,19.610000610351562,19.780000686645508,19.649999618530273,58900,19.649999618530273
2019-08-16,19.450000762939453,19.110000610351562,19.450000762939453,19.110000610351562,103200,19.110000610351562
2019-08-19,19.0,18.75,18.924999237060547,18.75,74300,18.75
2019-08-20,19.15999984741211,18.75,18.780000686645508,19.15999984741211,18200,19.15999984741211
2019-08-21,19.058000564575195,18.809999465942383,18.8700008392334,18.8799991607666,25700,18.8799991607666
2019-08-22,19.040000915527344,18.860000610351562,18.860000610351562,18.940000534057617,8700,18.940000534057617
2019-08-23,20.270000457763672,18.90999984741211,19.200000762939453,20.06999969482422,26900,20.06999969482422
2019-08-26,20.0,19.799999237060547,19.863000869750977,19.959999084472656,9200,19.959999084472656
2019-08-27,20.18000030517578,19.645000457763672,19.649999618530273,20.110000610351562,14400,20.110000610351562
2019-08-28,20.579999923706055,19.989999771118164,20.533000946044922,19.989999771118164,17000,19.989999771118164
2019-08-29,19.670000076293945,19.510000228881836,19.639999389648438,19.56999969482422,24100,19.56999969482422
2019-08-30,19.81999969482422,19.59000015258789,19.59000015258789,19.731000900268555,3800,19.731000900268555
2019-09-03,20.25,19.75,19.75,20.170000076293945,5300,20.170000076293945
2019-09-04,19.989999771118164,19.5,19.899999618530273,19.5,8600,19.5
2019-09-05,19.31999969482422,19.010000228881836,19.114999771118164,19.1200008392334,11400,19.1200008392334
2019-09-06,19.299999237060547,18.952999114990234,19.219999313354492,19.079999923706055,7800,19.079999923706055
2019-09-09,19.25,18.959999084472656,19.040000915527344,18.969999313354492,10200,18.969999313354492
2019-09-10,19.260000228881836,18.8700008392334,19.260000228881836,19.07699966430664,2500,19.07699966430664
2019-09-11,19.079999923706055,18.950000762939453,19.079999923706055,19.020000457763672,35300,19.020000457763672
2019-09-12,18.969999313354492,18.760000228881836,18.899999618530273,18.760000228881836,68600,18.760000228881836
2019-09-13,18.889999389648438,18.709999084472656,18.780000686645508,18.82699966430664,19900,18.82699966430664
2019-09-16,19.06999969482422,18.790000915527344,18.81999969482422,18.993000030517578,22600,18.993000030517578
2019-09-17,19.329999923706055,19.25,19.329999923706055,19.31999969482422,3000,19.31999969482422
2019-09-18,19.559999465942383,19.06999969482422,19.420000076293945,19.06999969482422,59800,19.06999969482422
2019-09-19,19.038999557495117,18.81999969482422,18.910999298095703,18.969999313354492,9600,18.969999313354492
2019-09-20,19.51799964904785,18.930999755859375,18.930999755859375,19.458999633789062,7900,19.458999633789062
2019-09-23,19.719999313354492,19.329999923706055,19.360000610351562,19.54599952697754,51300,19.54599952697754
2019-09-24,19.860000610351562,19.260000228881836,19.270000457763672,19.850000381469727,31400,19.850000381469727
2019-09-25,19.93000030517578,19.600000381469727,19.68000030517578,19.649999618530273,18300,19.649999618530273
2019-09-26,19.829999923706055,19.649999618530273,19.760000228881836,19.770000457763672,29800,19.770000457763672
2019-09-27,20.020000457763672,19.6299991607666,19.719999313354492,20.010000228881836,13800,20.010000228881836
2019-09-30,19.899999618530273,19.549999237060547,19.8700008392334,19.790000915527344,32300,19.790000915527344
2019-10-01,20.170000076293945,19.520000457763672,19.54400062561035,20.1200008392334,10800,20.1200008392334
2019-10-02,20.700000762939453,20.350000381469727,20.350000381469727,20.649999618530273,15100,20.649999618530273
2019-10-03,21.09000015258789,20.40999984741211,20.700000762939453,20.40999984741211,15400,20.40999984741211
2019-10-04,20.290000915527344,19.93000030517578,20.239999771118164,19.93000030517578,15400,19.93000030517578
2019-10-07,20.219999313354492,19.829999923706055,20.1200008392334,19.889999389648438,52800,19.889999389648438
2019-10-08,20.799999237060547,20.260000228881836,20.299999237060547,20.799999237060547,202000,20.799999237060547
2019-10-09,20.729999542236328,20.350000381469727,20.600000381469727,20.530000686645508,6800,20.530000686645508
2019-10-10,20.559999465942383,20.190000534057617,20.530000686645508,20.214000701904297,105300,20.214000701904297
2019-10-11,19.969999313354492,19.454999923706055,19.969999313354492,19.65999984741211,244900,19.65999984741211
2019-10-14,20.030000686645508,19.5,20.030000686645508,19.549999237060547,20400,19.549999237060547
2019-10-15,19.399999618530273,19.18000030517578,19.329999923706055,19.3700008392334,14900,19.3700008392334
2019-10-16,19.469999313354492,19.329999923706055,19.469999313354492,19.340999603271484,3400,19.340999603271484
2019-10-17,19.459999084472656,19.100000381469727,19.190000534057617,19.209999084472656,5600,19.209999084472656
2019-10-18,19.3799991607666,19.1200008392334,19.1200008392334,19.3700008392334,11700,19.3700008392334
2019-10-21,19.270000457763672,19.09000015258789,19.270000457763672,19.110000610351562,22800,19.110000610351562
2019-10-22,19.229999542236328,18.899999618530273,19.0,19.229999542236328,25600,19.229999542236328
2019-10-23,19.260000228881836,19.1299991607666,19.219999313354492,19.149999618530273,16000,19.149999618530273
2019-10-24,19.239999771118164,19.049999237060547,19.110000610351562,19.066999435424805,7800,19.066999435424805
2019-10-25,19.280000686645508,18.829999923706055,19.09000015258789,18.858999252319336,14000,18.858999252319336
2019-10-28,19.0,18.81999969482422,19.0,18.878999710083008,16700,18.878999710083008
2019-10-29,19.110000610351562,18.889999389648438,19.040000915527344,19.0,15700,19.0
2019-10-30,19.09000015258789,18.850000381469727,19.049999237060547,18.8799991607666,8700,18.8799991607666
2019-10-31,19.079999923706055,18.829999923706055,18.850000381469727,19.010000228881836,8500,19.010000228881836
2019-11-01,18.809999465942383,18.600000381469727,18.809999465942383,18.700000762939453,7100,18.700000762939453
2019-11-04,18.65999984741211,18.540000915527344,18.540000915527344,18.642000198364258,8700,18.642000198364258
2019-11-05,18.809999465942383,18.610000610351562,18.6200008392334,18.799999237060547,7500,18.799999237060547
2019-11-06,19.049999237060547,18.8700008392334,18.959999084472656,18.940000534057617,10600,18.940000534057617
2019-11-07,19.0,18.790000915527344,18.864999771118164,18.950000762939453,31300,18.950000762939453
2019-11-08,18.985000610351562,18.770000457763672,18.93000030517578,18.792999267578125,14900,18.792999267578125
2019-11-11,19.0,18.709999084472656,18.920000076293945,18.726999282836914,4200,18.726999282836914
2019-11-12,18.75,18.610000610351562,18.670000076293945,18.739999771118164,9800,18.739999771118164
2019-11-13,18.770000457763672,18.6299991607666,18.690000534057617,18.729999542236328,7600,18.729999542236328
2019-11-14,18.850000381469727,18.6299991607666,18.719999313354492,18.6299991607666,49900,18.6299991607666
2019-11-15,18.48900032043457,18.34000015258789,18.48699951171875,18.389999389648438,47200,18.389999389648438
2019-11-18,18.559999465942383,18.360000610351562,18.489999771118164,18.450000762939453,94800,18.450000762939453
2019-11-19,18.559999465942383,18.329999923706055,18.350000381469727,18.540000915527344,33900,18.540000915527344
2019-11-20,18.899999618530273,18.499000549316406,18.75,18.780000686645508,10700,18.780000686645508
2019-11-21,18.979999542236328,18.802000045776367,18.850000381469727,18.940000534057617,28700,18.940000534057617
2019-11-22,18.889999389648438,18.781999588012695,18.878999710083008,18.829999923706055,7700,18.829999923706055
2019-11-25,18.6299991607666,18.440000534057617,18.6299991607666,18.479999542236328,9300,18.479999542236328
2019-11-26,18.3700008392334,18.260000228881836,18.3700008392334,18.264999389648438,12200,18.264999389648438
2019-11-27,18.290000915527344,18.200000762939453,18.25,18.290000915527344,13700,18.290000915527344
2019-11-29,18.489999771118164,18.389999389648438,18.450000762939453,18.43000030517578,5500,18.43000030517578
2019-12-02,18.950000762939453,18.479999542236328,18.479999542236328,18.920000076293945,29400,18.920000076293945
2019-12-03,19.43000030517578,19.139999389648438,19.260000228881836,19.139999389648438,25100,19.139999389648438
2019-12-04,18.979999542236328,18.889999389648438,18.979999542236328,18.940000534057617,7000,18.940000534057617
2019-12-05,18.959999084472656,18.81999969482422,18.850000381469727,18.88800048828125,11600,18.88800048828125
2019-12-06,18.65999984741211,18.43000030517578,18.639999389648438,18.489999771118164,20200,18.489999771118164
2019-12-09,18.7549991607666,18.510000228881836,18.510000228881836,18.7549991607666,5700,18.7549991607666
2019-12-10,18.90999984741211,18.639999389648438,18.829999923706055,18.84000015258789,12900,18.84000015258789
2019-12-11,18.84000015258789,18.520000457763672,18.790000915527344,18.6200008392334,7500,18.6200008392334
2019-12-12,18.670000076293945,18.190000534057617,18.670000076293945,18.25,12200,18.25
2019-12-13,18.299999237060547,17.81999969482422,18.0,17.81999969482422,17400,17.81999969482422
2019-12-16,17.700000762939453,17.549999237060547,17.700000762939453,17.649999618530273,10900,17.649999618530273
2019-12-17,17.81999969482422,17.687000274658203,17.687000274658203,17.80699920654297,8600,17.80699920654297
2019-12-18,17.790000915527344,17.65999984741211,17.739999771118164,17.790000915527344,6400,17.790000915527344
2019-12-19,17.770000457763672,17.582000732421875,17.770000457763672,17.582000732421875,3000,17.582000732421875
2019-12-20,17.579999923706055,17.45199966430664,17.510000228881836,17.579999923706055,6200,17.579999923706055
2019-12-23,17.6299991607666,17.520000457763672,17.520000457763672,17.610000610351562,13700,17.610000610351562
2019-12-24,17.670000076293945,17.549999237060547,17.652999877929688,17.549999237060547,9100,17.549999237060547
2019-12-26,17.63599967956543,17.5,17.549999237060547,17.590999603271484,13900,17.590999603271484
2019-12-27,17.799999237060547,17.610000610351562,17.610000610351562,17.76799964904785,7800,17.76799964904785
2019-12-30,18.170000076293945,17.690000534057617,17.690000534057617,18.059999465942383,6000,18.059999465942383
2019-12-31,18.15999984741211,17.780000686645508,18.15999984741211,17.809999465942383,1900,17.809999465942383
2020-01-02,17.729999542236328,17.399999618530273,17.729999542236328,17.40999984741211,42600,17.40999984741211
2020-01-03,17.729999542236328,17.530000686645508,17.600000381469727,17.729999542236328,7600,17.729999542236328
2020-01-06,17.860000610351562,17.575000762939453,17.860000610351562,17.6299991607666,17600,17.6299991607666
2020-01-07,17.84000015258789,17.489999771118164,17.84000015258789,17.559999465942383,6200,17.559999465942383
2020-01-08,17.530000686645508,17.19499969482422,17.459999084472656,17.3700008392334,75400,17.3700008392334
2020-01-09,17.226999282836914,17.059999465942383,17.18899917602539,17.059999465942383,9900,17.059999465942383
2020-01-10,17.121000289916992,16.950000762939453,17.083999633789062,16.959999084472656,11300,16.959999084472656
2020-01-13,16.979999542236328,16.81999969482422,16.81999969482422,16.850000381469727,8600,16.850000381469727
2020-01-14,16.90999984741211,16.75,16.860000610351562,16.829999923706055,12800,16.829999923706055
2020-01-15,16.760000228881836,16.68000030517578,16.68000030517578,16.709999084472656,12700,16.709999084472656
2020-01-16,16.58300018310547,16.459999084472656,16.547000885009766,16.530000686645508,30000,16.530000686645508
2020-01-17,16.6299991607666,16.450000762939453,16.549999237060547,16.5,17100,16.5
2020-01-21,16.700000762939453,16.5,16.610000610351562,16.540000915527344,51600,16.540000915527344
2020-01-22,16.610000610351562,16.440000534057617,16.5,16.60300064086914,18100,16.60300064086914
2020-01-23,16.93000030517578,16.649999618530273,16.899999618530273,16.670000076293945,24500,16.670000076293945
2020-01-24,17.049999237060547,16.670000076293945,16.670000076293945,16.860000610351562,127200,16.860000610351562
2020-01-27,17.530000686645508,17.260000228881836,17.3700008392334,17.489999771118164,150800,17.489999771118164
2020-01-28,17.520000457763672,17.09000015258789,17.520000457763672,17.09000015258789,18000,17.09000015258789
2020-01-29,17.229999542236328,16.8700008392334,16.8700008392334,17.229999542236328,5300,17.229999542236328
2020-01-30,17.52899932861328,16.979999542236328,17.43000030517578,16.979999542236328,14200,16.979999542236328
2020-01-31,17.75,17.163999557495117,17.163999557495117,17.649999618530273,37300,17.649999618530273
2020-02-03,17.6200008392334,17.260000228881836,17.6200008392334,17.3799991607666,23900,17.3799991607666
2020-02-04,16.969999313354492,16.739999771118164,16.8799991607666,16.829999923706055,21200,16.829999923706055
2020-02-05,16.780000686645508,16.559999465942383,16.649999618530273,16.639999389648438,12500,16.639999389648438
2020-02-06,16.719999313354492,16.559999465942383,16.690000534057617,16.559999465942383,3600,16.559999465942383
2020-02-07,16.922000885009766,16.72800064086914,16.84000015258789,16.780000686645508,19600,16.780000686645508
2020-02-10,16.799999237060547,16.610000610351562,16.799999237060547,16.649999618530273,9700,16.649999618530273
2020-02-11,16.68199920654297,16.535999298095703,16.549999237060547,16.68199920654297,1300,16.68199920654297
2020-02-12,16.632999420166016,16.440000534057617,16.597000122070312,16.440000534057617,5400,16.440000534057617
2020-02-13,16.746999740600586,16.56999969482422,16.700000762939453,16.670000076293945,8000,16.670000076293945
2020-02-14,16.75,16.540000915527344,16.59000015258789,16.549999237060547,8300,16.549999237060547
2020-02-18,16.84000015258789,16.559999465942383,16.780000686645508,16.84000015258789,6700,16.84000015258789
2020-02-19,16.780000686645508,16.709999084472656,16.760000228881836,16.760000228881836,4700,16.760000228881836
2020-02-20,17.020000457763672,16.770000457763672,16.790000915527344,16.88599967956543,6700,16.88599967956543
2020-02-21,17.290000915527344,17.139999389648438,17.18000030517578,17.170000076293945,8600,17.170000076293945
2020-02-24,18.299999237060547,17.770000457763672,17.989999771118164,18.049999237060547,42000,18.049999237060547
2020-02-25,18.979999542236328,17.799999237060547,17.799999237060547,18.780000686645508,39300,18.780000686645508
2020-02-26,18.913000106811523,18.34000015258789,18.6299991607666,18.739999771118164,38200,18.739999771118164
2020-02-27,19.920000076293945,19.149999618530273,19.600000381469727,19.729999542236328,28500,19.729999542236328
2020-02-28,20.940000534057617,19.75,20.899999618530273,19.75,125100,19.75
2020-03-02,19.969999313354492,19.18000030517578,19.229999542236328,19.469999313354492,43800,19.469999313354492
2020-03-03,20.489999771118164,19.229999542236328,19.229999542236328,20.329999923706055,38700,20.329999923706055
2020-03-04,20.229999542236328,19.90999984741211,20.149999618530273,20.06999969482422,39600,20.06999969482422
2020-03-05,22.1200008392334,20.889999389648438,20.889999389648438,21.719999313354492,40000,21.719999313354492
2020-03-06,24.450000762939453,22.989999771118164,23.65999984741211,23.06999969482422,350900,23.06999969482422
2020-03-09,28.899999618530273,25.110000610351562,28.899999618530273,26.079999923706055,579400,26.079999923706055
2020-03-10,26.31999969482422,24.25,24.510000228881836,25.170000076293945,564400,25.170000076293945
2020-03-11,27.1200008392334,26.100000381469727,26.1200008392334,26.700000762939453,66100,26.700000762939453
2020-03-12,29.670000076293945,27.860000610351562,28.899999618530273,29.100000381469727,108500,29.100000381469727
2020-03-13,29.510000228881836,27.229999542236328,27.290000915527344,27.690000534057617,154800,27.690000534057617
2020-03-16,33.189998626708984,30.0,32.16999816894531,32.77000045776367,81600,32.77000045776367
2020-03-17,33.36000061035156,31.190000534057617,32.15999984741211,32.939998626708984,165100,32.939998626708984
2020-03-18,40.689998626708984,34.63999938964844,35.939998626708984,38.540000915527344,187200,38.540000915527344
2020-03-19,42.11000061035156,36.0099983215332,40.900001525878906,36.93000030517578,134200,36.93000030517578
2020-03-20,37.369998931884766,33.84000015258789,35.93000030517578,37.189998626708984,230600,37.189998626708984
2020-03-23,35.779998779296875,32.5,35.720001220703125,33.4900016784668,145800,33.4900016784668
2020-03-24,29.5,27.3799991607666,29.239999771118164,28.3700008392334,212800,28.3700008392334
2020-03-25,34.0260009765625,29.600000381469727,30.049999237060547,33.41999816894531,76200,33.41999816894531
2020-03-26,33.459999084472656,30.639999389648438,33.459999084472656,31.030000686645508,60800,31.030000686645508
2020-03-27,33.29999923706055,31.81999969482422,32.70000076293945,32.86000061035156,47900,32.86000061035156
2020-03-30,32.650001525878906,31.809999465942383,31.959999084472656,31.950000762939453,31900,31.950000762939453
2020-03-31,32.52000045776367,31.389999389648438,31.899999618530273,31.959999084472656,62500,31.959999084472656
2020-04-01,35.0099983215332,32.58000183105469,33.0099983215332,34.7400016784668,78100,34.7400016784668
2020-04-02,34.68000030517578,33.630001068115234,34.470001220703125,34.415000915527344,48400,34.415000915527344
2020-04-03,34.650001525878906,33.630001068115234,34.0,33.93000030517578,51800,33.93000030517578
2020-04-06,32.7400016784668,32.099998474121094,32.099998474121094,32.45000076293945,53400,32.45000076293945
2020-04-07,32.939998626708984,31.75,32.04999923706055,32.816001892089844,24600,32.816001892089844
2020-04-08,33.2599983215332,32.459999084472656,32.93000030517578,32.867000579833984,174600,32.867000579833984
2020-04-09,32.86000061035156,32.27000045776367,32.65999984741211,32.314998626708984,7500,32.314998626708984
2020-04-13,32.41999816894531,31.850000381469727,31.899999618530273,31.969999313354492,28000,31.969999313354492
2020-04-14,31.53499984741211,31.030000686645508,31.423999786376953,31.350000381469727,11400,31.350000381469727
2020-04-15,32.790000915527344,31.899999618530273,31.969999313354492,32.790000915527344,52100,32.790000915527344
2020-04-16,33.290000915527344,32.220001220703125,32.220001220703125,33.11000061035156,23300,33.11000061035156
2020-04-17,33.029998779296875,32.2400016784668,32.2400016784668,32.52000045776367,10700,32.52000045776367
2020-04-20,34.07500076293945,32.54999923706055,32.54999923706055,34.06999969482422,19300,34.06999969482422
2020-04-21,36.83000183105469,35.189998626708984,35.189998626708984,35.52000045776367,25000,35.52000045776367
2020-04-22,35.33000183105469,34.84700012207031,35.119998931884766,35.2599983215332,11400,35.2599983215332
2020-04-23,35.4900016784668,34.75,34.93000030517578,35.11000061035156,14600,35.11000061035156
2020-04-24,35.18000030517578,33.970001220703125,34.86000061035156,33.970001220703125,16300,33.970001220703125
2020-04-27,33.650001525878906,32.650001525878906,33.52000045776367,32.709999084472656,26100,32.709999084472656
2020-04-28,33.13999938964844,32.119998931884766,32.119998931884766,33.0,36000,33.0
2020-04-29,32.220001220703125,31.75,32.20000076293945,32.15999984741211,9500,32.15999984741211
2020-04-30,32.93000030517578,32.33000183105469,32.33000183105469,32.56999969482422,5600,32.56999969482422
2020-05-01,34.95000076293945,33.43000030517578,33.439998626708984,34.779998779296875,19500,34.779998779296875
2020-05-04,35.61000061035156,34.71099853515625,35.27000045776367,34.722999572753906,19700,34.722999572753906
2020-05-05,34.013999938964844,33.36000061035156,34.0,33.97200012207031,14500,33.97200012207031
2020-05-06,34.29999923706055,33.5,33.630001068115234,34.209999084472656,3700,34.209999084472656
2020-05-07,33.540000915527344,33.040000915527344,33.439998626708984,33.41999816894531,10800,33.41999816894531
2020-05-08,32.959999084472656,32.34000015258789,32.959999084472656,32.380001068115234,32000,32.380001068115234
2020-05-11,32.68000030517578,31.389999389648438,32.61000061035156,31.389999389648438,42200,31.389999389648438
2020-05-12,33.279998779296875,30.8799991607666,30.8799991607666,33.279998779296875,13100,33.279998779296875
2020-05-13,35.439998626708984,32.970001220703125,33.36000061035156,34.619998931884766,28700,34.619998931884766
2020-05-14,36.41999816894531,34.11000061035156,35.63999938964844,34.11000061035156,36800,34.11000061035156
2020-05-15,35.31999969482422,34.224998474121094,35.150001525878906,34.25299835205078,18600,34.25299835205078
2020-05-18,32.939998626708984,32.560001373291016,32.689998626708984,32.79999923706055,18800,32.79999923706055
2020-05-19,33.47999954223633,32.4900016784668,32.83000183105469,33.47999954223633,14800,33.47999954223633
2020-05-20,33.130001068115234,32.380001068115234,32.56999969482422,32.869998931884766,33200,32.869998931884766
2020-05-21,33.560001373291016,32.86000061035156,32.86000061035156,33.38999938964844,14500,33.38999938964844
2020-05-22,33.650001525878906,33.290000915527344,33.47999954223633,33.374000549316406,4500,33.374000549316406
2020-05-26,33.08399963378906,32.38999938964844,32.439998626708984,33.08399963378906,10200,33.08399963378906
2020-05-27,33.5,32.5,32.5099983215332,32.66600036621094,6000,32.66600036621094
2020-05-28,33.38999938964844,32.58300018310547,32.86000061035156,33.119998931884766,14000,33.119998931884766
2020-05-29,33.68000030517578,32.95199966430664,33.349998474121094,32.95199966430664,4300,32.95199966430664
2020-06-01,33.18000030517578,32.84000015258789,33.15999984741211,32.981998443603516,5900,32.981998443603516
2020-06-02,33.060001373291016,32.689998626708984,32.97999954223633,32.689998626708984,15600,32.689998626708984
2020-06-03,32.47999954223633,31.899999618530273,32.47999954223633,31.969999313354492,11300,31.969999313354492
2020-06-04,33.2599983215332,31.3799991607666,33.2599983215332,31.808000564575195,9900,31.808000564575195
2020-06-05,30.770000457763672,30.3700008392334,30.68000030517578,30.459999084472656,25300,30.459999084472656
2020-06-08,30.860000610351562,30.270000457763672,30.39699935913086,30.65999984741211,17400,30.65999984741211
2020-06-09,31.690000534057617,31.010000228881836,31.010000228881836,31.670000076293945,9900,31.670000076293945
2020-06-10,32.04600143432617,30.850000381469727,32.0099983215332,31.308000564575195,10000,31.308000564575195
2020-06-11,35.88999938964844,32.709999084472656,33.33000183105469,35.81999969482422,62300,35.81999969482422
2020-06-12,37.529998779296875,34.619998931884766,35.209999084472656,35.2400016784668,197200,35.2400016784668
2020-06-15,36.970001220703125,34.75,36.38999938964844,34.810001373291016,34400,34.810001373291016
2020-06-16,34.95000076293945,33.290000915527344,33.52000045776367,34.5,116600,34.5
2020-06-17,35.0,34.279998779296875,34.54999923706055,34.67300033569336,9500,34.67300033569336
2020-06-18,35.099998474121094,34.650001525878906,34.779998779296875,34.66999816894531,14000,34.66999816894531
2020-06-19,35.54999923706055,34.099998474121094,34.099998474121094,35.04999923706055,11100,35.04999923706055
2020-06-22,35.33000183105469,34.2400016784668,35.33000183105469,34.41299819946289,27700,34.41299819946289
2020-06-23,33.72999954223633,33.2400016784668,33.619998931884766,33.599998474121094,22500,33.599998474121094
2020-06-24,35.869998931884766,34.060001373291016,34.060001373291016,35.459999084472656,27600,35.459999084472656
2020-06-25,36.22999954223633,34.29999923706055,35.720001220703125,34.29999923706055,13700,34.29999923706055
2020-06-26,36.137001037597656,34.52000045776367,34.52000045776367,36.06999969482422,22000,36.06999969482422
2020-06-29,36.060001373291016,34.939998626708984,35.869998931884766,34.939998626708984,14800,34.939998626708984
2020-06-30,35.130001068115234,33.529998779296875,35.130001068115234,33.66999816894531,15300,33.66999816894531
2020-07-01,33.459999084472656,32.935001373291016,33.33000183105469,33.20000076293945,19800,33.20000076293945
2020-07-02,33.36000061035156,32.25,32.33000183105469,33.224998474121094,16200,33.224998474121094
2020-07-06,33.06999969482422,32.380001068115234,32.400001525878906,32.97600173950195,7800,32.97600173950195
2020-07-07,33.77000045776367,32.810001373291016,33.23099899291992,33.691001892089844,16400,33.691001892089844
2020-07-08,34.04999923706055,33.27000045776367,33.540000915527344,33.27000045776367,77300,33.27000045776367
2020-07-09,34.279998779296875,33.29999923706055,33.31999969482422,33.65800094604492,14000,33.65800094604492
2020-07-10,34.12799835205078,33.279998779296875,33.91999816894531,33.400001525878906,6300,33.400001525878906
2020-07-13,35.60499954223633,33.18000030517578,33.18000030517578,35.45500183105469,20800,35.45500183105469
2020-07-14,35.75,34.04999923706055,35.619998931884766,34.09000015258789,10700,34.09000015258789
2020-07-15,34.75,33.61000061035156,33.61000061035156,33.9900016784668,9800,33.9900016784668
2020-07-16,34.380001068115234,33.77299880981445,34.310001373291016,33.77299880981445,7100,33.77299880981445
2020-07-17,33.7869987487793,33.18000030517578,33.4900016784668,33.20000076293945,9500,33.20000076293945
2020-07-20,33.209999084472656,32.11000061035156,33.209999084472656,32.34000015258789,18500,32.34000015258789
2020-07-21,32.595001220703125,31.625,31.790000915527344,32.45000076293945,4900,32.45000076293945
2020-07-22,32.95800018310547,32.32600021362305,32.70000076293945,32.32600021362305,6000,32.32600021362305
2020-07-23,33.04499816894531,32.220001220703125,32.380001068115234,32.86899948120117,6300,32.86899948120117
2020-07-24,33.59000015258789,33.209999084472656,33.279998779296875,33.209999084472656,6700,33.209999084472656
2020-07-27,33.41400146484375,32.91999816894531,32.91999816894531,33.03900146484375,7500,33.03900146484375
2020-07-28,33.125,32.7599983215332,33.06999969482422,33.125,4900,33.125
2020-07-29,33.13999938964844,32.66999816894531,32.9900016784668,32.95600128173828,4300,32.95600128173828
2020-07-30,34.720001220703125,33.38999938964844,33.81399917602539,33.54999923706055,12600,33.54999923706055
2020-07-31,33.88999938964844,32.93000030517578,32.93000030517578,33.099998474121094,8400,33.099998474121094
2020-08-03,33.209999084472656,32.880001068115234,32.880001068115234,33.209999084472656,8500,33.209999084472656
2020-08-04,32.779998779296875,32.540000915527344,32.7400016784668,32.54999923706055,5700,32.54999923706055
2020-08-05,32.54999923706055,32.224998474121094,32.250999450683594,32.369998931884766,5900,32.369998931884766
2020-08-06,32.4379997253418,32.279998779296875,32.400001525878906,32.29100036621094,7100,32.29100036621094
2020-08-07,32.68000030517578,32.2400016784668,32.68000030517578,32.400001525878906,7500,32.400001525878906
2020-08-10,32.2400016784668,31.81100082397461,32.11000061035156,31.93000030517578,7100,31.93000030517578
2020-08-11,32.65999984741211,31.610000610351562,31.979999542236328,32.65999984741211,9000,32.65999984741211
2020-08-12,32.099998474121094,31.700000762939453,31.920000076293945,31.829999923706055,8500,31.829999923706055
2020-08-13,32.21900177001953,31.80500030517578,32.150001525878906,32.209999084472656,6800,32.209999084472656
2020-08-14,32.72999954223633,32.400001525878906,32.58000183105469,32.50600051879883,14000,32.50600051879883
2020-08-17,32.31999969482422,31.899999618530273,32.290000915527344,31.979999542236328,6100,31.979999542236328
2020-08-18,32.07500076293945,31.558000564575195,31.68000030517578,31.68000030517578,10300,31.68000030517578
2020-08-19,32.209999084472656,31.65999984741211,31.860000610351562,32.209999084472656,4200,32.209999084472656
2020-08-20,32.689998626708984,32.0,32.689998626708984,32.11000061035156,5200,32.11000061035156
2020-08-21,32.75,32.40999984741211,32.459999084472656,32.67599868774414,6200,32.67599868774414
2020-08-24,32.7400016784668,32.27000045776367,32.29999923706055,32.733001708984375,11600,32.733001708984375
2020-08-25,33.09000015258789,32.439998626708984,32.439998626708984,32.65999984741211,27700,32.65999984741211
2020-08-26,32.8650016784668,32.27000045776367,32.529998779296875,32.7400016784668,9400,32.7400016784668
2020-08-27,33.810001373291016,32.540000915527344,32.540000915527344,32.81700134277344,12600,32.81700134277344
2020-08-28,33.349998474121094,32.70000076293945,33.3390007019043,32.90800094604492,6500,32.90800094604492
2020-08-31,33.435001373291016,32.93000030517578,33.130001068115234,33.38800048828125,4900,33.38800048828125
2020-09-01,33.85900115966797,33.52000045776367,33.779998779296875,33.73699951171875,7500,33.73699951171875
2020-09-02,34.599998474121094,33.97999954223633,33.97999954223633,34.494998931884766,8400,34.494998931884766
2020-09-03,35.814998626708984,34.279998779296875,34.380001068115234,35.060001373291016,34500,35.060001373291016
2020-09-04,36.150001525878906,33.81999969482422,34.68000030517578,34.0989990234375,29900,34.0989990234375
2020-09-08,35.0,33.689998626708984,34.849998474121094,33.790000915527344,18400,33.790000915527344
2020-09-09,32.88999938964844,32.52199935913086,32.720001220703125,32.790000915527344,14900,32.790000915527344
2020-09-10,33.77000045776367,32.72999954223633,32.7599983215332,33.119998931884766,35900,33.119998931884766
2020-09-11,33.18000030517578,32.369998931884766,32.58000183105469,32.53900146484375,58400,32.53900146484375
2020-09-14,32.86000061035156,32.34000015258789,32.34000015258789,32.77299880981445,32900,32.77299880981445
2020-09-15,32.904998779296875,32.34000015258789,32.380001068115234,32.854000091552734,26900,32.854000091552734
2020-09-16,33.262001037597656,32.7400016784668,32.77000045776367,33.262001037597656,4000,33.262001037597656
2020-09-17,34.0,33.349998474121094,33.88999938964844,33.88999938964844,13300,33.88999938964844
2020-09-18,34.290000915527344,33.56999969482422,33.86000061035156,34.16999816894531,20700,34.16999816894531
2020-09-21,35.25,34.279998779296875,34.81999969482422,34.46500015258789,51700,34.46500015258789
2020-09-22,35.189998626708984,34.540000915527344,34.540000915527344,34.90999984741211,12200,34.90999984741211
2020-09-23,35.630001068115234,34.7400016784668,34.7400016784668,35.630001068115234,13600,35.630001068115234
2020-09-24,35.970001220703125,35.0,35.79999923706055,35.26499938964844,10000,35.26499938964844
2020-09-25,35.4900016784668,34.63999938964844,35.369998931884766,34.66400146484375,14300,34.66400146484375
2020-09-28,34.52000045776367,34.29999923706055,34.380001068115234,34.45000076293945,8600,34.45000076293945
2020-09-29,34.31999969482422,33.869998931884766,34.31999969482422,34.029998779296875,8000,34.029998779296875
2020-09-30,34.16699981689453,33.88999938964844,33.88999938964844,33.99599838256836,3200,33.99599838256836
2020-10-01,34.59000015258789,33.970001220703125,34.02000045776367,34.422000885009766,6600,34.422000885009766
2020-10-02,35.220001220703125,34.650001525878906,35.220001220703125,34.970001220703125,8300,34.970001220703125
2020-10-05,34.959999084472656,34.119998931884766,34.959999084472656,34.130001068115234,12700,34.130001068115234
2020-10-06,34.53200149536133,33.77000045776367,34.029998779296875,34.119998931884766,14700,34.119998931884766
2020-10-07,34.150001525878906,33.72999954223633,34.150001525878906,33.88999938964844,12300,33.88999938964844
2020-10-08,34.099998474121094,33.540000915527344,33.869998931884766,33.54999923706055,3700,33.54999923706055
2020-10-09,33.08000183105469,32.470001220703125,33.08000183105469,32.61000061035156,12300,32.61000061035156
2020-10-12,32.5099983215332,32.10200119018555,32.18000030517578,32.29999923706055,22900,32.29999923706055
2020-10-13,32.7599983215332,32.220001220703125,32.52899932861328,32.33000183105469,18400,32.33000183105469
2020-10-14,32.52000045776367,31.836999893188477,32.52000045776367,32.16600036621094,19500,32.16600036621094
2020-10-15,32.81999969482422,32.220001220703125,32.650001525878906,32.220001220703125,15900,32.220001220703125
2020-10-16,32.4370002746582,31.861000061035156,32.220001220703125,32.4370002746582,5300,32.4370002746582
2020-10-19,33.349998474121094,32.35499954223633,32.35499954223633,33.27299880981445,16600,33.27299880981445
2020-10-20,33.130001068115234,32.470001220703125,33.130001068115234,32.970001220703125,13000,32.970001220703125
2020-10-21,33.040000915527344,32.36000061035156,32.90999984741211,32.47999954223633,7800,32.47999954223633
2020-10-22,32.61000061035156,32.119998931884766,32.61000061035156,32.29999923706055,9900,32.29999923706055
2020-10-23,32.400001525878906,32.0,32.0,32.3129997253418,6800,32.3129997253418
2020-10-26,34.02000045776367,32.5,32.59000015258789,33.68000030517578,16300,33.68000030517578
2020-10-27,33.856998443603516,33.52000045776367,33.56999969482422,33.696998596191406,9900,33.696998596191406
2020-10-28,36.099998474121094,34.81999969482422,34.95000076293945,35.59000015258789,59700,35.59000015258789
2020-10-29,35.470001220703125,33.84000015258789,35.470001220703125,34.220001220703125,18200,34.220001220703125
2020-10-30,35.15999984741211,34.65999984741211,34.709999084472656,34.86000061035156,26500,34.86000061035156
2020-11-02,34.130001068115234,33.61000061035156,33.939998626708984,33.9900016784668,32200,33.9900016784668
2020-11-03,33.54999923706055,33.040000915527344,33.54999923706055,33.130001068115234,18700,33.130001068115234
2020-11-04,32.45000076293945,31.43000030517578,32.36000061035156,32.45000076293945,66700,32.45000076293945
2020-11-05,32.439998626708984,31.8799991607666,31.8799991607666,32.40999984741211,15900,32.40999984741211
2020-11-06,32.459999084472656,31.520000457763672,32.459999084472656,31.950000762939453,26700,31.950000762939453
2020-11-09,30.3799991607666,29.280000686645508,30.15999984741211,30.100000381469727,100900,30.100000381469727
2020-11-10,30.610000610351562,29.889999389648438,30.040000915527344,30.3799991607666,31000,30.3799991607666
2020-11-11,30.420000076293945,29.93000030517578,29.959999084472656,30.200000762939453,23600,30.200000762939453
2020-11-12,31.25,30.059999465942383,30.239999771118164,31.25,14800,31.25
2020-11-13,30.579999923706055,30.079999923706055,30.540000915527344,30.110000610351562,12700,30.110000610351562
2020-11-16,30.559999465942383,30.040000915527344,30.040000915527344,30.559999465942383,11300,30.559999465942383
2020-11-17,30.959999084472656,30.229999542236328,30.799999237060547,30.280000686645508,9900,30.280000686645508
2020-11-18,31.149999618530273,30.200000762939453,30.200000762939453,31.149999618530273,13100,31.149999618530273
2020-11-19,31.100000381469727,30.65999984741211,31.010000228881836,30.920000076293945,21400,30.920000076293945
2020-11-20,30.979999542236328,30.40999984741211,30.81999969482422,30.979999542236328,42500,30.979999542236328
2020-11-23,30.93000030517578,30.389999389648438,30.920000076293945,30.729999542236328,128800,30.729999542236328
2020-11-24,30.75,30.3799991607666,30.3799991607666,30.709999084472656,86500,30.709999084472656
2020-11-25,30.65999984741211,30.239999771118164,30.655000686645508,30.239999771118164,46700,30.239999771118164
2020-11-27,30.336000442504883,29.8700008392334,30.100000381469727,30.260000228881836,47900,30.260000228881836
2020-11-30,30.81999969482422,30.011999130249023,30.440000534057617,30.040000915527344,78700,30.040000915527344
2020-12-01,30.200000762939453,29.649999618530273,30.030000686645508,30.100000381469727,64800,30.100000381469727
2020-12-02,30.280000686645508,29.7549991607666,30.280000686645508,30.158000946044922,9000,30.158000946044922
2020-12-03,30.235000610351562,29.885000228881836,29.885000228881836,30.235000610351562,7000,30.235000610351562
2020-12-04,30.110000610351562,30.0,30.0,30.040000915527344,5400,30.040000915527344
2020-12-07,30.56999969482422,30.18000030517578,30.56999969482422,30.209999084472656,7900,30.209999084472656
2020-12-08,30.540000915527344,29.899999618530273,30.530000686645508,29.954999923706055,15200,29.954999923706055
2020-12-09,30.540000915527344,29.770000457763672,29.770000457763672,30.469999313354492,5000,30.469999313354492
2020-12-10,30.780000686645508,30.350000381469727,30.729999542236328,30.690000534057617,6300,30.690000534057617
2020-12-11,31.649999618530273,30.950000762939453,30.950000762939453,31.43000030517578,34100,31.43000030517578
2020-12-14,31.511999130249023,30.878000259399414,31.079999923706055,31.511999130249023,5700,31.511999130249023
2020-12-15,31.549999237060547,31.18000030517578,31.469999313354492,31.3799991607666,33600,31.3799991607666
2020-12-16,31.5,30.799999237060547,31.5,30.799999237060547,16900,30.799999237060547
2020-12-17,31.100000381469727,30.65999984741211,30.989999771118164,30.65999984741211,59100,30.65999984741211
2020-12-18,31.389999389648438,30.850000381469727,30.93000030517578,31.049999237060547,19300,31.049999237060547
2020-12-21,33.040000915527344,31.579999923706055,33.040000915527344,31.579999923706055,63600,31.579999923706055
2020-12-22,31.809999465942383,31.459999084472656,31.809999465942383,31.649999618530273,23700,31.649999618530273
2020-12-23,31.469999313354492,30.780000686645508,31.31999969482422,30.885000228881836,20100,30.885000228881836
2020-12-24,30.959999084472656,30.527000427246094,30.81999969482422,30.959999084472656,6900,30.959999084472656
2020-12-28,30.920000076293945,30.375,30.920000076293945,30.520000457763672,3500,30.520000457763672
2020-12-29,31.479999542236328,30.240999221801758,30.34000015258789,31.360000610351562,50500,31.360000610351562
2020-12-30,31.25,30.6299991607666,31.25,30.719999313354492,5400,30.719999313354492
2020-12-31,30.850000381469727,30.299999237060547,30.68000030517578,30.770000457763672,9300,30.770000457763672
2021-01-04,32.060001373291016,30.520000457763672,30.520000457763672,31.65999984741211,40500,31.65999984741211
2021-01-05,32.11000061035156,30.90999984741211,32.11000061035156,31.0,21600,31.0
2021-01-06,31.139999389648438,30.18000030517578,30.760000228881836,30.739999771118164,15700,30.739999771118164
2021-01-07,30.479999542236328,30.079999923706055,30.469999313354492,30.31999969482422,110800,30.31999969482422
2021-01-08,30.690000534057617,30.100000381469727,30.100000381469727,30.288000106811523,6900,30.288000106811523
2021-01-11,31.40999984741211,30.59000015258789,30.920000076293945,31.40999984741211,23300,31.40999984741211
2021-01-12,31.56999969482422,30.93000030517578,31.184999465942383,30.93000030517578,12500,30.93000030517578
2021-01-13,31.27400016784668,30.780000686645508,31.100000381469727,30.90999984741211,8500,30.90999984741211
2021-01-14,31.336000442504883,30.639999389648438,30.639999389648438,31.336000442504883,8100,31.336000442504883
2021-01-15,32.310001373291016,31.530000686645508,31.809999465942383,31.989999771118164,9200,31.989999771118164
2021-01-19,31.899999618530273,31.549999237060547,31.690000534057617,31.809999465942383,16100,31.809999465942383
2021-01-20,31.81999969482422,31.700000762939453,31.809999465942383,31.809999465942383,48200,31.809999465942383
2021-01-21,32.150001525878906,31.760000228881836,31.760000228881836,32.0,32300,32.0
2021-01-22,32.529998779296875,32.0,32.33000183105469,32.06999969482422,16500,32.06999969482422
2021-01-25,33.22999954223633,32.34000015258789,32.349998474121094,32.66999816894531,33400,32.66999816894531
2021-01-26,32.91999816894531,32.540000915527344,32.63999938964844,32.880001068115234,53700,32.880001068115234
2021-01-27,35.66999816894531,33.529998779296875,33.529998779296875,35.13999938964844,30000,35.13999938964844
2021-01-28,34.970001220703125,33.97100067138672,34.029998779296875,34.4900016784668,28000,34.4900016784668
2021-01-29,35.9900016784668,34.16999816894531,35.15999984741211,35.70000076293945,29900,35.70000076293945
2021-02-01,36.0,33.59000015258789,33.59000015258789,35.099998474121094,28000,35.099998474121094
2021-02-02,34.48099899291992,34.00199890136719,34.29999923706055,34.130001068115234,17600,34.130001068115234
2021-02-03,33.89099884033203,33.400001525878906,33.5,33.5,31500,33.5
2021-02-04,33.290000915527344,32.95000076293945,33.11000061035156,33.25,6400,33.25
2021-02-05,33.45000076293945,33.04999923706055,33.06999969482422,33.290000915527344,31100,33.290000915527344
2021-02-08,33.58000183105469,33.290000915527344,33.400001525878906,33.470001220703125,12800,33.470001220703125
2021-02-09,33.900001525878906,33.619998931884766,33.845001220703125,33.900001525878906,15400,33.900001525878906
2021-02-10,34.58000183105469,33.900001525878906,34.0,34.5099983215332,32200,34.5099983215332
2021-02-11,34.83000183105469,34.209999084472656,34.209999084472656,34.41999816894531,23000,34.41999816894531
2021-02-12,34.7599983215332,34.2599983215332,34.619998931884766,34.45500183105469,27800,34.45500183105469
2021-02-16,34.900001525878906,34.349998474121094,34.47999954223633,34.900001525878906,69900,34.900001525878906
2021-02-17,35.66999816894531,34.939998626708984,35.33000183105469,34.9900016784668,33400,34.9900016784668
2021-02-18,35.52000045776367,34.939998626708984,35.52000045776367,35.220001220703125,24900,35.220001220703125
2021-02-19,35.2400016784668,34.70000076293945,35.209999084472656,35.040000915527344,48500,35.040000915527344
2021-02-22,35.56999969482422,34.93899917602539,35.16999816894531,35.56999969482422,18500,35.56999969482422
2021-02-23,36.13999938964844,34.900001525878906,35.65999984741211,35.11000061035156,30200,35.11000061035156
2021-02-24,35.38999938964844,34.0099983215332,35.09000015258789,34.09000015258789,26400,34.09000015258789
2021-02-25,35.720001220703125,34.11000061035156,34.2599983215332,35.2599983215332,45700,35.2599983215332
2021-02-26,35.189998626708984,34.345001220703125,34.65999984741211,34.63999938964844,22000,34.63999938964844
2021-03-01,33.7859992980957,33.310001373291016,33.78499984741211,33.54999923706055,20600,33.54999923706055
2021-03-02,34.150001525878906,33.619998931884766,33.630001068115234,34.09000015258789,6800,34.09000015258789
2021-03-03,34.54999923706055,33.90999984741211,34.185001373291016,34.540000915527344,29600,34.540000915527344
2021-03-04,35.38999938964844,34.029998779296875,34.63999938964844,35.09000015258789,17100,35.09000015258789
2021-03-05,34.99100112915039,33.66600036621094,34.95000076293945,33.90999984741211,133100,33.90999984741211
2021-03-08,34.29999923706055,33.560001373291016,33.900001525878906,34.25,18200,34.25
2021-03-09,34.01599884033203,33.44200134277344,33.869998931884766,34.0,75500,34.0
2021-03-10,33.810001373291016,33.45000076293945,33.45000076293945,33.75,9300,33.75
2021-03-11,33.619998931884766,33.209999084472656,33.61000061035156,33.400001525878906,5200,33.400001525878906
2021-03-12,33.709999084472656,33.474998474121094,33.709999084472656,33.529998779296875,14200,33.529998779296875
2021-03-15,33.560001373291016,32.90999984741211,33.560001373291016,32.959999084472656,22300,32.959999084472656
2021-03-16,32.93000030517578,32.09000015258789,32.93000030517578,32.779998779296875,91900,32.779998779296875
2021-03-17,32.939998626708984,31.969999313354492,32.88999938964844,32.0099983215332,15700,32.0099983215332
2021-03-18,32.15299987792969,31.93000030517578,31.979999542236328,32.040000915527344,13200,32.040000915527344
2021-03-19,32.558998107910156,31.920000076293945,32.16999816894531,32.189998626708984,11900,32.189998626708984
2021-03-22,32.20000076293945,30.90999984741211,32.15999984741211,30.90999984741211,39000,30.90999984741211
2021-03-23,31.40999984741211,30.899999618530273,30.90999984741211,31.1200008392334,11400,31.1200008392334
2021-03-24,31.280000686645508,30.799999237060547,30.959999084472656,31.270000457763672,12100,31.270000457763672
2021-03-25,31.65999984741211,30.663000106811523,31.219999313354492,30.719999313354492,15800,30.719999313354492
2021-03-26,30.479999542236328,29.957000732421875,30.479999542236328,30.190000534057617,10900,30.190000534057617
2021-03-29,30.729999542236328,30.040000915527344,30.3700008392334,30.1200008392334,7400,30.1200008392334
2021-03-30,29.98900032043457,29.231000900268555,29.98900032043457,29.290000915527344,48700,29.290000915527344
2021-03-31,29.270000457763672,28.899999618530273,29.1200008392334,28.989999771118164,9300,28.989999771118164
2021-04-01,28.989999771118164,28.600000381469727,28.959999084472656,28.68000030517578,21600,28.68000030517578
2021-04-05,28.440000534057617,28.100000381469727,28.31999969482422,28.100000381469727,12800,28.100000381469727
2021-04-06,28.23900032043457,27.920000076293945,28.06999969482422,27.969999313354492,18500,27.969999313354492
2021-04-07,28.100000381469727,27.709999084472656,28.049999237060547,27.829999923706055,31300,27.829999923706055
2021-04-08,28.0,27.610000610351562,27.610000610351562,27.770000457763672,6700,27.770000457763672
2021-04-09,28.170000076293945,27.75,27.950000762939453,27.940000534057617,14600,27.940000534057617
2021-04-12,28.309999465942383,27.809999465942383,28.170000076293945,27.8700008392334,11700,27.8700008392334
2021-04-13,28.049999237060547,27.84000015258789,27.8700008392334,28.049999237060547,9300,28.049999237060547
2021-04-14,28.309999465942383,28.030000686645508,28.1299991607666,28.256999969482422,7000,28.256999969482422
2021-04-15,28.030000686645508,27.709999084472656,28.020000457763672,28.030000686645508,10900,28.030000686645508
2021-04-16,28.239999771118164,27.829999923706055,28.18000030517578,28.0,11500,28.0
2021-04-19,28.700000762939453,27.850000381469727,27.850000381469727,28.34000015258789,15800,28.34000015258789
2021-04-20,29.170000076293945,28.450000762939453,28.450000762939453,28.860000610351562,13400,28.860000610351562
2021-04-21,29.09000015258789,28.309999465942383,29.09000015258789,28.450000762939453,4500,28.450000762939453
2021-04-22,29.110000610351562,28.200000762939453,28.309999465942383,28.969999313354492,11600,28.969999313354492
2021-04-23,29.010000228881836,28.67099952697754,28.959999084472656,28.75,6200,28.75
2021-04-26,28.760000228881836,28.540000915527344,28.760000228881836,28.639999389648438,3900,28.639999389648438
2021-04-27,28.8700008392334,28.18000030517578,28.639999389648438,28.18000030517578,18500,28.18000030517578
2021-04-28,28.26099967956543,28.100000381469727,28.149999618530273,28.26099967956543,5600,28.26099967956543
2021-04-29,28.43000030517578,27.969999313354492,27.969999313354492,28.190000534057617,5800,28.190000534057617
2021-04-30,28.579999923706055,28.219999313354492,28.329999923706055,28.579999923706055,11300,28.579999923706055
2021-05-03,28.469999313354492,28.010000228881836,28.469999313354492,28.170000076293945,32000,28.170000076293945
2021-05-04,28.915000915527344,28.34000015258789,28.34000015258789,28.51300048828125,14500,28.51300048828125
2021-05-05,28.349000930786133,27.950000762939453,28.200000762939453,28.149999618530273,14000,28.149999618530273
2021-05-06,28.25,28.07900047302246,28.139999389648438,28.07900047302246,4600,28.07900047302246
2021-05-07,28.200000762939453,27.570999145507812,28.200000762939453,27.579999923706055,12100,27.579999923706055
2021-05-10,27.913999557495117,27.209999084472656,27.540000915527344,27.913999557495117,17300,27.913999557495117
2021-05-11,28.969999313354492,28.239999771118164,28.43000030517578,28.889999389648438,23900,28.889999389648438
2021-05-12,31.079999923706055,29.290000915527344,29.290000915527344,30.760000228881836,30700,30.760000228881836
2021-05-13,30.229999542236328,29.200000762939453,30.049999237060547,29.399999618530273,12700,29.399999618530273
2021-05-14,28.739999771118164,27.68000030517578,28.670000076293945,27.739999771118164,25500,27.739999771118164
2021-05-17,28.809999465942383,27.950000762939453,28.020000457763672,28.520000457763672,7800,28.520000457763672
2021-05-18,29.15999984741211,28.020000457763672,28.299999237060547,29.15999984741211,6100,29.15999984741211
2021-05-19,30.709999084472656,29.309999465942383,29.719999313354492,29.309999465942383,24700,29.309999465942383
2021-05-20,29.031999588012695,28.68000030517578,29.0,28.729999542236328,5400,28.729999542236328
2021-05-21,28.610000610351562,28.290000915527344,28.42099952697754,28.549999237060547,9900,28.549999237060547
2021-05-24,28.170000076293945,27.68899917602539,28.170000076293945,27.829999923706055,13700,27.829999923706055
2021-05-25,28.09000015258789,27.799999237060547,27.799999237060547,28.030000686645508,4900,28.030000686645508
2021-05-26,27.788999557495117,27.309999465942383,27.788999557495117,27.469999313354492,7100,27.469999313354492
2021-05-27,27.40999984741211,26.68000030517578,27.290000915527344,26.809999465942383,13200,26.809999465942383
2021-05-28,26.920000076293945,26.510000228881836,26.610000610351562,26.90999984741211,27700,26.90999984741211
2021-06-01,27.1200008392334,26.549999237060547,26.68000030517578,27.06999969482422,14900,27.06999969482422
2021-06-02,27.209999084472656,26.75,26.959999084472656,27.190000534057617,10800,27.190000534057617
2021-06-03,27.56999969482422,27.200000762939453,27.540000915527344,27.399999618530273,9300,27.399999618530273
2021-06-04,27.010000228881836,26.739999771118164,26.989999771118164,26.780000686645508,15100,26.780000686645508
2021-06-07,26.889999389648438,26.520000457763672,26.8700008392334,26.520000457763672,3800,26.520000457763672
2021-06-08,26.809999465942383,26.34000015258789,26.360000610351562,26.489999771118164,19800,26.489999771118164
2021-06-09,26.84000015258789,26.540000915527344,26.75,26.790000915527344,46000,26.790000915527344
2021-06-10,26.59000015258789,25.739999771118164,26.59000015258789,25.760000228881836,45700,25.760000228881836
2021-06-11,25.6299991607666,25.389999389648438,25.6299991607666,25.530000686645508,7800,25.530000686645508
2021-06-14,25.920000076293945,25.469999313354492,25.670000076293945,25.68000030517578,13000,25.68000030517578
2021-06-15,26.1299991607666,25.780000686645508,25.861000061035156,25.920000076293945,10900,25.920000076293945
2021-06-16,26.190000534057617,25.638999938964844,25.700000762939453,26.030000686645508,11000,26.030000686645508
2021-06-17,26.030000686645508,25.59000015258789,25.809999465942383,25.799999237060547,22200,25.799999237060547
2021-06-18,26.80900001525879,26.195999145507812,26.59000015258789,26.68000030517578,16600,26.68000030517578
2021-06-21,26.530000686645508,25.899999618530273,26.350000381469727,26.128000259399414,22000,26.128000259399414
2021-06-22,26.3700008392334,25.81999969482422,26.354999542236328,25.81999969482422,11500,25.81999969482422
2021-06-23,25.6200008392334,25.350000381469727,25.5,25.579999923706055,8600,25.579999923706055
2021-06-24,25.350000381469727,25.111000061035156,25.219999313354492,25.309999465942383,10800,25.309999465942383
2021-06-25,25.459999084472656,25.219999313354492,25.270000457763672,25.325000762939453,7500,25.325000762939453
2021-06-28,25.3799991607666,25.010000228881836,25.1200008392334,25.222999572753906,13300,25.222999572753906
2021-06-29,25.530000686645508,25.079999923706055,25.079999923706055,25.5,7900,25.5
2021-06-30,25.700000762939453,25.34000015258789,25.540000915527344,25.610000610351562,4500,25.610000610351562
2021-07-01,25.540000915527344,25.360000610351562,25.360000610351562,25.450000762939453,12000,25.450000762939453
2021-07-02,25.469999313354492,24.969999313354492,25.200000762939453,25.469999313354492,17100,25.469999313354492
2021-07-06,25.90999984741211,25.350000381469727,25.3700008392334,25.510000228881836,17900,25.510000228881836
2021-07-07,25.739999771118164,25.600000381469727,25.736000061035156,25.649999618530273,44500,25.649999618530273
2021-07-08,26.68000030517578,26.06999969482422,26.610000610351562,26.190000534057617,40500,26.190000534057617
2021-07-09,25.843000411987305,25.479999542236328,25.843000411987305,25.719999313354492,15900,25.719999313354492
2021-07-12,25.950000762939453,25.770000457763672,25.829999923706055,25.950000762939453,6300,25.950000762939453
2021-07-13,26.260000228881836,25.635000228881836,25.8700008392334,26.209999084472656,6900,26.209999084472656
2021-07-14,26.31999969482422,25.829999923706055,25.8700008392334,26.111000061035156,8200,26.111000061035156
2021-07-15,26.600000381469727,26.040000915527344,26.52899932861328,26.040000915527344,10300,26.040000915527344
2021-07-16,26.420000076293945,25.701000213623047,25.829999923706055,26.3799991607666,7800,26.3799991607666
2021-07-19,27.68000030517578,26.8799991607666,26.8799991607666,27.360000610351562,77900,27.360000610351562
2021-07-20,27.350000381469727,26.719999313354492,27.270000457763672,26.989999771118164,21300,26.989999771118164
2021-07-21,26.600000381469727,26.3799991607666,26.399999618530273,26.3799991607666,7300,26.3799991607666
2021-07-22,26.280000686645508,25.940000534057617,26.200000762939453,25.940000534057617,18900,25.940000534057617
2021-07-23,26.09000015258789,25.8700008392334,25.8700008392334,25.93000030517578,4600,25.93000030517578
2021-07-26,26.280000686645508,26.1299991607666,26.18000030517578,26.260000228881836,19300,26.260000228881836
2021-07-27,26.950000762939453,26.450000762939453,26.450000762939453,26.6200008392334,12200,26.6200008392334
2021-07-28,26.68000030517578,26.350000381469727,26.599000930786133,26.350000381469727,8000,26.350000381469727
2021-07-29,26.239999771118164,26.100000381469727,26.219999313354492,26.170000076293945,5900,26.170000076293945
2021-07-30,26.59000015258789,26.2549991607666,26.5,26.59000015258789,11400,26.59000015258789
2021-08-02,26.989999771118164,26.389999389648438,26.389999389648438,26.989999771118164,11000,26.989999771118164
2021-08-03,27.100000381469727,26.450000762939453,26.94499969482422,26.549999237060547,6000,26.549999237060547
2021-08-04,26.729999542236328,26.420000076293945,26.6200008392334,26.530000686645508,7200,26.530000686645508
2021-08-05,26.5,26.219999313354492,26.5,26.25,8400,26.25
2021-08-06,26.235000610351562,25.950000762939453,26.07900047302246,26.059999465942383,9000,26.059999465942383
2021-08-09,26.299999237060547,26.0,26.299999237060547,26.065000534057617,14700,26.065000534057617
2021-08-10,26.040000915527344,25.8799991607666,25.93899917602539,25.9689998626709,2900,25.9689998626709
2021-08-11,25.940000534057617,25.540000915527344,25.940000534057617,25.540000915527344,12200,25.540000915527344
2021-08-12,25.548999786376953,25.079999923706055,25.548999786376953,25.309999465942383,10500,25.309999465942383
2021-08-13,25.579999923706055,25.08099937438965,25.184999465942383,25.579999923706055,48200,25.579999923706055
2021-08-16,25.8799991607666,25.459999084472656,25.739999771118164,25.489999771118164,65100,25.489999771118164
2021-08-17,26.14900016784668,25.649999618530273,25.649999618530273,25.84000015258789,93100,25.84000015258789
2021-08-18,26.700000762939453,25.920000076293945,26.1299991607666,26.68000030517578,75400,26.68000030517578
2021-08-19,26.999000549316406,26.469999313354492,26.989999771118164,26.65999984741211,39700,26.65999984741211
2021-08-20,26.579999923706055,26.1200008392334,26.579999923706055,26.219999313354492,15000,26.219999313354492
2021-08-23,26.010000228881836,25.790000915527344,26.010000228881836,25.989999771118164,11600,25.989999771118164
2021-08-24,26.110000610351562,25.8700008392334,25.8700008392334,26.020000457763672,4700,26.020000457763672
2021-08-25,26.010000228881836,25.709999084472656,26.000999450683594,25.780000686645508,20900,25.780000686645508
2021-08-26,26.34000015258789,25.899999618530273,25.950000762939453,26.170000076293945,7200,26.170000076293945
2021-08-27,25.969999313354492,25.5,25.969999313354492,25.600000381469727,17500,25.600000381469727
2021-08-30,25.6200008392334,25.3799991607666,25.510000228881836,25.540000915527344,9000,25.540000915527344
2021-08-31,25.729999542236328,25.549999237060547,25.59000015258789,25.639999389648438,12900,25.639999389648438
2021-09-01,25.559999465942383,25.25,25.559999465942383,25.3799991607666,13000,25.3799991607666
2021-09-02,25.520000457763672,25.3799991607666,25.3799991607666,25.3799991607666,4000,25.3799991607666
2021-09-03,25.65999984741211,25.399999618530273,25.65999984741211,25.59000015258789,13800,25.59000015258789
2021-09-07,25.93000030517578,25.6299991607666,25.6299991607666,25.84000015258789,24100,25.84000015258789
2021-09-08,26.288000106811523,25.90999984741211,26.1200008392334,25.90999984741211,48600,25.90999984741211
2021-09-09,26.219999313354492,25.780000686645508,26.079999923706055,26.219999313354492,10600,26.219999313354492
2021-09-10,26.610000610351562,25.829999923706055,25.829999923706055,26.540000915527344,9800,26.540000915527344
2021-09-13,26.610000610351562,26.15999984741211,26.219999313354492,26.360000610351562,11400,26.360000610351562
2021-09-14,26.739999771118164,26.44499969482422,26.44499969482422,26.5,24900,26.5
2021-09-15,26.549999237060547,26.010000228881836,26.440000534057617,26.209999084472656,21300,26.209999084472656
2021-09-16,26.440000534057617,25.969999313354492,26.209999084472656,26.1299991607666,9000,26.1299991607666
2021-09-17,26.600000381469727,26.219999313354492,26.219999313354492,26.600000381469727,12200,26.600000381469727
2021-09-20,28.299999237060547,27.229999542236328,27.440000534057617,27.579999923706055,302400,27.579999923706055
2021-09-21,27.719999313354492,26.950000762939453,27.239999771118164,27.079999923706055,50600,27.079999923706055
2021-09-22,26.8799991607666,26.280000686645508,26.84000015258789,26.489999771118164,61300,26.489999771118164
2021-09-23,26.209999084472656,25.899999618530273,26.1299991607666,25.950000762939453,24700,25.950000762939453
2021-09-24,26.139999389648438,25.729999542236328,26.1200008392334,25.790000915527344,30500,25.790000915527344
2021-09-27,25.889999389648438,25.510000228881836,25.6299991607666,25.8799991607666,50900,25.8799991607666
2021-09-28,26.950000762939453,26.190000534057617,26.229999542236328,26.760000228881836,30200,26.760000228881836
2021-09-29,26.969999313354492,26.610000610351562,26.649999618530273,26.950000762939453,20200,26.950000762939453
2021-09-30,27.200000762939453,26.559999465942383,26.709999084472656,27.049999237060547,20400,27.049999237060547
2021-10-01,27.020999908447266,26.40999984741211,26.799999237060547,26.739999771118164,9200,26.739999771118164
2021-10-04,27.350000381469727,26.649999618530273,26.739999771118164,27.18000030517578,37500,27.18000030517578
2021-10-05,27.1200008392334,26.56999969482422,27.100000381469727,26.760000228881836,32000,26.760000228881836
2021-10-06,27.309999465942383,26.6299991607666,26.979999542236328,26.6299991607666,55000,26.6299991607666
2021-10-07,26.434999465942383,26.239999771118164,26.3799991607666,26.270000457763672,33500,26.270000457763672
2021-10-08,26.420000076293945,26.049999237060547,26.170000076293945,26.329999923706055,33600,26.329999923706055
2021-10-11,26.440000534057617,26.049999237060547,26.43000030517578,26.440000534057617,20800,26.440000534057617
2021-10-12,26.3700008392334,26.040000915527344,26.23200035095215,26.040000915527344,3800,26.040000915527344
2021-10-13,26.110000610351562,25.8700008392334,26.0,25.93000030517578,6000,25.93000030517578
2021-10-14,25.670000076293945,25.309999465942383,25.670000076293945,25.3700008392334,19600,25.3700008392334
2021-10-15,25.68000030517578,25.170000076293945,25.190000534057617,25.639999389648438,32600,25.639999389648438
2021-10-18,25.8799991607666,25.610000610351562,25.84000015258789,25.84000015258789,75800,25.84000015258789
2021-10-19,25.770000457763672,25.540000915527344,25.729999542236328,25.709999084472656,37500,25.709999084472656
2021-10-20,25.75,25.520000457763672,25.68000030517578,25.540000915527344,16300,25.540000915527344
2021-10-21,25.499000549316406,25.229000091552734,25.499000549316406,25.290000915527344,4500,25.290000915527344
2021-10-22,25.59000015258789,25.190000534057617,25.219999313354492,25.479999542236328,13800,25.479999542236328
2021-10-25,25.610000610351562,25.020000457763672,25.520000457763672,25.06999969482422,20000,25.06999969482422
2021-10-26,25.43000030517578,24.860000610351562,24.969999313354492,25.219999313354492,24700,25.219999313354492
2021-10-27,25.6200008392334,25.065000534057617,25.204999923706055,25.59000015258789,6100,25.59000015258789
2021-10-28,25.3700008392334,25.15999984741211,25.350000381469727,25.219999313354492,3500,25.219999313354492
2021-10-29,25.530000686645508,25.309999465942383,25.489999771118164,25.5,6400,25.5
2021-11-01,25.6299991607666,25.329999923706055,25.389999389648438,25.389999389648438,10300,25.389999389648438
2021-11-02,25.329999923706055,25.059999465942383,25.280000686645508,25.059999465942383,13200,25.059999465942383
2021-11-03,25.1299991607666,24.639999389648438,25.059999465942383,24.690000534057617,19000,24.690000534057617
2021-11-04,24.950000762939453,24.579999923706055,24.579999923706055,24.950000762939453,7500,24.950000762939453
2021-11-05,25.229999542236328,24.857999801635742,24.857999801635742,25.219999313354492,14300,25.219999313354492
2021-11-08,25.399999618530273,25.079999923706055,25.09000015258789,25.3700008392334,9300,25.3700008392334
2021-11-09,25.760000228881836,25.5,25.5,25.610000610351562,11500,25.610000610351562
2021-11-10,25.75,25.280000686645508,25.709999084472656,25.6299991607666,4000,25.6299991607666
2021-11-11,25.510000228881836,25.19499969482422,25.489999771118164,25.329999923706055,4400,25.329999923706055
2021-11-12,25.239999771118164,25.0,25.200000762939453,25.200000762939453,4000,25.200000762939453
2021-11-15,25.559999465942383,25.09000015258789,25.09000015258789,25.350000381469727,5300,25.350000381469727
2021-11-16,25.459999084472656,25.299999237060547,25.309999465942383,25.459999084472656,3400,25.459999084472656
2021-11-17,25.8799991607666,25.40999984741211,25.40999984741211,25.850000381469727,7800,25.850000381469727
2021-11-18,26.09000015258789,25.68000030517578,25.850000381469727,25.920000076293945,5700,25.920000076293945
2021-11-19,26.06999969482422,25.799999237060547,26.059999465942383,25.860000610351562,6200,25.860000610351562
2021-11-22,26.100000381469727,25.65999984741211,25.68000030517578,26.100000381469727,7900,26.100000381469727
2021-11-23,26.290000915527344,25.760000228881836,26.190000534057617,25.760000228881836,13000,25.760000228881836
2021-11-24,26.219999313354492,25.700000762939453,26.09000015258789,25.700000762939453,6000,25.700000762939453
2021-11-26,28.31999969482422,26.5,26.729999542236328,27.549999237060547,65800,27.549999237060547
2021-11-29,26.850000381469727,26.110000610351562,26.75,26.260000228881836,104200,26.260000228881836
2021-11-30,27.780000686645508,26.68000030517578,26.719999313354492,27.729999542236328,61100,27.729999542236328
2021-12-01,28.309999465942383,26.510000228881836,26.950000762939453,28.25,32000,28.25
2021-12-02,28.260000228881836,27.489999771118164,28.06999969482422,27.639999389648438,60700,27.639999389648438
2021-12-03,29.149999618530273,27.43000030517578,27.520000457763672,28.709999084472656,42800,28.709999084472656
2021-12-06,28.43000030517578,27.6299991607666,28.190000534057617,27.6299991607666,41500,27.6299991607666
2021-12-07,27.049999237060547,26.229999542236328,27.049999237060547,26.459999084472656,33600,26.459999084472656
2021-12-08,26.389999389648438,25.96500015258789,26.25,26.209999084472656,67600,26.209999084472656
2021-12-09,26.329999923706055,25.979999542236328,26.084999084472656,26.329999923706055,13300,26.329999923706055
2021-12-10,26.110000610351562,25.780000686645508,25.93000030517578,25.90999984741211,17400,25.90999984741211
2021-12-13,26.649999618530273,26.1200008392334,26.1200008392334,26.649999618530273,21400,26.649999618530273
2021-12-14,27.239999771118164,26.709999084472656,26.860000610351562,26.829999923706055,20300,26.829999923706055
2021-12-15,27.229999542236328,25.920000076293945,27.049999237060547,25.93000030517578,218100,25.93000030517578
2021-12-16,26.649999618530273,26.0,26.02899932861328,26.59000015258789,12200,26.59000015258789
2021-12-17,27.139999389648438,26.621000289916992,26.899999618530273,27.1299991607666,20200,27.1299991607666
2021-12-20,28.1200008392334,27.1299991607666,27.889999389648438,27.190000534057617,27300,27.190000534057617
2021-12-21,27.020000457763672,26.639999389648438,26.979999542236328,26.760000228881836,18500,26.760000228881836
2021-12-22,26.670000076293945,26.3799991607666,26.540000915527344,26.3799991607666,15300,26.3799991607666
2021-12-23,26.43000030517578,26.18000030517578,26.18000030517578,26.43000030517578,32700,26.43000030517578
2021-12-27,26.3700008392334,26.1200008392334,26.229999542236328,26.1200008392334,4800,26.1200008392334
2021-12-28,26.15999984741211,25.93000030517578,26.1299991607666,26.0,21500,26.0
2021-12-29,26.0,25.559999465942383,26.0,25.617000579833984,18000,25.617000579833984
2021-12-30,25.829999923706055,25.5,25.649999618530273,25.780000686645508,18600,25.780000686645508
2021-12-31,25.81999969482422,25.56999969482422,25.780000686645508,25.729999542236328,18000,25.729999542236328
2022-01-03,25.75,25.3700008392334,25.649999618530273,25.420000076293945,14200,25.420000076293945
2022-01-04,25.56999969482422,25.325000762939453,25.43000030517578,25.420000076293945,10900,25.420000076293945
2022-01-05,26.139999389648438,25.18000030517578,25.520000457763672,26.1299991607666,47100,26.1299991607666
2022-01-06,26.229999542236328,25.790000915527344,26.1299991607666,26.110000610351562,7300,26.110000610351562
2022-01-07,26.0,25.610000610351562,25.979999542236328,25.610000610351562,15800,25.610000610351562
2022-01-10,26.299999237060547,25.25,25.93000030517578,25.260000228881836,18400,25.260000228881836
2022-01-11,25.579999923706055,24.860000610351562,25.399999618530273,24.959999084472656,14100,24.959999084472656
2022-01-12,24.989999771118164,24.639999389648438,24.799999237060547,24.989999771118164,23800,24.989999771118164
2022-01-13,25.530000686645508,24.829999923706055,25.030000686645508,25.5,21100,25.5
2022-01-14,25.829999923706055,25.1200008392334,25.799999237060547,25.149999618530273,38300,25.149999618530273
2022-01-18,25.920000076293945,25.549999237060547,25.690000534057617,25.739999771118164,32000,25.739999771118164
2022-01-19,25.799999237060547,25.31999969482422,25.520000457763672,25.770000457763672,30100,25.770000457763672
2022-01-20,26.020000457763672,25.190000534057617,25.520000457763672,25.959999084472656,61000,25.959999084472656
2022-01-21,26.809999465942383,25.829999923706055,25.969999313354492,26.809999465942383,123500,26.809999465942383
2022-01-24,28.5,26.56999969482422,27.440000534057617,26.56999969482422,128100,26.56999969482422
2022-01-25,27.8799991607666,26.711000442504883,27.350000381469727,26.90999984741211,59200,26.90999984741211
2022-01-26,27.260000228881836,26.079999923706055,26.31999969482422,26.979999542236328,42900,26.979999542236328
2022-01-27,27.360000610351562,26.420000076293945,26.520000457763672,27.100000381469727,14700,27.100000381469727
2022-01-28,27.399999618530273,26.25,27.079999923706055,26.360000610351562,31400,26.360000610351562
2022-01-31,26.594999313354492,25.600000381469727,26.520000457763672,25.639999389648438,31800,25.639999389648438
2022-02-01,25.68000030517578,24.850000381469727,25.489999771118164,24.860000610351562,72700,24.860000610351562
2022-02-02,25.110000610351562,24.780000686645508,24.889999389648438,25.059999465942383,232000,25.059999465942383
2022-02-03,26.34000015258789,25.290000915527344,25.610000610351562,26.280000686645508,123100,26.280000686645508
2022-02-04,26.34600067138672,25.549999237060547,26.15999984741211,26.170000076293945,77600,26.170000076293945
2022-02-07,26.059999465942383,25.489999771118164,26.059999465942383,25.84000015258789,90300,25.84000015258789
2022-02-08,25.799999237060547,25.229999542236328,25.639999389648438,25.329999923706055,55000,25.329999923706055
2022-02-09,25.06999969482422,24.770000457763672,25.0,24.8700008392334,78100,24.8700008392334
2022-02-10,25.950000762939453,24.829999923706055,25.280000686645508,25.729999542236328,54400,25.729999542236328
2022-02-11,26.700000762939453,25.3700008392334,25.469999313354492,26.59000015258789,266200,26.59000015258789
2022-02-14,27.0049991607666,26.31999969482422,26.559999465942383,26.479999542236328,56000,26.479999542236328
2022-02-15,26.030000686645508,25.639999389648438,25.950000762939453,25.670000076293945,60300,25.670000076293945
2022-02-16,26.108999252319336,25.239999771118164,26.09000015258789,25.299999237060547,41900,25.299999237060547
2022-02-17,26.200000762939453,25.739999771118164,25.8799991607666,26.18000030517578,31900,26.18000030517578
2022-02-18,26.600000381469727,26.0,26.110000610351562,26.520000457763672,89200,26.520000457763672
2022-02-22,26.759000778198242,26.1200008392334,26.670000076293945,26.389999389648438,32600,26.389999389648438
2022-02-23,27.149999618530273,26.049999237060547,26.049999237060547,27.1299991607666,17000,27.1299991607666
2022-02-24,28.208999633789062,26.510000228881836,28.200000762939453,26.610000610351562,111300,26.610000610351562
2022-02-25,26.858999252319336,26.049999237060547,26.610000610351562,26.260000228881836,21100,26.260000228881836
2022-02-28,27.40999984741211,26.700000762939453,27.059999465942383,27.040000915527344,40000,27.040000915527344
2022-03-01,28.270000457763672,27.299999237060547,27.3799991607666,28.100000381469727,24900,28.100000381469727
2022-03-02,27.959999084472656,27.219999313354492,27.829999923706055,27.5,172200,27.5
2022-03-03,27.875,27.309999465942383,27.309999465942383,27.7549991607666,60900,27.7549991607666
2022-03-04,28.672000885009766,28.079999923706055,28.459999084472656,28.079999923706055,27800,28.079999923706055
2022-03-07,29.489999771118164,28.260000228881836,28.600000381469727,29.489999771118164,107600,29.489999771118164
2022-03-08,29.860000610351562,28.530000686645508,29.360000610351562,29.510000228881836,167500,29.510000228881836
2022-03-09,29.219999313354492,28.420000076293945,28.719999313354492,29.190000534057617,44000,29.190000534057617
2022-03-10,29.6200008392334,28.899999618530273,29.440000534057617,29.049999237060547,23500,29.049999237060547
2022-03-11,29.200000762939453,28.520000457763672,28.520000457763672,29.200000762939453,66800,29.200000762939453
2022-03-14,30.360000610351562,28.84000015258789,29.049999237060547,29.719999313354492,59800,29.719999313354492
2022-03-15,29.850000381469727,29.020000457763672,29.610000610351562,29.100000381469727,316800,29.100000381469727
2022-03-16,28.950000762939453,28.09000015258789,28.75,28.190000534057617,56000,28.190000534057617
2022-03-17,28.139999389648438,27.579999923706055,28.09000015258789,27.84000015258789,28600,27.84000015258789
2022-03-18,28.05500030517578,27.06800079345703,28.020000457763672,27.06800079345703,66200,27.06800079345703
2022-03-21,27.18000030517578,26.440000534057617,27.06999969482422,27.15999984741211,49300,27.15999984741211
2022-03-22,26.889999389648438,26.68000030517578,26.889999389648438,26.729999542236328,104400,26.729999542236328
2022-03-23,27.059999465942383,26.65999984741211,27.010000228881836,26.729999542236328,40400,26.729999542236328
2022-03-24,26.947999954223633,26.450000762939453,26.8799991607666,26.690000534057617,18100,26.690000534057617
2022-03-25,26.809999465942383,26.31100082397461,26.670000076293945,26.350000381469727,72400,26.350000381469727
2022-03-28,26.702999114990234,26.209999084472656,26.450000762939453,26.25,63600,26.25
2022-03-29,26.200000762939453,25.825000762939453,26.1200008392334,25.84000015258789,57200,25.84000015258789
2022-03-30,26.350000381469727,25.899999618530273,25.90999984741211,26.049999237060547,135300,26.049999237060547
2022-03-31,26.510000228881836,26.18000030517578,26.299999237060547,26.479999542236328,86000,26.479999542236328
2022-04-01,26.614999771118164,26.1200008392334,26.34000015258789,26.329999923706055,30400,26.329999923706055
2022-04-04,26.329999923706055,25.989999771118164,26.29199981689453,25.989999771118164,10400,25.989999771118164
2022-04-05,26.850000381469727,26.06999969482422,26.079999923706055,26.799999237060547,15900,26.799999237060547
2022-04-06,27.461999893188477,26.8700008392334,27.09000015258789,27.049999237060547,59100,27.049999237060547
2022-04-07,27.5,26.799999237060547,27.260000228881836,26.899999618530273,22800,26.899999618530273
2022-04-08,27.100000381469727,26.725000381469727,27.030000686645508,27.0,16500,27.0
2022-04-11,27.549999237060547,27.1200008392334,27.139999389648438,27.540000915527344,127700,27.540000915527344
2022-04-12,27.826000213623047,27.191999435424805,27.450000762939453,27.760000228881836,30600,27.760000228881836
2022-04-13,27.93000030517578,27.094999313354492,27.8799991607666,27.219999313354492,36400,27.219999313354492
2022-04-14,27.549999237060547,26.91200065612793,27.010000228881836,27.549999237060547,40300,27.549999237060547
2022-04-18,27.75,27.489999771118164,27.709999084472656,27.56999969482422,28800,27.56999969482422
2022-04-19,27.649999618530273,26.860000610351562,27.649999618530273,27.020000457763672,20000,27.020000457763672
2022-04-20,26.93000030517578,26.649999618530273,26.790000915527344,26.649999618530273,15800,26.649999618530273
2022-04-21,27.469999313354492,26.3799991607666,26.3799991607666,27.43000030517578,25600,27.43000030517578
2022-04-22,28.579999923706055,27.40999984741211,27.459999084472656,28.440000534057617,121600,28.440000534057617
2022-04-25,28.93000030517578,28.010000228881836,28.540000915527344,28.079999923706055,74700,28.079999923706055
2022-04-26,29.200000762939453,28.360000610351562,28.43000030517578,29.15999984741211,50600,29.15999984741211
2022-04-27,29.219999313354492,28.5,29.110000610351562,29.209999084472656,141800,29.209999084472656
2022-04-28,29.475000381469727,28.5,28.610000610351562,29.469999313354492,74400,29.469999313354492
2022-04-29,29.715999603271484,28.899999618530273,29.15999984741211,29.56999969482422,130300,29.56999969482422
2022-05-02,30.559999465942383,29.31999969482422,29.5,29.510000228881836,133000,29.510000228881836
2022-05-03,29.420000076293945,28.920000076293945,29.309999465942383,28.920000076293945,18800,28.920000076293945
2022-05-04,28.981000900268555,27.56999969482422,28.93000030517578,27.780000686645508,38800,27.780000686645508
2022-05-05,29.969999313354492,27.979999542236328,28.290000915527344,29.90999984741211,56900,29.90999984741211
2022-05-06,30.631000518798828,29.700000762939453,29.8700008392334,29.90999984741211,30100,29.90999984741211
2022-05-09,31.149999618530273,30.260000228881836,30.989999771118164,31.030000686645508,29900,31.030000686645508
2022-05-10,31.209999084472656,30.170000076293945,30.170000076293945,30.770000457763672,24400,30.770000457763672
2022-05-11,30.8799991607666,29.969999313354492,30.8799991607666,30.579999923706055,15100,30.579999923706055
2022-05-12,31.190000534057617,30.09000015258789,30.809999465942383,30.56999969482422,250700,30.56999969482422
2022-05-13,29.969999313354492,29.280000686645508,29.84000015258789,29.559999465942383,228800,29.559999465942383
2022-05-16,29.575000762939453,29.139999389648438,29.389999389648438,29.399999618530273,35900,29.399999618530273
2022-05-17,29.309999465942383,28.729999542236328,28.729999542236328,29.18000030517578,33100,29.18000030517578
2022-05-18,30.639999389648438,29.290000915527344,29.799999237060547,30.639999389648438,30200,30.639999389648438
2022-05-19,31.0,29.670000076293945,30.770000457763672,29.670000076293945,85000,29.670000076293945
2022-05-20,30.899999618530273,29.569000244140625,29.799999237060547,29.889999389648438,40000,29.889999389648438
2022-05-23,30.0,29.459999084472656,29.639999389648438,29.799999237060547,24200,29.799999237060547
2022-05-24,30.530000686645508,29.920000076293945,29.969999313354492,30.020000457763672,71500,30.020000457763672
2022-05-25,30.020000457763672,29.3700008392334,30.020000457763672,29.469999313354492,19100,29.469999313354492
2022-05-26,29.5,29.149999618530273,29.329999923706055,29.40999984741211,15900,29.40999984741211
2022-05-27,29.09000015258789,28.920000076293945,29.0,28.920000076293945,15100,28.920000076293945
2022-05-31,29.6299991607666,28.72100067138672,29.530000686645508,28.809999465942383,26800,28.809999465942383
2022-06-01,29.299999237060547,28.540000915527344,28.559999465942383,28.709999084472656,11500,28.709999084472656
2022-06-02,28.922000885009766,28.219999313354492,28.700000762939453,28.280000686645508,5700,28.280000686645508
2022-06-03,28.75,28.423999786376953,28.660999298095703,28.746000289916992,6300,28.746000289916992
2022-06-06,28.825000762939453,28.43000030517578,28.489999771118164,28.56999969482422,5800,28.56999969482422
2022-06-07,29.170000076293945,28.31999969482422,29.020000457763672,28.31999969482422,3400,28.31999969482422
2022-06-08,28.709999084472656,28.23699951171875,28.489999771118164,28.530000686645508,7200,28.530000686645508
2022-06-09,28.952999114990234,28.5,28.549999237060547,28.889999389648438,13000,28.889999389648438
2022-06-10,30.191999435424805,29.649999618530273,29.850000381469727,29.81999969482422,20100,29.81999969482422
2022-06-13,31.84000015258789,30.700000762939453,31.030000686645508,31.479999542236328,53300,31.479999542236328
2022-06-14,31.770000457763672,31.079999923706055,31.469999313354492,31.1299991607666,41900,31.1299991607666
2022-06-15,30.8799991607666,29.579999923706055,30.8799991607666,30.309999465942383,38700,30.309999465942383
2022-06-16,31.489999771118164,30.799999237060547,30.989999771118164,31.219999313354492,29800,31.219999313354492
2022-06-17,31.190000534057617,30.540000915527344,31.030000686645508,30.639999389648438,16900,30.639999389648438
2022-06-21,30.079999923706055,29.600000381469727,29.899999618530273,30.020000457763672,39000,30.020000457763672
2022-06-22,30.479999542236328,29.690000534057617,30.290000915527344,29.780000686645508,10300,29.780000686645508
2022-06-23,29.920000076293945,29.399999618530273,29.5,29.75,4800,29.75
2022-06-24,29.450000762939453,29.100000381469727,29.299999237060547,29.40999984741211,12400,29.40999984741211
2022-06-27,29.209999084472656,28.899999618530273,29.190000534057617,28.959999084472656,8600,28.959999084472656
2022-06-28,29.559999465942383,28.860000610351562,28.93000030517578,29.34000015258789,21700,29.34000015258789
2022-06-29,29.799999237060547,29.559999465942383,29.790000915527344,29.6299991607666,24200,29.6299991607666
2022-06-30,30.270000457763672,29.799999237060547,29.969999313354492,29.91699981689453,15300,29.91699981689453
2022-07-01,30.100000381469727,29.440000534057617,30.030000686645508,29.440000534057617,9000,29.440000534057617
2022-07-05,30.100000381469727,29.420000076293945,29.979999542236328,29.530000686645508,11200,29.530000686645508
2022-07-06,29.792999267578125,29.299999237060547,29.420000076293945,29.469999313354492,7900,29.469999313354492
2022-07-07,29.25,29.06399917602539,29.239999771118164,29.209999084472656,6300,29.209999084472656
2022-07-08,29.299999237060547,28.905000686645508,29.170000076293945,28.920000076293945,5800,28.920000076293945
2022-07-11,29.469999313354492,29.110000610351562,29.290000915527344,29.43899917602539,8500,29.43899917602539
2022-07-12,29.621999740600586,29.18000030517578,29.5,29.621999740600586,5200,29.621999740600586
2022-07-13,29.90999984741211,29.399999618530273,29.90999984741211,29.617000579833984,4300,29.617000579833984
2022-07-14,30.202999114990234,29.639999389648438,30.149999618530273,29.760000228881836,6700,29.760000228881836
2022-07-15,29.599000930786133,29.15999984741211,29.389999389648438,29.207000732421875,11200,29.207000732421875
2022-07-18,29.700000762939453,28.93000030517578,29.219999313354492,29.652999877929688,10900,29.652999877929688
2022-07-19,29.260000228881836,28.860000610351562,29.260000228881836,28.989999771118164,4900,28.989999771118164
2022-07-20,29.270000457763672,28.899999618530273,29.270000457763672,28.920000076293945,3200,28.920000076293945
2022-07-21,28.959999084472656,28.770000457763672,28.959999084472656,28.770000457763672,700,28.770000457763672
2022-07-22,29.0,28.67099952697754,28.868999481201172,28.90399932861328,9000,28.90399932861328
2022-07-25,28.889999389648438,28.729999542236328,28.729999542236328,28.889999389648438,10100,28.889999389648438
2022-07-26,29.190000534057617,28.899999618530273,28.958999633789062,29.011999130249023,14800,29.011999130249023
2022-07-27,28.610000610351562,28.290000915527344,28.610000610351562,28.450000762939453,32200,28.450000762939453
2022-07-28,28.389999389648438,27.923999786376953,28.309999465942383,27.923999786376953,6000,27.923999786376953
2022-07-29,29.09000015258789,27.430999755859375,29.09000015258789,27.4950008392334,20000,27.4950008392334
2022-08-01,28.0,27.469999313354492,27.540000915527344,27.989999771118164,8300,27.989999771118164
2022-08-02,28.440000534057617,27.739999771118164,28.09000015258789,28.364999771118164,7800,28.364999771118164
2022-08-03,28.020000457763672,27.709999084472656,27.93000030517578,27.73699951171875,28400,27.73699951171875
2022-08-04,28.100000381469727,27.860000610351562,27.889999389648438,28.090999603271484,4500,28.090999603271484
